province;red;green;blue;x;x
1;129;245;198;FU_PROV_1;x
2;185;111;119;FU_PROV_2;x
3;240;233;40;FU_PROV_3;x
4;40;98;217;FU_PROV_4;x
5;95;220;138;FU_PROV_5;x
6;151;86;59;FU_PROV_6;x
7;206;207;236;FU_PROV_7;x
8;6;73;157;FU_PROV_8;x
9;61;195;78;FU_PROV_9;x
10;117;60;255;FU_PROV_10;x
11;172;182;176;FU_PROV_11;x
12;228;48;97;FU_PROV_12;x
13;27;170;18;FU_PROV_13;x
14;83;35;195;FU_PROV_14;x
15;138;157;116;FU_PROV_15;x
16;194;23;37;FU_PROV_16;x
17;249;144;214;FU_PROV_17;x
18;49;10;135;FU_PROV_18;x
19;104;132;56;FU_PROV_19;x
20;159;253;233;FU_PROV_20;x
21;215;119;154;FU_PROV_21;x
22;14;241;75;FU_PROV_22;x
23;70;106;252;FU_PROV_23;x
24;125;228;173;FU_PROV_24;x
25;181;94;94;FU_PROV_25;x
26;236;216;15;FU_PROV_26;x
27;36;81;192;FU_PROV_27;x
28;91;203;113;FU_PROV_28;x
29;147;69;34;FU_PROV_29;x
30;202;190;211;FU_PROV_30;x
31;2;56;132;FU_PROV_31;x
32;57;178;53;FU_PROV_32;x
33;113;43;230;FU_PROV_33;x
34;168;165;151;FU_PROV_34;x
35;224;31;72;FU_PROV_35;x
36;23;152;249;FU_PROV_36;x
37;79;18;170;FU_PROV_37;x
38;134;140;91;FU_PROV_38;x
39;190;6;12;FU_PROV_39;x
40;245;127;189;FU_PROV_40;x
41;44;249;110;FU_PROV_41;x
42;100;115;31;FU_PROV_42;x
43;155;236;208;FU_PROV_43;x
44;211;102;129;FU_PROV_44;x
45;10;224;50;FU_PROV_45;x
46;66;89;227;FU_PROV_46;x
47;121;211;148;FU_PROV_47;x
48;177;77;69;FU_PROV_48;x
49;232;198;246;FU_PROV_49;x
50;32;64;167;FU_PROV_50;x
51;87;186;88;FU_PROV_51;x
52;143;52;9;FU_PROV_52;x
53;198;173;186;FU_PROV_53;x
54;254;39;107;FU_PROV_54;x
55;53;161;28;FU_PROV_55;x
56;109;26;205;FU_PROV_56;x
57;164;148;126;FU_PROV_57;x
58;220;14;47;FU_PROV_58;x
59;19;135;224;FU_PROV_59;x
60;75;1;145;FU_PROV_60;x
61;130;123;66;FU_PROV_61;x
62;185;244;243;FU_PROV_62;x
63;241;110;164;FU_PROV_63;x
64;40;232;85;FU_PROV_64;x
65;96;98;6;FU_PROV_65;x
66;151;219;183;FU_PROV_66;x
67;49;155;210;FU_PROV_67;x
68;6;207;25;FU_PROV_68;x
69;62;72;202;FU_PROV_69;x
70;117;194;123;FU_PROV_70;x
71;173;60;44;FU_PROV_71;x
72;228;181;221;FU_PROV_72;x
73;28;47;142;FU_PROV_73;x
74;83;169;63;FU_PROV_74;x
75;59;205;235;FU_PROV_75;x
76;194;156;161;FU_PROV_76;x
77;250;22;82;FU_PROV_77;x
78;49;144;3;FU_PROV_78;x
79;105;9;180;FU_PROV_79;x
80;160;131;101;FU_PROV_80;x
81;215;253;22;FU_PROV_81;x
82;15;118;199;FU_PROV_82;x
83;70;240;120;FU_PROV_83;x
84;126;106;41;FU_PROV_84;x
85;181;227;218;FU_PROV_85;x
86;237;93;139;FU_PROV_86;x
87;36;215;60;FU_PROV_87;x
88;92;80;237;FU_PROV_88;x
89;147;202;158;FU_PROV_89;x
90;203;68;79;FU_PROV_90;x
91;2;190;0;FU_PROV_91;x
92;58;55;177;FU_PROV_92;x
93;113;177;98;FU_PROV_93;x
94;169;43;19;FU_PROV_94;x
95;224;164;196;FU_PROV_95;x
96;24;30;117;FU_PROV_96;x
97;79;152;38;FU_PROV_97;x
98;135;17;215;FU_PROV_98;x
99;190;139;136;FU_PROV_99;x
100;246;5;57;FU_PROV_100;x
101;45;126;234;FU_PROV_101;x
102;100;248;155;FU_PROV_102;x
103;156;114;76;FU_PROV_103;x
104;211;235;253;FU_PROV_104;x
105;11;101;174;FU_PROV_105;x
106;66;223;95;FU_PROV_106;x
107;122;89;16;FU_PROV_107;x
108;177;210;193;FU_PROV_108;x
109;233;76;114;FU_PROV_109;x
110;32;198;35;FU_PROV_110;x
111;88;63;212;FU_PROV_111;x
112;143;185;133;FU_PROV_112;x
113;199;51;54;FU_PROV_113;x
114;254;172;231;FU_PROV_114;x
115;54;38;152;FU_PROV_115;x
116;109;160;73;FU_PROV_116;x
117;165;25;250;FU_PROV_117;x
118;220;147;171;FU_PROV_118;x
119;20;13;92;FU_PROV_119;x
120;75;135;13;FU_PROV_120;x
121;131;0;190;FU_PROV_121;x
122;186;122;111;FU_PROV_122;x
123;241;244;32;FU_PROV_123;x
124;41;109;209;FU_PROV_124;x
125;96;231;130;FU_PROV_125;x
126;152;97;51;FU_PROV_126;x
127;207;218;228;FU_PROV_127;x
128;7;84;149;FU_PROV_128;x
129;62;206;70;FU_PROV_129;x
130;118;71;247;FU_PROV_130;x
131;173;193;168;FU_PROV_131;x
132;229;59;89;FU_PROV_132;x
133;28;181;10;FU_PROV_133;x
134;84;46;187;FU_PROV_134;x
135;139;168;108;FU_PROV_135;x
136;195;34;29;FU_PROV_136;x
137;250;155;206;FU_PROV_137;x
138;50;21;127;FU_PROV_138;x
139;86;222;226;FU_PROV_139;x
140;161;8;225;FU_PROV_140;x
141;216;130;146;FU_PROV_141;x
142;62;169;185;FU_PROV_142;x
143;71;117;244;FU_PROV_143;x
144;126;239;165;FU_PROV_144;x
145;182;105;86;FU_PROV_145;x
146;237;227;7;FU_PROV_146;x
147;37;92;184;FU_PROV_147;x
148;92;214;105;FU_PROV_148;x
149;148;80;26;FU_PROV_149;x
150;203;201;203;FU_PROV_150;x
151;3;67;124;FU_PROV_151;x
152;58;189;45;FU_PROV_152;x
153;114;54;222;FU_PROV_153;x
154;169;176;143;FU_PROV_154;x
155;225;42;64;FU_PROV_155;x
156;24;163;241;FU_PROV_156;x
157;80;29;162;FU_PROV_157;x
158;135;151;83;FU_PROV_158;x
159;191;17;4;FU_PROV_159;x
160;246;138;181;FU_PROV_160;x
161;46;4;102;FU_PROV_161;x
162;101;126;23;FU_PROV_162;x
163;156;247;200;FU_PROV_163;x
164;212;113;121;FU_PROV_164;x
165;11;235;42;FU_PROV_165;x
166;95;247;250;FU_PROV_166;x
167;122;222;140;FU_PROV_167;x
168;178;88;61;FU_PROV_168;x
169;233;209;238;FU_PROV_169;x
170;33;75;159;FU_PROV_170;x
171;88;197;80;FU_PROV_171;x
172;144;63;1;FU_PROV_172;x
173;199;184;178;FU_PROV_173;x
174;255;50;99;FU_PROV_174;x
175;54;172;20;FU_PROV_175;x
176;110;37;197;FU_PROV_176;x
177;165;159;118;FU_PROV_177;x
178;221;25;39;FU_PROV_178;x
179;20;146;216;FU_PROV_179;x
180;76;12;137;FU_PROV_180;x
181;131;134;58;FU_PROV_181;x
182;186;255;235;FU_PROV_182;x
183;242;121;156;FU_PROV_183;x
184;109;196;211;FU_PROV_184;x
185;97;108;254;FU_PROV_185;x
186;152;230;175;FU_PROV_186;x
187;208;96;96;FU_PROV_187;x
188;7;218;17;FU_PROV_188;x
189;63;83;194;FU_PROV_189;x
190;118;205;115;FU_PROV_190;x
191;174;71;36;FU_PROV_191;x
192;229;192;213;FU_PROV_192;x
193;29;58;134;FU_PROV_193;x
194;84;180;55;FU_PROV_194;x
195;140;45;232;FU_PROV_195;x
196;195;167;153;FU_PROV_196;x
197;251;33;74;FU_PROV_197;x
198;50;154;251;FU_PROV_198;x
199;106;20;172;FU_PROV_199;x
200;161;142;93;FU_PROV_200;x
201;217;8;14;FU_PROV_201;x
202;16;129;191;FU_PROV_202;x
203;71;251;112;FU_PROV_203;x
204;127;117;33;FU_PROV_204;x
205;182;238;210;FU_PROV_205;x
206;238;104;131;FU_PROV_206;x
207;37;226;52;FU_PROV_207;x
208;93;91;229;FU_PROV_208;x
209;148;213;150;FU_PROV_209;x
210;204;79;71;FU_PROV_210;x
211;3;200;248;FU_PROV_211;x
212;59;66;169;FU_PROV_212;x
213;114;188;90;FU_PROV_213;x
214;96;177;201;FU_PROV_214;x
215;225;175;188;FU_PROV_215;x
216;25;41;109;FU_PROV_216;x
217;80;163;30;FU_PROV_217;x
218;61;159;213;FU_PROV_218;x
219;191;150;128;FU_PROV_219;x
220;247;16;49;FU_PROV_220;x
221;46;137;226;FU_PROV_221;x
222;102;3;147;FU_PROV_222;x
223;157;125;68;FU_PROV_223;x
224;46;210;232;FU_PROV_224;x
225;12;112;166;FU_PROV_225;x
226;67;234;87;FU_PROV_226;x
227;123;100;8;FU_PROV_227;x
228;178;221;185;FU_PROV_228;x
229;51;156;196;FU_PROV_229;x
230;33;209;27;FU_PROV_230;x
231;73;159;202;FU_PROV_231;x
232;144;196;125;FU_PROV_232;x
233;200;62;46;FU_PROV_233;x
234;255;183;223;FU_PROV_234;x
235;55;49;144;FU_PROV_235;x
236;110;171;65;FU_PROV_236;x
237;166;36;242;FU_PROV_237;x
238;221;158;163;FU_PROV_238;x
239;21;24;84;FU_PROV_239;x
240;41;153;178;FU_PROV_240;x
241;132;11;182;FU_PROV_241;x
242;187;133;103;FU_PROV_242;x
243;242;255;24;FU_PROV_243;x
244;42;120;201;FU_PROV_244;x
245;97;242;122;FU_PROV_245;x
246;153;108;43;FU_PROV_246;x
247;208;229;220;FU_PROV_247;x
248;8;95;141;FU_PROV_248;x
249;63;217;62;FU_PROV_249;x
250;119;82;239;FU_PROV_250;x
251;174;204;160;FU_PROV_251;x
252;98;199;215;FU_PROV_252;x
253;29;192;2;FU_PROV_253;x
254;85;57;179;FU_PROV_254;x
255;140;179;100;FU_PROV_255;x
256;60;184;227;FU_PROV_256;x
257;251;166;198;FU_PROV_257;x
258;85;151;234;FU_PROV_258;x
259;40;135;186;FU_PROV_259;x
260;162;19;217;FU_PROV_260;x
261;217;141;138;FU_PROV_261;x
262;43;241;246;FU_PROV_262;x
263;72;128;236;FU_PROV_263;x
264;127;250;157;FU_PROV_264;x
265;183;116;78;FU_PROV_265;x
266;95;227;250;FU_PROV_266;x
267;49;182;210;FU_PROV_267;x
268;79;145;162;FU_PROV_268;x
269;149;91;18;FU_PROV_269;x
270;32;132;168;FU_PROV_270;x
271;4;78;116;FU_PROV_271;x
272;59;200;37;FU_PROV_272;x
273;115;65;214;FU_PROV_273;x
274;170;187;135;FU_PROV_274;x
275;226;53;56;FU_PROV_275;x
276;25;174;233;FU_PROV_276;x
277;85;231;241;FU_PROV_277;x
278;136;162;75;FU_PROV_278;x
279;113;230;247;FU_PROV_279;x
280;247;149;173;FU_PROV_280;x
281;40;211;250;FU_PROV_281;x
282;102;137;15;FU_PROV_282;x
283;66;205;250;FU_PROV_283;x
284;213;124;113;FU_PROV_284;x
285;12;246;34;FU_PROV_285;x
286;68;111;211;FU_PROV_286;x
287;123;233;132;FU_PROV_287;x
288;73;190;223;FU_PROV_288;x
289;234;220;230;FU_PROV_289;x
290;34;86;151;FU_PROV_290;x
291;89;208;72;FU_PROV_291;x
292;145;73;249;FU_PROV_292;x
293;72;172;188;FU_PROV_293;x
294;58;212;242;FU_PROV_294;x
295;55;183;12;FU_PROV_295;x
296;111;48;189;FU_PROV_296;x
297;166;170;110;FU_PROV_297;x
298;222;36;31;FU_PROV_298;x
299;21;157;208;FU_PROV_299;x
300;77;23;129;FU_PROV_300;x
301;132;145;50;FU_PROV_301;x
302;188;10;227;FU_PROV_302;x
303;243;132;148;FU_PROV_303;x
304;42;254;69;FU_PROV_304;x
305;98;119;246;FU_PROV_305;x
306;153;241;167;FU_PROV_306;x
307;209;107;88;FU_PROV_307;x
308;30;156;183;FU_PROV_308;x
309;99;209;237;FU_PROV_309;x
310;119;216;107;FU_PROV_310;x
311;175;82;28;FU_PROV_311;x
312;230;203;205;FU_PROV_312;x
313;30;69;126;FU_PROV_313;x
314;85;191;47;FU_PROV_314;x
315;82;185;250;FU_PROV_315;x
316;38;207;207;FU_PROV_316;x
317;69;156;159;FU_PROV_317;x
318;61;204;213;FU_PROV_318;x
319;89;158;165;FU_PROV_319;x
320;86;203;219;FU_PROV_320;x
321;41;120;171;FU_PROV_321;x
322;17;140;183;FU_PROV_322;x
323;73;6;104;FU_PROV_323;x
324;46;186;232;FU_PROV_324;x
325;83;156;184;FU_PROV_325;x
326;72;187;238;FU_PROV_326;x
327;29;136;190;FU_PROV_327;x
328;99;156;244;FU_PROV_328;x
329;51;164;196;FU_PROV_329;x
330;205;90;63;FU_PROV_330;x
331;73;197;202;FU_PROV_331;x
332;53;236;250;FU_PROV_332;x
333;115;199;82;FU_PROV_333;x
334;51;146;160;FU_PROV_334;x
335;36;186;214;FU_PROV_335;x
336;26;52;101;FU_PROV_336;x
337;81;174;22;FU_PROV_337;x
338;137;39;199;FU_PROV_338;x
339;86;186;226;FU_PROV_339;x
340;41;135;178;FU_PROV_340;x
341;47;148;218;FU_PROV_341;x
342;62;138;185;FU_PROV_342;x
343;158;136;60;FU_PROV_343;x
344;214;1;237;FU_PROV_344;x
345;13;123;158;FU_PROV_345;x
346;68;245;79;FU_PROV_346;x
347;98;233;250;FU_PROV_347;x
348;50;182;203;FU_PROV_348;x
349;124;229;250;FU_PROV_349;x
350;73;182;209;FU_PROV_350;x
351;90;85;196;FU_PROV_351;x
352;98;184;215;FU_PROV_352;x
353;51;133;167;FU_PROV_353;x
354;35;161;221;FU_PROV_354;x
355;56;60;136;FU_PROV_355;x
356;111;182;57;FU_PROV_356;x
357;167;47;234;FU_PROV_357;x
358;222;169;155;FU_PROV_358;x
359;22;35;76;FU_PROV_359;x
360;77;156;253;FU_PROV_360;x
361;133;22;174;FU_PROV_361;x
362;188;144;95;FU_PROV_362;x
363;244;10;16;FU_PROV_363;x
364;43;131;193;FU_PROV_364;x
365;98;253;114;FU_PROV_365;x
366;154;119;35;FU_PROV_366;x
367;209;240;212;FU_PROV_367;x
368;9;106;133;FU_PROV_368;x
369;64;228;54;FU_PROV_369;x
370;120;93;231;FU_PROV_370;x
371;175;215;152;FU_PROV_371;x
372;231;81;73;FU_PROV_372;x
373;30;202;250;FU_PROV_373;x
374;72;170;181;FU_PROV_374;x
375;59;170;235;FU_PROV_375;x
376;94;150;187;FU_PROV_376;x
377;85;174;241;FU_PROV_377;x
378;40;122;193;FU_PROV_378;x
379;113;181;247;FU_PROV_379;x
380;62;127;199;FU_PROV_380;x
381;40;185;250;FU_PROV_381;x
382;85;164;205;FU_PROV_382;x
383;66;182;250;FU_PROV_383;x
384;109;211;209;FU_PROV_384;x
385;60;162;163;FU_PROV_385;x
386;48;210;217;FU_PROV_386;x
387;80;163;169;FU_PROV_387;x
388;73;207;223;FU_PROV_388;x
389;31;156;175;FU_PROV_389;x
390;99;208;230;FU_PROV_390;x
391;51;156;182;FU_PROV_391;x
392;126;211;236;FU_PROV_392;x
393;72;158;188;FU_PROV_393;x
394;58;188;242;FU_PROV_394;x
395;95;162;194;FU_PROV_395;x
396;85;191;248;FU_PROV_396;x
397;39;138;200;FU_PROV_397;x
398;111;250;249;FU_PROV_398;x
399;61;203;206;FU_PROV_399;x
400;87;154;158;FU_PROV_400;x
401;85;201;212;FU_PROV_401;x
402;42;150;164;FU_PROV_402;x
403;110;203;218;FU_PROV_403;x
404;61;151;170;FU_PROV_404;x
405;47;188;224;FU_PROV_405;x
406;82;154;176;FU_PROV_406;x
407;72;188;231;FU_PROV_407;x
408;30;137;183;FU_PROV_408;x
409;99;191;237;FU_PROV_409;x
410;51;139;189;FU_PROV_410;x
411;127;243;239;FU_PROV_411;x
412;73;195;195;FU_PROV_412;x
413;56;196;249;FU_PROV_413;x
414;96;194;201;FU_PROV_414;x
415;82;234;250;FU_PROV_415;x
416;38;186;207;FU_PROV_416;x
417;69;145;159;FU_PROV_417;x
418;61;185;213;FU_PROV_418;x
419;89;149;165;FU_PROV_419;x
420;78;34;121;FU_PROV_420;x
421;133;156;42;FU_PROV_421;x
422;189;21;219;FU_PROV_422;x
423;244;143;140;FU_PROV_423;x
424;44;9;61;FU_PROV_424;x
425;99;130;238;FU_PROV_425;x
426;154;252;159;FU_PROV_426;x
427;210;118;80;FU_PROV_427;x
428;9;240;1;FU_PROV_428;x
429;65;105;178;FU_PROV_429;x
430;120;227;99;FU_PROV_430;x
431;176;93;20;FU_PROV_431;x
432;231;214;197;FU_PROV_432;x
433;31;80;118;FU_PROV_433;x
434;51;132;160;FU_PROV_434;x
435;36;163;214;FU_PROV_435;x
436;70;136;166;FU_PROV_436;x
437;60;165;220;FU_PROV_437;x
438;91;141;172;FU_PROV_438;x
439;86;226;225;FU_PROV_439;x
440;41;176;178;FU_PROV_440;x
441;112;226;233;FU_PROV_441;x
442;62;175;185;FU_PROV_442;x
443;44;217;239;FU_PROV_443;x
444;84;175;191;FU_PROV_444;x
445;71;215;245;FU_PROV_445;x
446;107;178;197;FU_PROV_446;x
447;98;214;250;FU_PROV_447;x
448;50;162;203;FU_PROV_448;x
449;124;213;250;FU_PROV_449;x
450;73;165;209;FU_PROV_450;x
451;33;115;161;FU_PROV_451;x
452;98;170;215;FU_PROV_452;x
453;51;167;167;FU_PROV_453;x
454;35;216;221;FU_PROV_454;x
455;71;167;173;FU_PROV_455;x
456;60;212;227;FU_PROV_456;x
457;92;169;180;FU_PROV_457;x
458;85;211;234;FU_PROV_458;x
459;40;159;186;FU_PROV_459;x
460;113;213;240;FU_PROV_460;x
461;62;160;192;FU_PROV_461;x
462;43;190;246;FU_PROV_462;x
463;84;163;198;FU_PROV_463;x
464;69;189;250;FU_PROV_464;x
465;108;169;204;FU_PROV_465;x
466;95;250;246;FU_PROV_466;x
467;49;209;210;FU_PROV_467;x
468;79;159;162;FU_PROV_468;x
469;73;206;216;FU_PROV_469;x
470;32;155;168;FU_PROV_470;x
471;98;206;222;FU_PROV_471;x
472;51;155;174;FU_PROV_472;x
473;125;209;228;FU_PROV_473;x
474;72;156;181;FU_PROV_474;x
475;59;190;235;FU_PROV_475;x
476;94;160;187;FU_PROV_476;x
477;85;192;241;FU_PROV_477;x
478;40;140;193;FU_PROV_478;x
479;113;197;247;FU_PROV_479;x
480;62;199;197;FU_PROV_480;x
481;40;246;250;FU_PROV_481;x
482;85;199;205;FU_PROV_482;x
483;66;235;250;FU_PROV_483;x
484;109;200;211;FU_PROV_484;x
485;60;149;163;FU_PROV_485;x
486;48;188;217;FU_PROV_486;x
487;80;151;169;FU_PROV_487;x
488;73;188;223;FU_PROV_488;x
489;31;138;175;FU_PROV_489;x
490;99;191;230;FU_PROV_490;x
491;51;139;182;FU_PROV_491;x
492;126;197;236;FU_PROV_492;x
493;72;143;188;FU_PROV_493;x
494;58;242;241;FU_PROV_494;x
495;95;191;194;FU_PROV_495;x
496;85;239;248;FU_PROV_496;x
497;39;186;200;FU_PROV_497;x
498;111;233;250;FU_PROV_498;x
499;61;184;206;FU_PROV_499;x
500;87;145;158;FU_PROV_500;x
501;85;185;212;FU_PROV_501;x
502;42;135;164;FU_PROV_502;x
503;110;189;218;FU_PROV_503;x
504;61;137;170;FU_PROV_504;x
505;47;165;224;FU_PROV_505;x
506;82;142;176;FU_PROV_506;x
507;72;231;227;FU_PROV_507;x
508;30;182;183;FU_PROV_508;x
509;99;232;237;FU_PROV_509;x
510;51;180;189;FU_PROV_510;x
511;127;231;243;FU_PROV_511;x
512;73;179;195;FU_PROV_512;x
513;56;218;249;FU_PROV_513;x
514;96;181;201;FU_PROV_514;x
515;82;213;250;FU_PROV_515;x
516;38;165;207;FU_PROV_516;x
517;69;134;159;FU_PROV_517;x
518;61;166;213;FU_PROV_518;x
519;89;139;165;FU_PROV_519;x
520;86;169;219;FU_PROV_520;x
521;41;171;169;FU_PROV_521;x
522;111;224;225;FU_PROV_522;x
523;61;172;177;FU_PROV_523;x
524;46;217;232;FU_PROV_524;x
525;83;173;184;FU_PROV_525;x
526;72;215;238;FU_PROV_526;x
527;29;163;190;FU_PROV_527;x
528;99;215;244;FU_PROV_528;x
529;51;163;196;FU_PROV_529;x
530;127;218;250;FU_PROV_530;x
531;73;165;202;FU_PROV_531;x
532;53;187;250;FU_PROV_532;x
533;97;169;208;FU_PROV_533;x
534;51;118;160;FU_PROV_534;x
535;36;214;213;FU_PROV_535;x
536;70;164;166;FU_PROV_536;x
537;60;212;220;FU_PROV_537;x
538;91;165;172;FU_PROV_538;x
539;86;210;226;FU_PROV_539;x
540;41;158;178;FU_PROV_540;x
541;112;211;233;FU_PROV_541;x
542;62;159;185;FU_PROV_542;x
543;44;192;239;FU_PROV_543;x
544;84;162;191;FU_PROV_544;x
545;71;193;245;FU_PROV_545;x
546;107;167;197;FU_PROV_546;x
547;98;195;250;FU_PROV_547;x
548;50;203;199;FU_PROV_548;x
549;124;250;250;FU_PROV_549;x
550;73;205;209;FU_PROV_550;x
551;33;153;161;FU_PROV_551;x
552;98;204;215;FU_PROV_552;x
553;51;153;167;FU_PROV_553;x
554;35;192;221;FU_PROV_554;x
555;71;154;173;FU_PROV_555;x
556;60;191;227;FU_PROV_556;x
557;92;158;180;FU_PROV_557;x
558;85;192;234;FU_PROV_558;x
559;40;141;186;FU_PROV_559;x
560;113;197;240;FU_PROV_560;x
561;62;144;192;FU_PROV_561;x
562;43;246;242;FU_PROV_562;x
563;84;197;198;FU_PROV_563;x
564;69;242;250;FU_PROV_564;x
565;108;197;204;FU_PROV_565;x
566;95;234;250;FU_PROV_566;x
567;49;189;210;FU_PROV_567;x
568;79;148;162;FU_PROV_568;x
569;73;188;216;FU_PROV_569;x
570;32;137;168;FU_PROV_570;x
571;98;190;222;FU_PROV_571;x
572;51;139;174;FU_PROV_572;x
573;125;195;228;FU_PROV_573;x
574;72;143;181;FU_PROV_574;x
575;59;168;235;FU_PROV_575;x
576;94;187;186;FU_PROV_576;x
577;85;237;241;FU_PROV_577;x
578;40;185;193;FU_PROV_578;x
579;113;236;247;FU_PROV_579;x
580;62;183;199;FU_PROV_580;x
581;40;220;250;FU_PROV_581;x
582;85;184;205;FU_PROV_582;x
583;66;212;250;FU_PROV_583;x
584;109;187;211;FU_PROV_584;x
585;60;136;163;FU_PROV_585;x
586;48;167;217;FU_PROV_586;x
587;80;140;169;FU_PROV_587;x
588;73;169;223;FU_PROV_588;x
589;31;119;175;FU_PROV_589;x
590;99;230;229;FU_PROV_590;x
591;51;178;182;FU_PROV_591;x
592;126;229;236;FU_PROV_592;x
593;72;177;188;FU_PROV_593;x
594;58;219;242;FU_PROV_594;x
595;95;179;194;FU_PROV_595;x
596;85;218;248;FU_PROV_596;x
597;39;165;200;FU_PROV_597;x
598;111;216;250;FU_PROV_598;x
599;61;166;206;FU_PROV_599;x
600;87;136;158;FU_PROV_600;x
601;85;169;212;FU_PROV_601;x
602;42;119;164;FU_PROV_602;x
603;110;218;216;FU_PROV_603;x
604;61;169;170;FU_PROV_604;x
605;47;217;224;FU_PROV_605;x
606;82;170;176;FU_PROV_606;x
607;72;215;231;FU_PROV_607;x
608;30;163;183;FU_PROV_608;x
609;99;214;237;FU_PROV_609;x
610;51;162;189;FU_PROV_610;x
611;127;217;243;FU_PROV_611;x
612;73;164;195;FU_PROV_612;x
613;56;194;249;FU_PROV_613;x
614;96;168;201;FU_PROV_614;x
615;82;192;250;FU_PROV_615;x
616;38;143;207;FU_PROV_616;x
617;69;159;158;FU_PROV_617;x
618;61;210;213;FU_PROV_618;x
619;89;162;165;FU_PROV_619;x
620;86;209;219;FU_PROV_620;x
621;41;157;171;FU_PROV_621;x
622;111;209;225;FU_PROV_622;x
623;61;158;177;FU_PROV_623;x
624;46;194;232;FU_PROV_624;x
625;83;160;184;FU_PROV_625;x
626;72;194;238;FU_PROV_626;x
627;29;143;190;FU_PROV_627;x
628;99;197;244;FU_PROV_628;x
629;51;144;196;FU_PROV_629;x
630;127;203;250;FU_PROV_630;x
631;73;202;202;FU_PROV_631;x
632;53;245;250;FU_PROV_632;x
633;97;202;208;FU_PROV_633;x
634;51;150;160;FU_PROV_634;x
635;36;193;214;FU_PROV_635;x
636;70;152;166;FU_PROV_636;x
637;60;191;220;FU_PROV_637;x
638;91;155;172;FU_PROV_638;x
639;86;192;226;FU_PROV_639;x
640;41;141;178;FU_PROV_640;x
641;112;196;233;FU_PROV_641;x
642;62;144;185;FU_PROV_642;x
643;44;121;239;FU_PROV_643;x
644;84;191;188;FU_PROV_644;x
645;71;244;245;FU_PROV_645;x
646;107;194;197;FU_PROV_646;x
647;98;240;250;FU_PROV_647;x
648;50;188;203;FU_PROV_648;x
649;124;234;250;FU_PROV_649;x
650;73;187;209;FU_PROV_650;x
651;33;137;161;FU_PROV_651;x
652;98;189;215;FU_PROV_652;x
653;51;138;167;FU_PROV_653;x
654;35;169;221;FU_PROV_654;x
655;71;141;173;FU_PROV_655;x
656;60;170;227;FU_PROV_656;x
657;92;147;180;FU_PROV_657;x
658;85;234;231;FU_PROV_658;x
659;40;183;186;FU_PROV_659;x
660;113;234;240;FU_PROV_660;x
661;62;182;192;FU_PROV_661;x
662;43;224;246;FU_PROV_662;x
663;84;182;198;FU_PROV_663;x
664;69;220;250;FU_PROV_664;x
665;108;185;204;FU_PROV_665;x
666;95;214;250;FU_PROV_666;x
667;49;168;210;FU_PROV_667;x
668;79;138;162;FU_PROV_668;x
669;73;170;216;FU_PROV_669;x
670;32;120;168;FU_PROV_670;x
671;98;175;222;FU_PROV_671;x
672;51;174;174;FU_PROV_672;x
673;125;226;228;FU_PROV_673;x
674;72;175;181;FU_PROV_674;x
675;59;220;235;FU_PROV_675;x
676;94;176;187;FU_PROV_676;x
677;85;218;241;FU_PROV_677;x
678;40;166;193;FU_PROV_678;x
679;113;219;247;FU_PROV_679;x
680;62;166;199;FU_PROV_680;x
681;40;193;250;FU_PROV_681;x
682;85;169;205;FU_PROV_682;x
683;66;189;250;FU_PROV_683;x
684;109;174;211;FU_PROV_684;x
685;60;163;160;FU_PROV_685;x
686;48;217;217;FU_PROV_686;x
687;80;166;169;FU_PROV_687;x
688;73;214;223;FU_PROV_688;x
689;31;162;175;FU_PROV_689;x
690;99;213;230;FU_PROV_690;x
691;51;161;182;FU_PROV_691;x
692;126;215;236;FU_PROV_692;x
693;72;163;188;FU_PROV_693;x
694;58;196;242;FU_PROV_694;x
695;95;166;194;FU_PROV_695;x
696;85;197;248;FU_PROV_696;x
697;39;145;200;FU_PROV_697;x
698;111;199;250;FU_PROV_698;x
699;61;206;203;FU_PROV_699;x
700;87;157;158;FU_PROV_700;x
701;85;207;212;FU_PROV_701;x
702;42;155;164;FU_PROV_702;x
703;110;207;218;FU_PROV_703;x
704;61;156;170;FU_PROV_704;x
705;47;195;224;FU_PROV_705;x
706;82;158;176;FU_PROV_706;x
707;72;195;231;FU_PROV_707;x
708;30;143;183;FU_PROV_708;x
709;99;197;237;FU_PROV_709;x
710;51;145;189;FU_PROV_710;x
711;127;202;243;FU_PROV_711;x
712;73;148;195;FU_PROV_712;x
713;56;249;247;FU_PROV_713;x
714;96;199;201;FU_PROV_714;x
715;82;241;250;FU_PROV_715;x
716;38;193;207;FU_PROV_716;x
717;69;149;159;FU_PROV_717;x
718;61;191;213;FU_PROV_718;x
719;89;152;165;FU_PROV_719;x
720;86;192;219;FU_PROV_720;x
721;41;141;171;FU_PROV_721;x
722;111;195;225;FU_PROV_722;x
723;61;143;177;FU_PROV_723;x
724;46;171;232;FU_PROV_724;x
725;83;147;184;FU_PROV_725;x
726;72;173;238;FU_PROV_726;x
727;29;190;190;FU_PROV_727;x
728;99;239;244;FU_PROV_728;x
729;51;187;196;FU_PROV_729;x
730;127;239;250;FU_PROV_730;x
731;73;186;202;FU_PROV_731;x
732;53;220;250;FU_PROV_732;x
733;97;188;208;FU_PROV_733;x
734;51;137;160;FU_PROV_734;x
735;36;171;214;FU_PROV_735;x
736;70;140;166;FU_PROV_736;x
737;60;171;220;FU_PROV_737;x
738;91;145;172;FU_PROV_738;x
739;86;175;226;FU_PROV_739;x
740;41;178;176;FU_PROV_740;x
741;112;231;233;FU_PROV_741;x
742;62;180;185;FU_PROV_742;x
743;44;225;239;FU_PROV_743;x
744;84;180;191;FU_PROV_744;x
745;71;222;245;FU_PROV_745;x
746;107;182;197;FU_PROV_746;x
747;98;221;250;FU_PROV_747;x
748;50;169;203;FU_PROV_748;x
749;124;218;250;FU_PROV_749;x
750;73;170;209;FU_PROV_750;x
751;33;121;161;FU_PROV_751;x
752;98;175;215;FU_PROV_752;x
753;51;124;167;FU_PROV_753;x
754;35;221;219;FU_PROV_754;x
755;71;172;173;FU_PROV_755;x
756;60;219;227;FU_PROV_756;x
757;92;173;180;FU_PROV_757;x
758;85;217;234;FU_PROV_758;x
759;40;165;186;FU_PROV_759;x
760;113;218;240;FU_PROV_760;x
761;62;165;192;FU_PROV_761;x
762;43;199;246;FU_PROV_762;x
763;84;168;198;FU_PROV_763;x
764;69;197;250;FU_PROV_764;x
765;108;173;204;FU_PROV_765;x
766;95;195;250;FU_PROV_766;x
767;49;148;210;FU_PROV_767;x
768;79;162;162;FU_PROV_768;x
769;73;212;216;FU_PROV_769;x
770;32;160;168;FU_PROV_770;x
771;98;211;222;FU_PROV_771;x
772;51;160;174;FU_PROV_772;x
773;125;213;228;FU_PROV_773;x
774;72;161;181;FU_PROV_774;x
775;59;197;235;FU_PROV_775;x
776;94;164;187;FU_PROV_776;x
777;85;198;241;FU_PROV_777;x
778;40;146;193;FU_PROV_778;x
779;113;202;247;FU_PROV_779;x
780;62;149;199;FU_PROV_780;x
781;40;250;245;FU_PROV_781;x
782;85;204;205;FU_PROV_782;x
783;66;243;250;FU_PROV_783;x
784;109;204;211;FU_PROV_784;x
785;60;153;163;FU_PROV_785;x
786;48;195;217;FU_PROV_786;x
787;80;155;169;FU_PROV_787;x
788;73;159;223;FU_PROV_788;x
789;31;144;175;FU_PROV_789;x
790;99;197;230;FU_PROV_790;x
791;51;145;182;FU_PROV_791;x
792;126;175;236;FU_PROV_792;x
793;72;148;188;FU_PROV_793;x
794;58;173;242;FU_PROV_794;x
795;95;194;192;FU_PROV_795;x
796;85;245;248;FU_PROV_796;x
797;39;193;200;FU_PROV_797;x
798;111;239;250;FU_PROV_798;x
799;61;191;206;FU_PROV_799;x
800;87;148;158;FU_PROV_800;x
801;85;191;212;FU_PROV_801;x
802;42;140;164;FU_PROV_802;x
803;110;193;218;FU_PROV_803;x
804;61;142;170;FU_PROV_804;x
805;47;173;224;FU_PROV_805;x
806;82;146;176;FU_PROV_806;x
807;72;175;231;FU_PROV_807;x
808;30;124;183;FU_PROV_808;x
809;99;237;236;FU_PROV_809;x
810;51;185;189;FU_PROV_810;x
811;127;236;243;FU_PROV_811;x
812;73;184;195;FU_PROV_812;x
813;56;226;249;FU_PROV_813;x
814;96;185;201;FU_PROV_814;x
815;82;220;250;FU_PROV_815;x
816;38;172;207;FU_PROV_816;x
817;69;138;159;FU_PROV_817;x
818;61;172;213;FU_PROV_818;x
819;89;142;165;FU_PROV_819;x
820;86;175;219;FU_PROV_820;x
821;41;124;171;FU_PROV_821;x
822;111;225;222;FU_PROV_822;x
823;61;177;177;FU_PROV_823;x
824;46;225;232;FU_PROV_824;x
825;83;177;184;FU_PROV_825;x
826;72;222;238;FU_PROV_826;x
827;29;170;190;FU_PROV_827;x
828;99;221;244;FU_PROV_828;x
829;51;169;196;FU_PROV_829;x
830;127;223;250;FU_PROV_830;x
831;73;139;202;FU_PROV_831;x
832;53;195;250;FU_PROV_832;x
833;97;147;208;FU_PROV_833;x
834;51;97;160;FU_PROV_834;x
835;36;106;214;FU_PROV_835;x
836;70;166;165;FU_PROV_836;x
837;60;218;220;FU_PROV_837;x
838;91;169;172;FU_PROV_838;x
839;86;182;226;FU_PROV_839;x
840;41;164;178;FU_PROV_840;x
841;112;216;233;FU_PROV_841;x
842;62;135;185;FU_PROV_842;x
843;44;201;239;FU_PROV_843;x
844;84;141;191;FU_PROV_844;x
845;71;158;245;FU_PROV_845;x
846;107;149;197;FU_PROV_846;x
847;98;165;250;FU_PROV_847;x
848;50;113;203;FU_PROV_848;x
849;124;172;250;FU_PROV_849;x
850;73;178;209;FU_PROV_850;x
851;33;128;161;FU_PROV_851;x
852;98;181;215;FU_PROV_852;x
853;51;130;167;FU_PROV_853;x
854;35;155;221;FU_PROV_854;x
855;71;134;173;FU_PROV_855;x
856;60;158;227;FU_PROV_856;x
857;92;141;180;FU_PROV_857;x
858;85;163;234;FU_PROV_858;x
859;40;112;186;FU_PROV_859;x
860;113;171;240;FU_PROV_860;x
861;62;118;192;FU_PROV_861;x
862;43;124;246;FU_PROV_862;x
863;84;126;198;FU_PROV_863;x
864;69;207;250;FU_PROV_864;x
865;108;178;204;FU_PROV_865;x
866;95;203;250;FU_PROV_866;x
867;49;157;210;FU_PROV_867;x
868;79;132;162;FU_PROV_868;x
869;73;160;216;FU_PROV_869;x
870;32;110;168;FU_PROV_870;x
871;98;166;222;FU_PROV_871;x
872;51;115;174;FU_PROV_872;x
873;125;175;228;FU_PROV_873;x
874;72;121;181;FU_PROV_874;x
875;59;133;235;FU_PROV_875;x
876;94;130;187;FU_PROV_876;x
877;85;207;241;FU_PROV_877;x
878;40;155;193;FU_PROV_878;x
879;113;209;247;FU_PROV_879;x
880;62;156;199;FU_PROV_880;x
881;40;178;250;FU_PROV_881;x
882;85;160;205;FU_PROV_882;x
883;66;176;250;FU_PROV_883;x
884;109;167;211;FU_PROV_884;x
885;60;115;163;FU_PROV_885;x
886;48;134;217;FU_PROV_886;x
887;80;123;169;FU_PROV_887;x
888;73;140;223;FU_PROV_888;x
889;31;91;175;FU_PROV_889;x
890;99;149;230;FU_PROV_890;x
891;51;152;182;FU_PROV_891;x
892;126;207;236;FU_PROV_892;x
893;72;154;188;FU_PROV_893;x
894;58;183;242;FU_PROV_894;x
895;95;159;194;FU_PROV_895;x
896;85;186;248;FU_PROV_896;x
897;39;134;200;FU_PROV_897;x
898;111;189;250;FU_PROV_898;x
899;61;138;206;FU_PROV_899;x
900;87;122;158;FU_PROV_900;x
901;85;144;212;FU_PROV_901;x
902;42;95;164;FU_PROV_902;x
903;110;154;218;FU_PROV_903;x
904;61;102;170;FU_PROV_904;x
905;47;182;224;FU_PROV_905;x
906;82;151;176;FU_PROV_906;x
907;72;183;231;FU_PROV_907;x
908;30;132;183;FU_PROV_908;x
909;99;187;237;FU_PROV_909;x
910;51;135;189;FU_PROV_910;x
911;127;194;243;FU_PROV_911;x
912;73;140;195;FU_PROV_912;x
913;56;156;249;FU_PROV_913;x
914;96;147;201;FU_PROV_914;x
915;82;159;250;FU_PROV_915;x
916;38;110;207;FU_PROV_916;x
917;69;105;159;FU_PROV_917;x
918;61;180;213;FU_PROV_918;x
919;89;146;165;FU_PROV_919;x
920;86;182;219;FU_PROV_920;x
921;41;131;171;FU_PROV_921;x
922;111;187;225;FU_PROV_922;x
923;61;135;177;FU_PROV_923;x
924;46;157;232;FU_PROV_924;x
925;83;140;184;FU_PROV_925;x
926;72;161;238;FU_PROV_926;x
927;29;111;190;FU_PROV_927;x
928;99;168;244;FU_PROV_928;x
929;51;115;196;FU_PROV_929;x
930;127;178;250;FU_PROV_930;x
931;73;123;202;FU_PROV_931;x
932;53;206;250;FU_PROV_932;x
933;97;180;208;FU_PROV_933;x
934;51;129;160;FU_PROV_934;x
935;36;158;214;FU_PROV_935;x
936;70;133;166;FU_PROV_936;x
937;60;160;220;FU_PROV_937;x
938;91;139;172;FU_PROV_938;x
939;86;165;226;FU_PROV_939;x
940;41;114;178;FU_PROV_940;x
941;112;172;233;FU_PROV_941;x
942;62;119;185;FU_PROV_942;x
943;44;129;239;FU_PROV_943;x
944;84;127;191;FU_PROV_944;x
945;71;136;245;FU_PROV_945;x
946;107;176;197;FU_PROV_946;x
947;98;210;250;FU_PROV_947;x
948;50;158;203;FU_PROV_948;x
949;124;209;250;FU_PROV_949;x
950;73;161;209;FU_PROV_950;x
951;33;111;161;FU_PROV_951;x
952;98;166;215;FU_PROV_952;x
953;51;115;167;FU_PROV_953;x
954;35;132;221;FU_PROV_954;x
955;71;146;173;FU_PROV_955;x
956;60;137;227;FU_PROV_956;x
957;92;130;180;FU_PROV_957;x
958;85;144;234;FU_PROV_958;x
959;40;186;182;FU_PROV_959;x
960;113;239;240;FU_PROV_960;x
961;138;77;134;FU_PROV_961;x
962;193;199;55;FU_PROV_962;x
963;249;64;232;FU_PROV_963;x
964;48;186;153;FU_PROV_964;x
965;104;52;74;FU_PROV_965;x
966;159;173;251;FU_PROV_966;x
967;215;39;172;FU_PROV_967;x
968;14;161;93;FU_PROV_968;x
969;70;27;14;FU_PROV_969;x
970;125;148;191;FU_PROV_970;x
971;181;14;112;FU_PROV_971;x
972;236;136;33;FU_PROV_972;x
973;36;1;210;FU_PROV_973;x
974;91;123;131;FU_PROV_974;x
975;146;245;52;FU_PROV_975;x
976;202;110;229;FU_PROV_976;x
977;1;232;150;FU_PROV_977;x
978;57;98;71;FU_PROV_978;x
979;112;219;248;FU_PROV_979;x
980;168;85;169;FU_PROV_980;x
981;223;207;90;FU_PROV_981;x
982;23;73;11;FU_PROV_982;x
983;78;194;188;FU_PROV_983;x
984;134;60;109;FU_PROV_984;x
985;189;182;30;FU_PROV_985;x
986;245;47;207;FU_PROV_986;x
987;44;169;128;FU_PROV_987;x
988;100;35;49;FU_PROV_988;x
989;155;156;226;FU_PROV_989;x
990;211;22;147;FU_PROV_990;x
991;10;144;68;FU_PROV_991;x
992;66;9;245;FU_PROV_992;x
993;121;131;166;FU_PROV_993;x
994;176;253;87;FU_PROV_994;x
995;232;119;8;FU_PROV_995;x
996;31;240;185;FU_PROV_996;x
997;87;106;106;FU_PROV_997;x
998;142;228;27;FU_PROV_998;x
999;198;93;204;FU_PROV_999;x
1000;253;215;125;FU_PROV_1000;x
1001;53;81;46;FU_PROV_1001;x
1002;108;202;223;FU_PROV_1002;x
1003;164;68;144;FU_PROV_1003;x
1004;219;190;65;FU_PROV_1004;x
1005;19;55;242;FU_PROV_1005;x
1006;74;177;163;FU_PROV_1006;x
1007;130;43;84;FU_PROV_1007;x
1008;185;165;5;FU_PROV_1008;x
1009;241;30;182;FU_PROV_1009;x
1010;40;152;103;FU_PROV_1010;x
1011;96;18;24;FU_PROV_1011;x
1012;151;139;201;FU_PROV_1012;x
1013;207;5;122;FU_PROV_1013;x
1014;6;127;43;FU_PROV_1014;x
1015;61;248;220;FU_PROV_1015;x
1016;117;114;141;FU_PROV_1016;x
1017;172;236;62;FU_PROV_1017;x
1018;228;101;239;FU_PROV_1018;x
1019;27;223;160;FU_PROV_1019;x
1020;83;89;81;FU_PROV_1020;x
1021;138;211;2;FU_PROV_1021;x
1022;194;76;179;FU_PROV_1022;x
1023;249;198;100;FU_PROV_1023;x
1024;49;64;21;FU_PROV_1024;x
1025;104;185;198;FU_PROV_1025;x
1026;160;51;119;FU_PROV_1026;x
1027;215;173;40;FU_PROV_1027;x
1028;15;38;217;FU_PROV_1028;x
1029;70;160;138;FU_PROV_1029;x
1030;126;26;59;FU_PROV_1030;x
1031;181;147;236;FU_PROV_1031;x
1032;237;13;157;FU_PROV_1032;x
1033;36;135;78;FU_PROV_1033;x
1034;92;0;255;FU_PROV_1034;x
1035;147;122;176;FU_PROV_1035;x
1036;202;244;97;FU_PROV_1036;x
1037;2;110;18;FU_PROV_1037;x
1038;57;231;195;FU_PROV_1038;x
1039;113;97;116;FU_PROV_1039;x
1040;168;219;37;FU_PROV_1040;x
1041;224;84;214;FU_PROV_1041;x
1042;23;206;135;FU_PROV_1042;x
1043;79;72;56;FU_PROV_1043;x
1044;134;193;233;FU_PROV_1044;x
1045;190;59;154;FU_PROV_1045;x
1046;245;181;75;FU_PROV_1046;x
1047;45;46;252;FU_PROV_1047;x
1048;100;168;173;FU_PROV_1048;x
1049;156;34;94;FU_PROV_1049;x
1050;211;156;15;FU_PROV_1050;x
1051;11;21;192;FU_PROV_1051;x
1052;66;143;113;FU_PROV_1052;x
1053;122;9;34;FU_PROV_1053;x
1054;177;130;211;FU_PROV_1054;x
1055;232;252;132;FU_PROV_1055;x
1056;32;118;53;FU_PROV_1056;x
1057;87;239;230;FU_PROV_1057;x
1058;143;105;151;FU_PROV_1058;x
1059;198;227;72;FU_PROV_1059;x
1060;254;92;249;FU_PROV_1060;x
1061;53;214;170;FU_PROV_1061;x
1062;109;80;91;FU_PROV_1062;x
1063;164;202;12;FU_PROV_1063;x
1064;220;67;189;FU_PROV_1064;x
1065;19;189;110;FU_PROV_1065;x
1066;75;55;31;FU_PROV_1066;x
1067;130;176;208;FU_PROV_1067;x
1068;186;42;129;FU_PROV_1068;x
1069;241;164;50;FU_PROV_1069;x
1070;41;29;227;FU_PROV_1070;x
1071;96;151;148;FU_PROV_1071;x
1072;152;17;69;FU_PROV_1072;x
1073;207;138;246;FU_PROV_1073;x
1074;7;4;167;FU_PROV_1074;x
1075;62;126;88;FU_PROV_1075;x
1076;117;248;9;FU_PROV_1076;x
1077;173;113;186;FU_PROV_1077;x
1078;228;235;107;FU_PROV_1078;x
1079;28;101;28;FU_PROV_1079;x
1080;83;222;205;FU_PROV_1080;x
1081;139;88;126;FU_PROV_1081;x
1082;194;210;47;FU_PROV_1082;x
1083;250;75;224;FU_PROV_1083;x
1084;49;197;145;FU_PROV_1084;x
1085;105;63;66;FU_PROV_1085;x
1086;160;184;243;FU_PROV_1086;x
1087;216;50;164;FU_PROV_1087;x
1088;15;172;85;FU_PROV_1088;x
1089;71;38;6;FU_PROV_1089;x
1090;126;159;183;FU_PROV_1090;x
1091;182;25;104;FU_PROV_1091;x
1092;237;147;25;FU_PROV_1092;x
1093;37;12;202;FU_PROV_1093;x
1094;92;134;123;FU_PROV_1094;x
1095;148;0;44;FU_PROV_1095;x
1096;203;121;221;FU_PROV_1096;x
1097;2;243;142;FU_PROV_1097;x
1098;58;109;63;FU_PROV_1098;x
1099;113;230;240;FU_PROV_1099;x
1100;169;96;161;FU_PROV_1100;x
1101;224;218;82;FU_PROV_1101;x
1102;24;84;3;FU_PROV_1102;x
1103;79;205;180;FU_PROV_1103;x
1104;135;71;101;FU_PROV_1104;x
1105;190;193;22;FU_PROV_1105;x
1106;246;58;199;FU_PROV_1106;x
1107;45;180;120;FU_PROV_1107;x
1108;101;46;41;FU_PROV_1108;x
1109;156;167;218;FU_PROV_1109;x
1110;212;33;139;FU_PROV_1110;x
1111;11;155;60;FU_PROV_1111;x
1112;67;20;237;FU_PROV_1112;x
1113;122;142;158;FU_PROV_1113;x
1114;178;8;79;FU_PROV_1114;x
1115;233;130;0;FU_PROV_1115;x
1116;32;251;177;FU_PROV_1116;x
1117;88;117;98;FU_PROV_1117;x
1118;143;239;19;FU_PROV_1118;x
1119;199;104;196;FU_PROV_1119;x
1120;254;226;117;FU_PROV_1120;x
1121;54;92;38;FU_PROV_1121;x
1122;109;213;215;FU_PROV_1122;x
1123;165;79;136;FU_PROV_1123;x
1124;220;201;57;FU_PROV_1124;x
1125;20;66;234;FU_PROV_1125;x
1126;75;188;155;FU_PROV_1126;x
1127;131;54;76;FU_PROV_1127;x
1128;186;175;253;FU_PROV_1128;x
1129;242;41;174;FU_PROV_1129;x
1130;41;163;95;FU_PROV_1130;x
1131;97;29;16;FU_PROV_1131;x
1132;152;150;193;FU_PROV_1132;x
1133;208;16;114;FU_PROV_1133;x
1134;7;138;35;FU_PROV_1134;x
1135;63;3;212;FU_PROV_1135;x
1136;118;125;133;FU_PROV_1136;x
1137;173;247;54;FU_PROV_1137;x
1138;229;112;231;FU_PROV_1138;x
1139;28;234;152;FU_PROV_1139;x
1140;84;100;73;FU_PROV_1140;x
1141;139;221;250;FU_PROV_1141;x
1142;195;87;171;FU_PROV_1142;x
1143;250;209;92;FU_PROV_1143;x
1144;50;75;13;FU_PROV_1144;x
1145;105;196;190;FU_PROV_1145;x
1146;161;62;111;FU_PROV_1146;x
1147;216;184;32;FU_PROV_1147;x
1148;16;49;209;FU_PROV_1148;x
1149;71;171;130;FU_PROV_1149;x
1150;127;37;51;FU_PROV_1150;x
1151;182;158;228;FU_PROV_1151;x
1152;238;24;149;FU_PROV_1152;x
1153;37;146;70;FU_PROV_1153;x
1154;93;11;247;FU_PROV_1154;x
1155;148;133;168;FU_PROV_1155;x
1156;203;255;89;FU_PROV_1156;x
1157;3;121;10;FU_PROV_1157;x
1158;58;242;187;FU_PROV_1158;x
1159;114;108;108;FU_PROV_1159;x
1160;169;230;29;FU_PROV_1160;x
1161;225;95;206;FU_PROV_1161;x
1162;24;217;127;FU_PROV_1162;x
1163;80;83;48;FU_PROV_1163;x
1164;135;204;225;FU_PROV_1164;x
1165;191;70;146;FU_PROV_1165;x
1166;246;192;67;FU_PROV_1166;x
1167;46;57;244;FU_PROV_1167;x
1168;101;179;165;FU_PROV_1168;x
1169;157;45;86;FU_PROV_1169;x
1170;212;167;7;FU_PROV_1170;x
1171;12;32;184;FU_PROV_1171;x
1172;67;154;105;FU_PROV_1172;x
1173;123;20;26;FU_PROV_1173;x
1174;178;141;203;FU_PROV_1174;x
1175;234;7;124;FU_PROV_1175;x
1176;33;129;45;FU_PROV_1176;x
1177;88;250;222;FU_PROV_1177;x
1178;144;116;143;FU_PROV_1178;x
1179;199;238;64;FU_PROV_1179;x
1180;255;103;241;FU_PROV_1180;x
1181;54;225;162;FU_PROV_1181;x
1182;110;91;83;FU_PROV_1182;x
1183;165;213;4;FU_PROV_1183;x
1184;221;78;181;FU_PROV_1184;x
1185;20;200;102;FU_PROV_1185;x
1186;76;66;23;FU_PROV_1186;x
1187;131;187;200;FU_PROV_1187;x
1188;187;53;121;FU_PROV_1188;x
1189;242;175;42;FU_PROV_1189;x
1190;42;40;219;FU_PROV_1190;x
1191;97;162;140;FU_PROV_1191;x
1192;153;28;61;FU_PROV_1192;x
1193;208;149;238;FU_PROV_1193;x
1194;8;15;159;FU_PROV_1194;x
1195;63;137;80;FU_PROV_1195;x
1196;119;3;1;FU_PROV_1196;x
1197;174;124;178;FU_PROV_1197;x
1198;229;246;99;FU_PROV_1198;x
1199;29;112;20;FU_PROV_1199;x
1200;84;233;197;FU_PROV_1200;x
1201;140;99;118;FU_PROV_1201;x
1202;195;221;39;FU_PROV_1202;x
1203;251;86;216;FU_PROV_1203;x
1204;50;208;137;FU_PROV_1204;x
1205;106;74;58;FU_PROV_1205;x
1206;161;195;235;FU_PROV_1206;x
1207;217;61;156;FU_PROV_1207;x
1208;16;183;77;FU_PROV_1208;x
1209;72;48;254;FU_PROV_1209;x
1210;127;170;175;FU_PROV_1210;x
1211;183;36;96;FU_PROV_1211;x
1212;238;158;17;FU_PROV_1212;x
1213;38;23;194;FU_PROV_1213;x
1214;93;145;115;FU_PROV_1214;x
1215;149;11;36;FU_PROV_1215;x
1216;204;132;213;FU_PROV_1216;x
1217;3;254;134;FU_PROV_1217;x
1218;59;120;55;FU_PROV_1218;x
1219;114;241;232;FU_PROV_1219;x
1220;170;107;153;FU_PROV_1220;x
1221;225;229;74;FU_PROV_1221;x
1222;25;94;251;FU_PROV_1222;x
1223;80;216;172;FU_PROV_1223;x
1224;136;82;93;FU_PROV_1224;x
1225;191;204;14;FU_PROV_1225;x
1226;247;69;191;FU_PROV_1226;x
1227;46;191;112;FU_PROV_1227;x
1228;102;57;33;FU_PROV_1228;x
1229;157;178;210;FU_PROV_1229;x
1230;213;44;131;FU_PROV_1230;x
1231;12;166;52;FU_PROV_1231;x
1232;68;31;229;FU_PROV_1232;x
1233;123;153;150;FU_PROV_1233;x
1234;179;19;71;FU_PROV_1234;x
1235;234;140;248;FU_PROV_1235;x
1236;34;6;169;FU_PROV_1236;x
1237;89;128;90;FU_PROV_1237;x
1238;144;250;11;FU_PROV_1238;x
1239;200;115;188;FU_PROV_1239;x
1240;255;237;109;FU_PROV_1240;x
1241;55;103;30;FU_PROV_1241;x
1242;110;224;207;FU_PROV_1242;x
1243;166;90;128;FU_PROV_1243;x
1244;221;212;49;FU_PROV_1244;x
1245;21;77;226;FU_PROV_1245;x
1246;76;199;147;FU_PROV_1246;x
1247;132;65;68;FU_PROV_1247;x
1248;187;186;245;FU_PROV_1248;x
1249;243;52;166;FU_PROV_1249;x
1250;42;174;87;FU_PROV_1250;x
1251;98;40;8;FU_PROV_1251;x
1252;153;161;185;FU_PROV_1252;x
1253;209;27;106;FU_PROV_1253;x
1254;8;149;27;FU_PROV_1254;x
1255;64;14;204;FU_PROV_1255;x
1256;119;136;125;FU_PROV_1256;x
1257;175;2;46;FU_PROV_1257;x
1258;230;123;223;FU_PROV_1258;x
1259;29;245;144;FU_PROV_1259;x
1260;85;111;65;FU_PROV_1260;x
1261;140;232;242;FU_PROV_1261;x
1262;196;98;163;FU_PROV_1262;x
1263;251;220;84;FU_PROV_1263;x
1264;51;86;5;FU_PROV_1264;x
1265;106;207;182;FU_PROV_1265;x
1266;162;73;103;FU_PROV_1266;x
1267;217;195;24;FU_PROV_1267;x
1268;17;60;201;FU_PROV_1268;x
1269;72;182;122;FU_PROV_1269;x
1270;128;48;43;FU_PROV_1270;x
1271;183;169;220;FU_PROV_1271;x
1272;239;35;141;FU_PROV_1272;x
1273;38;157;62;FU_PROV_1273;x
1274;94;22;239;FU_PROV_1274;x
1275;149;144;160;FU_PROV_1275;x
1276;205;10;81;FU_PROV_1276;x
1277;4;132;2;FU_PROV_1277;x
1278;59;253;179;FU_PROV_1278;x
1279;115;119;100;FU_PROV_1279;x
1280;170;241;21;FU_PROV_1280;x
1281;226;106;198;FU_PROV_1281;x
1282;25;228;119;FU_PROV_1282;x
1283;81;94;40;FU_PROV_1283;x
1284;136;215;217;FU_PROV_1284;x
1285;192;81;138;FU_PROV_1285;x
1286;247;203;59;FU_PROV_1286;x
1287;47;68;236;FU_PROV_1287;x
1288;102;190;157;FU_PROV_1288;x
1289;158;56;78;FU_PROV_1289;x
1290;213;177;255;FU_PROV_1290;x
1291;13;43;176;FU_PROV_1291;x
1292;68;165;97;FU_PROV_1292;x
1293;124;31;18;FU_PROV_1293;x
1294;179;152;195;FU_PROV_1294;x
1295;235;18;116;FU_PROV_1295;x
1296;34;140;37;FU_PROV_1296;x
1297;90;5;214;FU_PROV_1297;x
1298;145;127;135;FU_PROV_1298;x
1299;200;249;56;FU_PROV_1299;x
1300;0;114;233;FU_PROV_1300;x
1301;55;236;154;FU_PROV_1301;x
1302;111;102;75;FU_PROV_1302;x
1303;166;223;252;FU_PROV_1303;x
1304;222;89;173;FU_PROV_1304;x
1305;21;211;94;FU_PROV_1305;x
1306;77;77;15;FU_PROV_1306;x
1307;132;198;192;FU_PROV_1307;x
1308;188;64;113;FU_PROV_1308;x
1309;243;186;34;FU_PROV_1309;x
1310;43;51;211;FU_PROV_1310;x
1311;98;173;132;FU_PROV_1311;x
1312;154;39;53;FU_PROV_1312;x
1313;209;160;230;FU_PROV_1313;x
1314;9;26;151;FU_PROV_1314;x
1315;64;148;72;FU_PROV_1315;x
1316;120;13;249;FU_PROV_1316;x
1317;175;135;170;FU_PROV_1317;x
1318;231;1;91;FU_PROV_1318;x
1319;30;123;12;FU_PROV_1319;x
1320;85;244;189;FU_PROV_1320;x
1321;141;110;110;FU_PROV_1321;x
1322;196;232;31;FU_PROV_1322;x
1323;252;97;208;FU_PROV_1323;x
1324;51;219;129;FU_PROV_1324;x
1325;107;85;50;FU_PROV_1325;x
1326;162;206;227;FU_PROV_1326;x
1327;218;72;148;FU_PROV_1327;x
1328;17;194;69;FU_PROV_1328;x
1329;73;59;246;FU_PROV_1329;x
1330;128;181;167;FU_PROV_1330;x
1331;184;47;88;FU_PROV_1331;x
1332;239;169;9;FU_PROV_1332;x
1333;39;34;186;FU_PROV_1333;x
1334;94;156;107;FU_PROV_1334;x
1335;150;22;28;FU_PROV_1335;x
1336;205;143;205;FU_PROV_1336;x
1337;5;9;126;FU_PROV_1337;x
1338;60;131;47;FU_PROV_1338;x
1339;115;252;224;FU_PROV_1339;x
1340;171;118;145;FU_PROV_1340;x
1341;226;240;66;FU_PROV_1341;x
1342;26;105;243;FU_PROV_1342;x
1343;81;227;164;FU_PROV_1343;x
1344;137;93;85;FU_PROV_1344;x
1345;192;215;6;FU_PROV_1345;x
1346;248;80;183;FU_PROV_1346;x
1347;47;202;104;FU_PROV_1347;x
1348;103;68;25;FU_PROV_1348;x
1349;158;189;202;FU_PROV_1349;x
1350;214;55;123;FU_PROV_1350;x
1351;13;177;44;FU_PROV_1351;x
1352;69;42;221;FU_PROV_1352;x
1353;124;164;142;FU_PROV_1353;x
1354;180;30;63;FU_PROV_1354;x
1355;235;151;240;FU_PROV_1355;x
1356;35;17;161;FU_PROV_1356;x
1357;90;139;82;FU_PROV_1357;x
1358;146;5;3;FU_PROV_1358;x
1359;201;126;180;FU_PROV_1359;x
1360;0;248;101;FU_PROV_1360;x
1361;56;114;22;FU_PROV_1361;x
1362;111;235;199;FU_PROV_1362;x
1363;167;101;120;FU_PROV_1363;x
1364;222;223;41;FU_PROV_1364;x
1365;22;88;218;FU_PROV_1365;x
1366;77;210;139;FU_PROV_1366;x
1367;133;76;60;FU_PROV_1367;x
1368;188;197;237;FU_PROV_1368;x
1369;244;63;158;FU_PROV_1369;x
1370;43;185;79;FU_PROV_1370;x
1371;99;51;0;FU_PROV_1371;x
1372;154;172;177;FU_PROV_1372;x
1373;210;38;98;FU_PROV_1373;x
1374;9;160;19;FU_PROV_1374;x
1375;65;25;196;FU_PROV_1375;x
1376;120;147;117;FU_PROV_1376;x
1377;176;13;38;FU_PROV_1377;x
1378;231;134;215;FU_PROV_1378;x
1379;31;0;136;FU_PROV_1379;x
1380;86;122;57;FU_PROV_1380;x
1381;141;243;234;FU_PROV_1381;x
1382;197;109;155;FU_PROV_1382;x
1383;252;231;76;FU_PROV_1383;x
1384;52;96;253;FU_PROV_1384;x
1385;107;218;174;FU_PROV_1385;x
1386;163;84;95;FU_PROV_1386;x
1387;218;206;16;FU_PROV_1387;x
1388;18;71;193;FU_PROV_1388;x
1389;73;193;114;FU_PROV_1389;x
1390;129;59;35;FU_PROV_1390;x
1391;184;180;212;FU_PROV_1391;x
1392;240;46;133;FU_PROV_1392;x
1393;39;168;54;FU_PROV_1393;x
1394;95;33;231;FU_PROV_1394;x
1395;150;155;152;FU_PROV_1395;x
1396;206;21;73;FU_PROV_1396;x
1397;5;142;250;FU_PROV_1397;x
1398;61;8;171;FU_PROV_1398;x
1399;116;130;92;FU_PROV_1399;x
1400;171;252;13;FU_PROV_1400;x
1401;227;117;190;FU_PROV_1401;x
1402;26;239;111;FU_PROV_1402;x
1403;82;105;32;FU_PROV_1403;x
1404;137;226;209;FU_PROV_1404;x
1405;193;92;130;FU_PROV_1405;x
1406;248;214;51;FU_PROV_1406;x
1407;48;79;228;FU_PROV_1407;x
1408;103;201;149;FU_PROV_1408;x
1409;159;67;70;FU_PROV_1409;x
1410;214;188;247;FU_PROV_1410;x
1411;14;54;168;FU_PROV_1411;x
1412;69;176;89;FU_PROV_1412;x
1413;125;42;10;FU_PROV_1413;x
1414;180;163;187;FU_PROV_1414;x
1415;236;29;108;FU_PROV_1415;x
1416;35;151;29;FU_PROV_1416;x
1417;91;16;206;FU_PROV_1417;x
1418;146;138;127;FU_PROV_1418;x
1419;202;4;48;FU_PROV_1419;x
1420;1;125;225;FU_PROV_1420;x
1421;56;247;146;FU_PROV_1421;x
1422;112;113;67;FU_PROV_1422;x
1423;167;234;244;FU_PROV_1423;x
1424;223;100;165;FU_PROV_1424;x
1425;22;222;86;FU_PROV_1425;x
1426;78;88;7;FU_PROV_1426;x
1427;133;209;184;FU_PROV_1427;x
1428;189;75;105;FU_PROV_1428;x
1429;244;197;26;FU_PROV_1429;x
1430;44;62;203;FU_PROV_1430;x
1431;99;184;124;FU_PROV_1431;x
1432;155;50;45;FU_PROV_1432;x
1433;210;171;222;FU_PROV_1433;x
1434;10;37;143;FU_PROV_1434;x
1435;65;159;64;FU_PROV_1435;x
1436;121;24;241;FU_PROV_1436;x
1437;176;146;162;FU_PROV_1437;x
1438;232;12;83;FU_PROV_1438;x
1439;31;134;4;FU_PROV_1439;x
1440;86;255;181;FU_PROV_1440;x
1441;142;121;102;FU_PROV_1441;x
1442;197;243;23;FU_PROV_1442;x
1443;253;108;200;FU_PROV_1443;x
1444;52;230;121;FU_PROV_1444;x
1445;108;96;42;FU_PROV_1445;x
1446;163;217;219;FU_PROV_1446;x
1447;219;83;140;FU_PROV_1447;x
1448;18;205;61;FU_PROV_1448;x
1449;74;70;238;FU_PROV_1449;x
1450;129;192;159;FU_PROV_1450;x
1451;185;58;80;FU_PROV_1451;x
1452;240;180;1;FU_PROV_1452;x
1453;40;45;178;FU_PROV_1453;x
1454;95;167;99;FU_PROV_1454;x
1455;151;33;20;FU_PROV_1455;x
1456;206;154;197;FU_PROV_1456;x
1457;6;20;118;FU_PROV_1457;x
1458;61;142;39;FU_PROV_1458;x
1459;117;7;216;FU_PROV_1459;x
1460;172;129;137;FU_PROV_1460;x
1461;227;251;58;FU_PROV_1461;x
1462;27;116;235;FU_PROV_1462;x
1463;82;238;156;FU_PROV_1463;x
1464;138;104;77;FU_PROV_1464;x
1465;193;225;254;FU_PROV_1465;x
1466;249;91;175;FU_PROV_1466;x
1467;48;213;96;FU_PROV_1467;x
1468;104;79;17;FU_PROV_1468;x
1469;159;200;194;FU_PROV_1469;x
1470;215;66;115;FU_PROV_1470;x
1471;14;188;36;FU_PROV_1471;x
1472;70;53;213;FU_PROV_1472;x
1473;125;175;134;FU_PROV_1473;x
1474;181;41;55;FU_PROV_1474;x
1475;236;162;232;FU_PROV_1475;x
1476;36;28;153;FU_PROV_1476;x
1477;91;150;74;FU_PROV_1477;x
1478;147;15;251;FU_PROV_1478;x
1479;202;137;172;FU_PROV_1479;x
1480;2;3;93;FU_PROV_1480;x
1481;57;125;14;FU_PROV_1481;x
1482;112;246;191;FU_PROV_1482;x
1483;168;112;112;FU_PROV_1483;x
1484;223;234;33;FU_PROV_1484;x
1485;23;99;210;FU_PROV_1485;x
1486;78;221;131;FU_PROV_1486;x
1487;134;87;52;FU_PROV_1487;x
1488;189;208;229;FU_PROV_1488;x
1489;245;74;150;FU_PROV_1489;x
1490;44;196;71;FU_PROV_1490;x
1491;100;61;248;FU_PROV_1491;x
1492;155;183;169;FU_PROV_1492;x
1493;211;49;90;FU_PROV_1493;x
1494;10;171;11;FU_PROV_1494;x
1495;66;36;188;FU_PROV_1495;x
1496;121;158;109;FU_PROV_1496;x
1497;177;24;30;FU_PROV_1497;x
1498;232;145;207;FU_PROV_1498;x
1499;32;11;128;FU_PROV_1499;x
1500;87;133;49;FU_PROV_1500;x
1501;142;254;226;FU_PROV_1501;x
1502;198;120;147;FU_PROV_1502;x
1503;253;242;68;FU_PROV_1503;x
1504;53;107;245;FU_PROV_1504;x
1505;108;229;166;FU_PROV_1505;x
1506;164;95;87;FU_PROV_1506;x
1507;219;217;8;FU_PROV_1507;x
1508;19;82;185;FU_PROV_1508;x
1509;74;204;106;FU_PROV_1509;x
1510;130;70;27;FU_PROV_1510;x
1511;185;191;204;FU_PROV_1511;x
1512;241;57;125;FU_PROV_1512;x
1513;40;179;46;FU_PROV_1513;x
1514;96;44;223;FU_PROV_1514;x
1515;151;166;144;FU_PROV_1515;x
1516;207;32;65;FU_PROV_1516;x
1517;6;153;242;FU_PROV_1517;x
1518;62;19;163;FU_PROV_1518;x
1519;117;141;84;FU_PROV_1519;x
1520;173;7;5;FU_PROV_1520;x
1521;228;128;182;FU_PROV_1521;x
1522;27;250;103;FU_PROV_1522;x
1523;83;116;24;FU_PROV_1523;x
1524;138;237;201;FU_PROV_1524;x
1525;194;103;122;FU_PROV_1525;x
1526;249;225;43;FU_PROV_1526;x
1527;49;90;220;FU_PROV_1527;x
1528;104;212;141;FU_PROV_1528;x
1529;160;78;62;FU_PROV_1529;x
1530;215;199;239;FU_PROV_1530;x
1531;15;65;160;FU_PROV_1531;x
1532;70;187;81;FU_PROV_1532;x
1533;126;53;2;FU_PROV_1533;x
1534;181;174;179;FU_PROV_1534;x
1535;237;40;100;FU_PROV_1535;x
1536;36;162;21;FU_PROV_1536;x
1537;92;27;198;FU_PROV_1537;x
1538;147;149;119;FU_PROV_1538;x
1539;203;15;40;FU_PROV_1539;x
1540;2;136;217;FU_PROV_1540;x
1541;58;2;138;FU_PROV_1541;x
1542;113;124;59;FU_PROV_1542;x
1543;168;245;236;FU_PROV_1543;x
1544;224;111;157;FU_PROV_1544;x
1545;23;233;78;FU_PROV_1545;x
1546;79;98;255;FU_PROV_1546;x
1547;134;220;176;FU_PROV_1547;x
1548;190;86;97;FU_PROV_1548;x
1549;245;208;18;FU_PROV_1549;x
1550;45;73;195;FU_PROV_1550;x
1551;100;195;116;FU_PROV_1551;x
1552;156;61;37;FU_PROV_1552;x
1553;211;182;214;FU_PROV_1553;x
1554;11;48;135;FU_PROV_1554;x
1555;66;170;56;FU_PROV_1555;x
1556;122;35;233;FU_PROV_1556;x
1557;177;157;154;FU_PROV_1557;x
1558;233;23;75;FU_PROV_1558;x
1559;32;144;252;FU_PROV_1559;x
1560;88;10;173;FU_PROV_1560;x
1561;143;132;94;FU_PROV_1561;x
1562;198;254;15;FU_PROV_1562;x
1563;254;119;192;FU_PROV_1563;x
1564;53;241;113;FU_PROV_1564;x
1565;109;107;34;FU_PROV_1565;x
1566;164;228;211;FU_PROV_1566;x
1567;220;94;132;FU_PROV_1567;x
1568;19;216;53;FU_PROV_1568;x
1569;75;81;230;FU_PROV_1569;x
1570;130;203;151;FU_PROV_1570;x
1571;186;69;72;FU_PROV_1571;x
1572;241;190;249;FU_PROV_1572;x
1573;41;56;170;FU_PROV_1573;x
1574;96;178;91;FU_PROV_1574;x
1575;152;44;12;FU_PROV_1575;x
1576;207;165;189;FU_PROV_1576;x
1577;7;31;110;FU_PROV_1577;x
1578;62;153;31;FU_PROV_1578;x
1579;118;18;208;FU_PROV_1579;x
1580;173;140;129;FU_PROV_1580;x
1581;229;6;50;FU_PROV_1581;x
1582;28;127;227;FU_PROV_1582;x
1583;83;249;148;FU_PROV_1583;x
1584;139;115;69;FU_PROV_1584;x
1585;194;236;246;FU_PROV_1585;x
1586;250;102;167;FU_PROV_1586;x
1587;49;224;88;FU_PROV_1587;x
1588;105;90;9;FU_PROV_1588;x
1589;160;211;186;FU_PROV_1589;x
1590;216;77;107;FU_PROV_1590;x
1591;15;199;28;FU_PROV_1591;x
1592;71;64;205;FU_PROV_1592;x
1593;126;186;126;FU_PROV_1593;x
1594;182;52;47;FU_PROV_1594;x
1595;237;173;224;FU_PROV_1595;x
1596;37;39;145;FU_PROV_1596;x
1597;92;161;66;FU_PROV_1597;x
1598;148;26;243;FU_PROV_1598;x
1599;203;148;164;FU_PROV_1599;x
1600;3;14;85;FU_PROV_1600;x
1601;58;136;6;FU_PROV_1601;x
1602;114;1;183;FU_PROV_1602;x
1603;169;123;104;FU_PROV_1603;x
1604;224;245;25;FU_PROV_1604;x
1605;24;110;202;FU_PROV_1605;x
1606;79;232;123;FU_PROV_1606;x
1607;135;98;44;FU_PROV_1607;x
1608;190;219;221;FU_PROV_1608;x
1609;246;85;142;FU_PROV_1609;x
1610;45;207;63;FU_PROV_1610;x
1611;101;72;240;FU_PROV_1611;x
1612;156;194;161;FU_PROV_1612;x
1613;212;60;82;FU_PROV_1613;x
1614;11;182;3;FU_PROV_1614;x
1615;67;47;180;FU_PROV_1615;x
1616;122;169;101;FU_PROV_1616;x
1617;178;35;22;FU_PROV_1617;x
1618;233;156;199;FU_PROV_1618;x
1619;33;22;120;FU_PROV_1619;x
1620;88;144;41;FU_PROV_1620;x
1621;144;9;218;FU_PROV_1621;x
1622;199;131;139;FU_PROV_1622;x
1623;254;253;60;FU_PROV_1623;x
1624;54;118;237;FU_PROV_1624;x
1625;109;240;158;FU_PROV_1625;x
1626;165;106;79;FU_PROV_1626;x
1627;220;228;0;FU_PROV_1627;x
1628;20;93;177;FU_PROV_1628;x
1629;75;215;98;FU_PROV_1629;x
1630;131;81;19;FU_PROV_1630;x
1631;186;202;196;FU_PROV_1631;x
1632;242;68;117;FU_PROV_1632;x
1633;41;190;38;FU_PROV_1633;x
1634;97;55;215;FU_PROV_1634;x
1635;152;177;136;FU_PROV_1635;x
1636;208;43;57;FU_PROV_1636;x
1637;7;164;234;FU_PROV_1637;x
1638;63;30;155;FU_PROV_1638;x
1639;118;152;76;FU_PROV_1639;x
1640;174;17;253;FU_PROV_1640;x
1641;229;139;174;FU_PROV_1641;x
1642;29;5;95;FU_PROV_1642;x
1643;84;127;16;FU_PROV_1643;x
1644;139;248;193;FU_PROV_1644;x
1645;195;114;114;FU_PROV_1645;x
1646;250;236;35;FU_PROV_1646;x
1647;50;101;212;FU_PROV_1647;x
1648;105;223;133;FU_PROV_1648;x
1649;161;89;54;FU_PROV_1649;x
1650;216;210;231;FU_PROV_1650;x
1651;16;76;152;FU_PROV_1651;x
1652;71;198;73;FU_PROV_1652;x
1653;127;63;250;FU_PROV_1653;x
1654;182;185;171;FU_PROV_1654;x
1655;238;51;92;FU_PROV_1655;x
1656;37;173;13;FU_PROV_1656;x
1657;93;38;190;FU_PROV_1657;x
1658;148;160;111;FU_PROV_1658;x
1659;204;26;32;FU_PROV_1659;x
1660;3;147;209;FU_PROV_1660;x
1661;59;13;130;FU_PROV_1661;x
1662;114;135;51;FU_PROV_1662;x
1663;170;0;228;FU_PROV_1663;x
1664;225;122;149;FU_PROV_1664;x
1665;24;244;70;FU_PROV_1665;x
1666;80;109;247;FU_PROV_1666;x
1667;135;231;168;FU_PROV_1667;x
1668;191;97;89;FU_PROV_1668;x
1669;246;219;10;FU_PROV_1669;x
1670;46;84;187;FU_PROV_1670;x
1671;101;206;108;FU_PROV_1671;x
1672;157;72;29;FU_PROV_1672;x
1673;212;193;206;FU_PROV_1673;x
1674;12;59;127;FU_PROV_1674;x
1675;67;181;48;FU_PROV_1675;x
1676;123;46;225;FU_PROV_1676;x
1677;178;168;146;FU_PROV_1677;x
1678;234;34;67;FU_PROV_1678;x
1679;33;155;244;FU_PROV_1679;x
1680;89;21;165;FU_PROV_1680;x
1681;144;143;86;FU_PROV_1681;x
1682;200;9;7;FU_PROV_1682;x
1683;255;130;184;FU_PROV_1683;x
1684;54;252;105;FU_PROV_1684;x
1685;110;118;26;FU_PROV_1685;x
1686;165;239;203;FU_PROV_1686;x
1687;221;105;124;FU_PROV_1687;x
1688;20;227;45;FU_PROV_1688;x
1689;76;92;222;FU_PROV_1689;x
1690;131;214;143;FU_PROV_1690;x
1691;187;80;64;FU_PROV_1691;x
1692;242;201;241;FU_PROV_1692;x
1693;42;67;162;FU_PROV_1693;x
1694;97;189;83;FU_PROV_1694;x
1695;153;55;4;FU_PROV_1695;x
1696;208;176;181;FU_PROV_1696;x
1697;8;42;102;FU_PROV_1697;x
1698;63;164;23;FU_PROV_1698;x
1699;119;29;200;FU_PROV_1699;x
1700;174;151;121;FU_PROV_1700;x
1701;230;17;42;FU_PROV_1701;x
1702;29;138;219;FU_PROV_1702;x
1703;85;4;140;FU_PROV_1703;x
1704;140;126;61;FU_PROV_1704;x
1705;195;247;238;FU_PROV_1705;x
1706;251;113;159;FU_PROV_1706;x
1707;50;235;80;FU_PROV_1707;x
1708;106;101;1;FU_PROV_1708;x
1709;161;222;178;FU_PROV_1709;x
1710;217;88;99;FU_PROV_1710;x
1711;16;210;20;FU_PROV_1711;x
1712;72;75;197;FU_PROV_1712;x
1713;127;197;118;FU_PROV_1713;x
1714;183;63;39;FU_PROV_1714;x
1715;238;184;216;FU_PROV_1715;x
1716;38;50;137;FU_PROV_1716;x
1717;93;172;58;FU_PROV_1717;x
1718;149;37;235;FU_PROV_1718;x
1719;204;159;156;FU_PROV_1719;x
1720;4;25;77;FU_PROV_1720;x
1721;59;146;254;FU_PROV_1721;x
1722;115;12;175;FU_PROV_1722;x
1723;170;134;96;FU_PROV_1723;x
1724;226;0;17;FU_PROV_1724;x
1725;25;121;194;FU_PROV_1725;x
1726;80;243;115;FU_PROV_1726;x
1727;136;109;36;FU_PROV_1727;x
1728;191;230;213;FU_PROV_1728;x
1729;247;96;134;FU_PROV_1729;x
1730;46;218;55;FU_PROV_1730;x
1731;102;83;232;FU_PROV_1731;x
1732;157;205;153;FU_PROV_1732;x
1733;213;71;74;FU_PROV_1733;x
1734;12;192;251;FU_PROV_1734;x
1735;68;58;172;FU_PROV_1735;x
1736;123;180;93;FU_PROV_1736;x
1737;179;46;14;FU_PROV_1737;x
1738;234;167;191;FU_PROV_1738;x
1739;34;33;112;FU_PROV_1739;x
1740;89;155;33;FU_PROV_1740;x
1741;145;20;210;FU_PROV_1741;x
1742;200;142;131;FU_PROV_1742;x
1743;0;8;52;FU_PROV_1743;x
1744;55;129;229;FU_PROV_1744;x
1745;110;251;150;FU_PROV_1745;x
1746;166;117;71;FU_PROV_1746;x
1747;221;238;248;FU_PROV_1747;x
1748;21;104;169;FU_PROV_1748;x
1749;76;226;90;FU_PROV_1749;x
1750;132;92;11;FU_PROV_1750;x
1751;187;213;188;FU_PROV_1751;x
1752;243;79;109;FU_PROV_1752;x
1753;42;201;30;FU_PROV_1753;x
1754;98;66;207;FU_PROV_1754;x
1755;153;188;128;FU_PROV_1755;x
1756;209;54;49;FU_PROV_1756;x
1757;8;175;226;FU_PROV_1757;x
1758;64;41;147;FU_PROV_1758;x
1759;119;163;68;FU_PROV_1759;x
1760;175;28;245;FU_PROV_1760;x
1761;230;150;166;FU_PROV_1761;x
1762;30;16;87;FU_PROV_1762;x
1763;85;138;8;FU_PROV_1763;x
1764;141;3;185;FU_PROV_1764;x
1765;196;125;106;FU_PROV_1765;x
1766;251;247;27;FU_PROV_1766;x
1767;51;112;204;FU_PROV_1767;x
1768;106;234;125;FU_PROV_1768;x
1769;162;100;46;FU_PROV_1769;x
1770;217;221;223;FU_PROV_1770;x
1771;17;87;144;FU_PROV_1771;x
1772;72;209;65;FU_PROV_1772;x
1773;128;74;242;FU_PROV_1773;x
1774;183;196;163;FU_PROV_1774;x
1775;239;62;84;FU_PROV_1775;x
1776;38;184;5;FU_PROV_1776;x
1777;94;49;182;FU_PROV_1777;x
1778;149;171;103;FU_PROV_1778;x
1779;205;37;24;FU_PROV_1779;x
1780;4;158;201;FU_PROV_1780;x
1781;60;24;122;FU_PROV_1781;x
1782;115;146;43;FU_PROV_1782;x
1783;171;11;220;FU_PROV_1783;x
1784;226;133;141;FU_PROV_1784;x
1785;25;255;62;FU_PROV_1785;x
1786;81;120;239;FU_PROV_1786;x
1787;136;242;160;FU_PROV_1787;x
1788;192;108;81;FU_PROV_1788;x
1789;247;230;2;FU_PROV_1789;x
1790;47;95;179;FU_PROV_1790;x
1791;102;217;100;FU_PROV_1791;x
1792;158;83;21;FU_PROV_1792;x
1793;213;204;198;FU_PROV_1793;x
1794;13;70;119;FU_PROV_1794;x
1795;68;192;40;FU_PROV_1795;x
1796;124;57;217;FU_PROV_1796;x
1797;179;179;138;FU_PROV_1797;x
1798;235;45;59;FU_PROV_1798;x
1799;34;166;236;FU_PROV_1799;x
1800;90;32;157;FU_PROV_1800;x
1801;145;154;78;FU_PROV_1801;x
1802;201;19;255;FU_PROV_1802;x
1803;0;141;176;FU_PROV_1803;x
1804;56;7;97;FU_PROV_1804;x
1805;111;129;18;FU_PROV_1805;x
1806;166;250;195;FU_PROV_1806;x
1807;222;116;116;FU_PROV_1807;x
1808;21;238;37;FU_PROV_1808;x
1809;77;103;214;FU_PROV_1809;x
1810;132;225;135;FU_PROV_1810;x
1811;188;91;56;FU_PROV_1811;x
1812;243;212;233;FU_PROV_1812;x
1813;43;78;154;FU_PROV_1813;x
1814;98;200;75;FU_PROV_1814;x
1815;154;65;252;FU_PROV_1815;x
1816;209;187;173;FU_PROV_1816;x
1817;9;53;94;FU_PROV_1817;x
1818;64;175;15;FU_PROV_1818;x
1819;120;40;192;FU_PROV_1819;x
1820;175;162;113;FU_PROV_1820;x
1821;231;28;34;FU_PROV_1821;x
1822;30;149;211;FU_PROV_1822;x
1823;86;15;132;FU_PROV_1823;x
1824;141;137;53;FU_PROV_1824;x
1825;197;2;230;FU_PROV_1825;x
1826;252;124;151;FU_PROV_1826;x
1827;51;246;72;FU_PROV_1827;x
1828;107;111;249;FU_PROV_1828;x
1829;162;233;170;FU_PROV_1829;x
1830;218;99;91;FU_PROV_1830;x
1831;17;221;12;FU_PROV_1831;x
1832;73;86;189;FU_PROV_1832;x
1833;128;208;110;FU_PROV_1833;x
1834;184;74;31;FU_PROV_1834;x
1835;239;195;208;FU_PROV_1835;x
1836;39;61;129;FU_PROV_1836;x
1837;94;183;50;FU_PROV_1837;x
1838;150;48;227;FU_PROV_1838;x
1839;205;170;148;FU_PROV_1839;x
1840;5;36;69;FU_PROV_1840;x
1841;60;157;246;FU_PROV_1841;x
1842;116;23;167;FU_PROV_1842;x
1843;171;145;88;FU_PROV_1843;x
1844;227;11;9;FU_PROV_1844;x
1845;26;132;186;FU_PROV_1845;x
1846;81;254;107;FU_PROV_1846;x
1847;137;120;28;FU_PROV_1847;x
1848;192;241;205;FU_PROV_1848;x
1849;248;107;126;FU_PROV_1849;x
1850;47;229;47;FU_PROV_1850;x
1851;103;94;224;FU_PROV_1851;x
1852;158;216;145;FU_PROV_1852;x
1853;214;82;66;FU_PROV_1853;x
1854;13;203;243;FU_PROV_1854;x
1855;69;69;164;FU_PROV_1855;x
1856;124;191;85;FU_PROV_1856;x
1857;180;57;6;FU_PROV_1857;x
1858;235;178;183;FU_PROV_1858;x
1859;35;44;104;FU_PROV_1859;x
1860;90;166;25;FU_PROV_1860;x
1861;146;31;202;FU_PROV_1861;x
1862;201;153;123;FU_PROV_1862;x
1863;1;19;44;FU_PROV_1863;x
1864;56;140;221;FU_PROV_1864;x
1865;112;6;142;FU_PROV_1865;x
1866;167;128;63;FU_PROV_1866;x
1867;222;249;240;FU_PROV_1867;x
1868;22;115;161;FU_PROV_1868;x
1869;77;237;82;FU_PROV_1869;x
1870;133;103;3;FU_PROV_1870;x
1871;188;224;180;FU_PROV_1871;x
1872;244;90;101;FU_PROV_1872;x
1873;43;212;22;FU_PROV_1873;x
1874;99;77;199;FU_PROV_1874;x
1875;154;199;120;FU_PROV_1875;x
1876;210;65;41;FU_PROV_1876;x
1877;9;186;218;FU_PROV_1877;x
1878;65;52;139;FU_PROV_1878;x
1879;120;174;60;FU_PROV_1879;x
1880;176;39;237;FU_PROV_1880;x
1881;231;161;158;FU_PROV_1881;x
1882;31;27;79;FU_PROV_1882;x
1883;86;149;0;FU_PROV_1883;x
1884;142;14;177;FU_PROV_1884;x
1885;197;136;98;FU_PROV_1885;x
1886;253;2;19;FU_PROV_1886;x
1887;52;123;196;FU_PROV_1887;x
1888;107;245;117;FU_PROV_1888;x
1889;163;111;38;FU_PROV_1889;x
1890;218;232;215;FU_PROV_1890;x
1891;18;98;136;FU_PROV_1891;x
1892;73;220;57;FU_PROV_1892;x
1893;129;85;234;FU_PROV_1893;x
1894;184;207;155;FU_PROV_1894;x
1895;240;73;76;FU_PROV_1895;x
1896;39;194;253;FU_PROV_1896;x
1897;95;60;174;FU_PROV_1897;x
1898;150;182;95;FU_PROV_1898;x
1899;206;48;16;FU_PROV_1899;x
1900;5;169;193;FU_PROV_1900;x
1901;61;35;114;FU_PROV_1901;x
1902;116;157;35;FU_PROV_1902;x
1903;172;22;212;FU_PROV_1903;x
1904;227;144;133;FU_PROV_1904;x
1905;27;10;54;FU_PROV_1905;x
1906;82;131;231;FU_PROV_1906;x
1907;137;253;152;FU_PROV_1907;x
1908;193;119;73;FU_PROV_1908;x
1909;248;240;250;FU_PROV_1909;x
1910;48;106;171;FU_PROV_1910;x
1911;103;228;92;FU_PROV_1911;x
1912;159;94;13;FU_PROV_1912;x
1913;214;215;190;FU_PROV_1913;x
1914;14;81;111;FU_PROV_1914;x
1915;69;203;32;FU_PROV_1915;x
1916;125;68;209;FU_PROV_1916;x
1917;180;190;130;FU_PROV_1917;x
1918;236;56;51;FU_PROV_1918;x
1919;35;177;228;FU_PROV_1919;x
1920;91;43;149;FU_PROV_1920;x
1921;146;165;70;FU_PROV_1921;x
1922;202;30;247;FU_PROV_1922;x
1923;1;152;168;FU_PROV_1923;x
1924;57;18;89;FU_PROV_1924;x
1925;112;140;10;FU_PROV_1925;x
1926;168;5;187;FU_PROV_1926;x
1927;223;127;108;FU_PROV_1927;x
1928;22;249;29;FU_PROV_1928;x
1929;78;114;206;FU_PROV_1929;x
1930;133;236;127;FU_PROV_1930;x
1931;189;102;48;FU_PROV_1931;x
1932;244;223;225;FU_PROV_1932;x
1933;44;89;146;FU_PROV_1933;x
1934;99;211;67;FU_PROV_1934;x
1935;155;76;244;FU_PROV_1935;x
1936;210;198;165;FU_PROV_1936;x
1937;10;64;86;FU_PROV_1937;x
1938;65;186;7;FU_PROV_1938;x
1939;121;51;184;FU_PROV_1939;x
1940;176;173;105;FU_PROV_1940;x
1941;232;39;26;FU_PROV_1941;x
1942;31;160;203;FU_PROV_1942;x
1943;87;26;124;FU_PROV_1943;x
1944;142;148;45;FU_PROV_1944;x
1945;198;13;222;FU_PROV_1945;x
1946;253;135;143;FU_PROV_1946;x
1947;53;1;64;FU_PROV_1947;x
1948;108;122;241;FU_PROV_1948;x
1949;163;244;162;FU_PROV_1949;x
1950;219;110;83;FU_PROV_1950;x
1951;18;232;4;FU_PROV_1951;x
1952;74;97;181;FU_PROV_1952;x
1953;129;219;102;FU_PROV_1953;x
1954;185;85;23;FU_PROV_1954;x
1955;240;206;200;FU_PROV_1955;x
1956;40;72;121;FU_PROV_1956;x
1957;95;194;42;FU_PROV_1957;x
1958;151;59;219;FU_PROV_1958;x
1959;206;181;140;FU_PROV_1959;x
1960;6;47;61;FU_PROV_1960;x
1961;61;168;238;FU_PROV_1961;x
1962;117;34;159;FU_PROV_1962;x
1963;172;156;80;FU_PROV_1963;x
1964;228;22;1;FU_PROV_1964;x
1965;27;143;178;FU_PROV_1965;x
1966;83;9;99;FU_PROV_1966;x
1967;138;131;20;FU_PROV_1967;x
1968;193;252;197;FU_PROV_1968;x
1969;249;118;118;FU_PROV_1969;x
1970;48;240;39;FU_PROV_1970;x
1971;104;105;216;FU_PROV_1971;x
1972;159;227;137;FU_PROV_1972;x
1973;215;93;58;FU_PROV_1973;x
1974;14;214;235;FU_PROV_1974;x
1975;70;80;156;FU_PROV_1975;x
1976;125;202;77;FU_PROV_1976;x
1977;181;67;254;FU_PROV_1977;x
1978;236;189;175;FU_PROV_1978;x
1979;36;55;96;FU_PROV_1979;x
1980;91;177;17;FU_PROV_1980;x
1981;147;42;194;FU_PROV_1981;x
1982;202;164;115;FU_PROV_1982;x
1983;2;30;36;FU_PROV_1983;x
1984;57;151;213;FU_PROV_1984;x
1985;113;17;134;FU_PROV_1985;x
1986;168;139;55;FU_PROV_1986;x
1987;224;4;232;FU_PROV_1987;x
1988;23;126;153;FU_PROV_1988;x
1989;78;248;74;FU_PROV_1989;x
1990;134;113;251;FU_PROV_1990;x
1991;189;235;172;FU_PROV_1991;x
1992;245;101;93;FU_PROV_1992;x
1993;44;223;14;FU_PROV_1993;x
1994;100;88;191;FU_PROV_1994;x
1995;155;210;112;FU_PROV_1995;x
1996;211;76;33;FU_PROV_1996;x
1997;10;197;210;FU_PROV_1997;x
1998;66;63;131;FU_PROV_1998;x
1999;121;185;52;FU_PROV_1999;x
2000;177;50;229;FU_PROV_2000;x
2001;232;172;150;FU_PROV_2001;x
2002;32;38;71;FU_PROV_2002;x
2003;87;159;248;FU_PROV_2003;x
2004;143;25;169;FU_PROV_2004;x
2005;198;147;90;FU_PROV_2005;x
2006;254;13;11;FU_PROV_2006;x
2007;53;134;188;FU_PROV_2007;x
2008;109;0;109;FU_PROV_2008;x
2009;164;122;30;FU_PROV_2009;x
2010;219;243;207;FU_PROV_2010;x
2011;19;109;128;FU_PROV_2011;x
2012;74;231;49;FU_PROV_2012;x
2013;130;96;226;FU_PROV_2013;x
2014;185;218;147;FU_PROV_2014;x
2015;241;84;68;FU_PROV_2015;x
2016;40;205;245;FU_PROV_2016;x
2017;96;71;166;FU_PROV_2017;x
2018;151;193;87;FU_PROV_2018;x
2019;207;59;8;FU_PROV_2019;x
2020;6;180;185;FU_PROV_2020;x
2021;62;46;106;FU_PROV_2021;x
2022;117;168;27;FU_PROV_2022;x
2023;173;33;204;FU_PROV_2023;x
2024;228;155;125;FU_PROV_2024;x
2025;28;21;46;FU_PROV_2025;x
2026;83;142;223;FU_PROV_2026;x
2027;139;8;144;FU_PROV_2027;x
2028;194;130;65;FU_PROV_2028;x
2029;249;251;242;FU_PROV_2029;x
2030;49;117;163;FU_PROV_2030;x
2031;104;239;84;FU_PROV_2031;x
2032;160;105;5;FU_PROV_2032;x
2033;215;226;182;FU_PROV_2033;x
2034;15;92;103;FU_PROV_2034;x
2035;70;214;24;FU_PROV_2035;x
2036;126;79;201;FU_PROV_2036;x
2037;181;201;122;FU_PROV_2037;x
2038;237;67;43;FU_PROV_2038;x
2039;36;188;220;FU_PROV_2039;x
2040;92;54;141;FU_PROV_2040;x
2041;147;176;62;FU_PROV_2041;x
2042;203;41;239;FU_PROV_2042;x
2043;2;163;160;FU_PROV_2043;x
2044;58;29;81;FU_PROV_2044;x
2045;113;151;2;FU_PROV_2045;x
2046;169;16;179;FU_PROV_2046;x
2047;224;138;100;FU_PROV_2047;x
2048;24;4;21;FU_PROV_2048;x
2049;79;125;198;FU_PROV_2049;x
2050;134;247;119;FU_PROV_2050;x
2051;190;113;40;FU_PROV_2051;x
2052;245;234;217;FU_PROV_2052;x
2053;45;100;138;FU_PROV_2053;x
2054;100;222;59;FU_PROV_2054;x
2055;156;87;236;FU_PROV_2055;x
2056;211;209;157;FU_PROV_2056;x
2057;11;75;78;FU_PROV_2057;x
2058;66;196;255;FU_PROV_2058;x
2059;122;62;176;FU_PROV_2059;x
2060;177;184;97;FU_PROV_2060;x
2061;233;50;18;FU_PROV_2061;x
2062;32;171;195;FU_PROV_2062;x
2063;88;37;116;FU_PROV_2063;x
2064;143;159;37;FU_PROV_2064;x
2065;199;24;214;FU_PROV_2065;x
2066;254;146;135;FU_PROV_2066;x
2067;54;12;56;FU_PROV_2067;x
2068;109;133;233;FU_PROV_2068;x
2069;164;255;154;FU_PROV_2069;x
2070;220;121;75;FU_PROV_2070;x
2071;19;242;252;FU_PROV_2071;x
2072;75;108;173;FU_PROV_2072;x
2073;130;230;94;FU_PROV_2073;x
2074;186;96;15;FU_PROV_2074;x
2075;241;217;192;FU_PROV_2075;x
2076;41;83;113;FU_PROV_2076;x
2077;96;205;34;FU_PROV_2077;x
2078;152;70;211;FU_PROV_2078;x
2079;207;192;132;FU_PROV_2079;x
2080;7;58;53;FU_PROV_2080;x
2081;62;179;230;FU_PROV_2081;x
2082;118;45;151;FU_PROV_2082;x
2083;173;167;72;FU_PROV_2083;x
2084;229;32;249;FU_PROV_2084;x
2085;28;154;170;FU_PROV_2085;x
2086;84;20;91;FU_PROV_2086;x
2087;139;142;12;FU_PROV_2087;x
2088;195;7;189;FU_PROV_2088;x
2089;250;129;110;FU_PROV_2089;x
2090;49;251;31;FU_PROV_2090;x
2091;105;116;208;FU_PROV_2091;x
2092;160;238;129;FU_PROV_2092;x
2093;216;104;50;FU_PROV_2093;x
2094;15;225;227;FU_PROV_2094;x
2095;71;91;148;FU_PROV_2095;x
2096;126;213;69;FU_PROV_2096;x
2097;182;78;246;FU_PROV_2097;x
2098;237;200;167;FU_PROV_2098;x
2099;37;66;88;FU_PROV_2099;x
2100;92;188;9;FU_PROV_2100;x
2101;148;53;186;FU_PROV_2101;x
2102;203;175;107;FU_PROV_2102;x
2103;3;41;28;FU_PROV_2103;x
2104;58;162;205;FU_PROV_2104;x
2105;114;28;126;FU_PROV_2105;x
2106;169;150;47;FU_PROV_2106;x
2107;225;15;224;FU_PROV_2107;x
2108;24;137;145;FU_PROV_2108;x
2109;80;3;66;FU_PROV_2109;x
2110;135;124;243;FU_PROV_2110;x
2111;190;246;164;FU_PROV_2111;x
2112;246;112;85;FU_PROV_2112;x
2113;45;234;6;FU_PROV_2113;x
2114;101;99;183;FU_PROV_2114;x
2115;156;221;104;FU_PROV_2115;x
2116;212;87;25;FU_PROV_2116;x
2117;11;208;202;FU_PROV_2117;x
2118;67;74;123;FU_PROV_2118;x
2119;122;196;44;FU_PROV_2119;x
2120;178;61;221;FU_PROV_2120;x
2121;233;183;142;FU_PROV_2121;x
2122;33;49;63;FU_PROV_2122;x
2123;88;170;240;FU_PROV_2123;x
2124;144;36;161;FU_PROV_2124;x
2125;199;158;82;FU_PROV_2125;x
2126;255;24;3;FU_PROV_2126;x
2127;54;145;180;FU_PROV_2127;x
2128;110;11;101;FU_PROV_2128;x
2129;165;133;22;FU_PROV_2129;x
2130;220;254;199;FU_PROV_2130;x
2131;20;120;120;FU_PROV_2131;x
2132;75;242;41;FU_PROV_2132;x
2133;131;107;218;FU_PROV_2133;x
2134;186;229;139;FU_PROV_2134;x
2135;242;95;60;FU_PROV_2135;x
2136;41;216;237;FU_PROV_2136;x
2137;97;82;158;FU_PROV_2137;x
2138;152;204;79;FU_PROV_2138;x
2139;208;70;0;FU_PROV_2139;x
2140;7;191;177;FU_PROV_2140;x
2141;63;57;98;FU_PROV_2141;x
2142;118;179;19;FU_PROV_2142;x
2143;174;44;196;FU_PROV_2143;x
2144;229;166;117;FU_PROV_2144;x
2145;29;32;38;FU_PROV_2145;x
2146;84;153;215;FU_PROV_2146;x
2147;140;19;136;FU_PROV_2147;x
2148;195;141;57;FU_PROV_2148;x
2149;251;6;234;FU_PROV_2149;x
2150;50;128;155;FU_PROV_2150;x
2151;105;250;76;FU_PROV_2151;x
2152;161;115;253;FU_PROV_2152;x
2153;216;237;174;FU_PROV_2153;x
2154;16;103;95;FU_PROV_2154;x
2155;71;225;16;FU_PROV_2155;x
2156;127;90;193;FU_PROV_2156;x
2157;182;212;114;FU_PROV_2157;x
2158;238;78;35;FU_PROV_2158;x
2159;37;199;212;FU_PROV_2159;x
2160;93;65;133;FU_PROV_2160;x
2161;148;187;54;FU_PROV_2161;x
2162;204;52;231;FU_PROV_2162;x
2163;3;174;152;FU_PROV_2163;x
2164;59;40;73;FU_PROV_2164;x
2165;114;161;250;FU_PROV_2165;x
2166;170;27;171;FU_PROV_2166;x
2167;225;149;92;FU_PROV_2167;x
2168;25;15;13;FU_PROV_2168;x
2169;80;136;190;FU_PROV_2169;x
2170;136;2;111;FU_PROV_2170;x
2171;191;124;32;FU_PROV_2171;x
2172;246;245;209;FU_PROV_2172;x
2173;46;111;130;FU_PROV_2173;x
2174;101;233;51;FU_PROV_2174;x
2175;157;98;228;FU_PROV_2175;x
2176;212;220;149;FU_PROV_2176;x
2177;12;86;70;FU_PROV_2177;x
2178;67;207;247;FU_PROV_2178;x
2179;123;73;168;FU_PROV_2179;x
2180;178;195;89;FU_PROV_2180;x
2181;234;61;10;FU_PROV_2181;x
2182;33;182;187;FU_PROV_2182;x
2183;89;48;108;FU_PROV_2183;x
2184;144;170;29;FU_PROV_2184;x
2185;200;35;206;FU_PROV_2185;x
2186;255;157;127;FU_PROV_2186;x
2187;55;23;48;FU_PROV_2187;x
2188;110;144;225;FU_PROV_2188;x
2189;166;10;146;FU_PROV_2189;x
2190;221;132;67;FU_PROV_2190;x
2191;20;253;244;FU_PROV_2191;x
2192;76;119;165;FU_PROV_2192;x
2193;131;241;86;FU_PROV_2193;x
2194;187;107;7;FU_PROV_2194;x
2195;242;228;184;FU_PROV_2195;x
2196;42;94;105;FU_PROV_2196;x
2197;97;216;26;FU_PROV_2197;x
2198;153;81;203;FU_PROV_2198;x
2199;208;203;124;FU_PROV_2199;x
2200;8;69;45;FU_PROV_2200;x
2201;63;190;222;FU_PROV_2201;x
2202;119;56;143;FU_PROV_2202;x
2203;174;178;64;FU_PROV_2203;x
2204;230;43;241;FU_PROV_2204;x
2205;29;165;162;FU_PROV_2205;x
2206;85;31;83;FU_PROV_2206;x
2207;140;153;4;FU_PROV_2207;x
2208;196;18;181;FU_PROV_2208;x
2209;251;140;102;FU_PROV_2209;x
2210;51;6;23;FU_PROV_2210;x
2211;106;127;200;FU_PROV_2211;x
2212;161;249;121;FU_PROV_2212;x
2213;217;115;42;FU_PROV_2213;x
2214;16;236;219;FU_PROV_2214;x
2215;72;102;140;FU_PROV_2215;x
2216;127;224;61;FU_PROV_2216;x
2217;183;89;238;FU_PROV_2217;x
2218;238;211;159;FU_PROV_2218;x
2219;38;77;80;FU_PROV_2219;x
2220;93;199;1;FU_PROV_2220;x
2221;149;64;178;FU_PROV_2221;x
2222;204;186;99;FU_PROV_2222;x
2223;4;52;20;FU_PROV_2223;x
2224;59;173;197;FU_PROV_2224;x
2225;115;39;118;FU_PROV_2225;x
2226;170;161;39;FU_PROV_2226;x
2227;226;26;216;FU_PROV_2227;x
2228;25;148;137;FU_PROV_2228;x
2229;81;14;58;FU_PROV_2229;x
2230;136;135;235;FU_PROV_2230;x
2231;192;1;156;FU_PROV_2231;x
2232;247;123;77;FU_PROV_2232;x
2233;46;244;254;FU_PROV_2233;x
2234;102;110;175;FU_PROV_2234;x
2235;157;232;96;FU_PROV_2235;x
2236;213;98;17;FU_PROV_2236;x
2237;12;219;194;FU_PROV_2237;x
2238;68;85;115;FU_PROV_2238;x
2239;123;207;36;FU_PROV_2239;x
2240;179;72;213;FU_PROV_2240;x
2241;234;194;134;FU_PROV_2241;x
2242;34;60;55;FU_PROV_2242;x
2243;89;181;232;FU_PROV_2243;x
2244;145;47;153;FU_PROV_2244;x
2245;200;169;74;FU_PROV_2245;x
2246;0;34;251;FU_PROV_2246;x
2247;55;156;172;FU_PROV_2247;x
2248;111;22;93;FU_PROV_2248;x
2249;166;144;14;FU_PROV_2249;x
2250;222;9;191;FU_PROV_2250;x
2251;21;131;112;FU_PROV_2251;x
2252;76;253;33;FU_PROV_2252;x
2253;132;118;210;FU_PROV_2253;x
2254;187;240;131;FU_PROV_2254;x
2255;243;106;52;FU_PROV_2255;x
2256;42;227;229;FU_PROV_2256;x
2257;98;93;150;FU_PROV_2257;x
2258;153;215;71;FU_PROV_2258;x
2259;209;80;248;FU_PROV_2259;x
2260;8;202;169;FU_PROV_2260;x
2261;64;68;90;FU_PROV_2261;x
2262;119;190;11;FU_PROV_2262;x
2263;175;55;188;FU_PROV_2263;x
2264;230;177;109;FU_PROV_2264;x
2265;30;43;30;FU_PROV_2265;x
2266;85;164;207;FU_PROV_2266;x
2267;141;30;128;FU_PROV_2267;x
2268;196;152;49;FU_PROV_2268;x
2269;252;17;226;FU_PROV_2269;x
2270;51;139;147;FU_PROV_2270;x
2271;107;5;68;FU_PROV_2271;x
2272;162;126;245;FU_PROV_2272;x
2273;217;248;166;FU_PROV_2273;x
2274;17;114;87;FU_PROV_2274;x
2275;72;236;8;FU_PROV_2275;x
2276;128;101;185;FU_PROV_2276;x
2277;183;223;106;FU_PROV_2277;x
2278;239;89;27;FU_PROV_2278;x
2279;38;210;204;FU_PROV_2279;x
2280;94;76;125;FU_PROV_2280;x
2281;149;198;46;FU_PROV_2281;x
2282;205;63;223;FU_PROV_2282;x
2283;4;185;144;FU_PROV_2283;x
2284;60;51;65;FU_PROV_2284;x
2285;115;172;242;FU_PROV_2285;x
2286;171;38;163;FU_PROV_2286;x
2287;226;160;84;FU_PROV_2287;x
2288;26;26;5;FU_PROV_2288;x
2289;81;147;182;FU_PROV_2289;x
2290;137;13;103;FU_PROV_2290;x
2291;192;135;24;FU_PROV_2291;x
2292;248;0;201;FU_PROV_2292;x
2293;47;122;122;FU_PROV_2293;x
2294;102;244;43;FU_PROV_2294;x
2295;158;109;220;FU_PROV_2295;x
2296;213;231;141;FU_PROV_2296;x
2297;13;97;62;FU_PROV_2297;x
2298;68;218;239;FU_PROV_2298;x
2299;124;84;160;FU_PROV_2299;x
2300;179;206;81;FU_PROV_2300;x
2301;235;72;2;FU_PROV_2301;x
2302;34;193;179;FU_PROV_2302;x
2303;90;59;100;FU_PROV_2303;x
2304;145;181;21;FU_PROV_2304;x
2305;201;46;198;FU_PROV_2305;x
2306;0;168;119;FU_PROV_2306;x
2307;56;34;40;FU_PROV_2307;x
2308;111;155;217;FU_PROV_2308;x
2309;167;21;138;FU_PROV_2309;x
2310;222;143;59;FU_PROV_2310;x
2311;22;8;236;FU_PROV_2311;x
2312;77;130;157;FU_PROV_2312;x
2313;132;252;78;FU_PROV_2313;x
2314;188;117;255;FU_PROV_2314;x
2315;243;239;176;FU_PROV_2315;x
2316;43;105;97;FU_PROV_2316;x
2317;98;227;18;FU_PROV_2317;x
2318;154;92;195;FU_PROV_2318;x
2319;209;214;116;FU_PROV_2319;x
2320;9;80;37;FU_PROV_2320;x
2321;64;201;214;FU_PROV_2321;x
2322;120;67;135;FU_PROV_2322;x
2323;175;189;56;FU_PROV_2323;x
2324;231;54;233;FU_PROV_2324;x
2325;30;176;154;FU_PROV_2325;x
2326;86;42;75;FU_PROV_2326;x
2327;141;163;252;FU_PROV_2327;x
2328;197;29;173;FU_PROV_2328;x
2329;252;151;94;FU_PROV_2329;x
2330;52;17;15;FU_PROV_2330;x
2331;107;138;192;FU_PROV_2331;x
2332;163;4;113;FU_PROV_2332;x
2333;218;126;34;FU_PROV_2333;x
2334;17;247;211;FU_PROV_2334;x
2335;73;113;132;FU_PROV_2335;x
2336;128;235;53;FU_PROV_2336;x
2337;184;100;230;FU_PROV_2337;x
2338;239;222;151;FU_PROV_2338;x
2339;39;88;72;FU_PROV_2339;x
2340;94;209;249;FU_PROV_2340;x
2341;150;75;170;FU_PROV_2341;x
2342;205;197;91;FU_PROV_2342;x
2343;5;63;12;FU_PROV_2343;x
2344;60;184;189;FU_PROV_2344;x
2345;116;50;110;FU_PROV_2345;x
2346;171;172;31;FU_PROV_2346;x
2347;227;37;208;FU_PROV_2347;x
2348;26;159;129;FU_PROV_2348;x
2349;82;25;50;FU_PROV_2349;x
2350;137;146;227;FU_PROV_2350;x
2351;193;12;148;FU_PROV_2351;x
2352;248;134;69;FU_PROV_2352;x
2353;47;255;246;FU_PROV_2353;x
2354;103;121;167;FU_PROV_2354;x
2355;158;243;88;FU_PROV_2355;x
2356;214;109;9;FU_PROV_2356;x
2357;13;230;186;FU_PROV_2357;x
2358;69;96;107;FU_PROV_2358;x
2359;124;218;28;FU_PROV_2359;x
2360;180;83;205;FU_PROV_2360;x
2361;235;205;126;FU_PROV_2361;x
2362;35;71;47;FU_PROV_2362;x
2363;90;192;224;FU_PROV_2363;x
2364;146;58;145;FU_PROV_2364;x
2365;201;180;66;FU_PROV_2365;x
2366;1;45;243;FU_PROV_2366;x
2367;56;167;164;FU_PROV_2367;x
2368;112;33;85;FU_PROV_2368;x
2369;167;155;6;FU_PROV_2369;x
2370;223;20;183;FU_PROV_2370;x
2371;22;142;104;FU_PROV_2371;x
2372;78;8;25;FU_PROV_2372;x
2373;133;129;202;FU_PROV_2373;x
2374;188;251;123;FU_PROV_2374;x
2375;244;117;44;FU_PROV_2375;x
2376;43;238;221;FU_PROV_2376;x
2377;99;104;142;FU_PROV_2377;x
2378;154;226;63;FU_PROV_2378;x
2379;210;91;240;FU_PROV_2379;x
2380;9;213;161;FU_PROV_2380;x
2381;65;79;82;FU_PROV_2381;x
2382;120;201;3;FU_PROV_2382;x
2383;176;66;180;FU_PROV_2383;x
2384;231;188;101;FU_PROV_2384;x
2385;31;54;22;FU_PROV_2385;x
2386;86;175;199;FU_PROV_2386;x
2387;142;41;120;FU_PROV_2387;x
2388;197;163;41;FU_PROV_2388;x
2389;253;28;218;FU_PROV_2389;x
2390;52;150;139;FU_PROV_2390;x
2391;108;16;60;FU_PROV_2391;x
2392;163;137;237;FU_PROV_2392;x
2393;219;3;158;FU_PROV_2393;x
2394;18;125;79;FU_PROV_2394;x
2395;73;247;0;FU_PROV_2395;x
2396;129;112;177;FU_PROV_2396;x
2397;184;234;98;FU_PROV_2397;x
2398;240;100;19;FU_PROV_2398;x
2399;39;221;196;FU_PROV_2399;x
2400;95;87;117;FU_PROV_2400;x
2401;150;209;38;FU_PROV_2401;x
2402;206;74;215;FU_PROV_2402;x
2403;5;196;136;FU_PROV_2403;x
2404;61;62;57;FU_PROV_2404;x
2405;116;183;234;FU_PROV_2405;x
2406;172;49;155;FU_PROV_2406;x
2407;227;171;76;FU_PROV_2407;x
2408;27;36;253;FU_PROV_2408;x
2409;82;158;174;FU_PROV_2409;x
2410;138;24;95;FU_PROV_2410;x
2411;193;146;16;FU_PROV_2411;x
2412;249;11;193;FU_PROV_2412;x
2413;48;133;114;FU_PROV_2413;x
2414;103;255;35;FU_PROV_2414;x
2415;159;120;212;FU_PROV_2415;x
2416;214;242;133;FU_PROV_2416;x
2417;14;108;54;FU_PROV_2417;x
2418;69;229;231;FU_PROV_2418;x
2419;125;95;152;FU_PROV_2419;x
2420;180;217;73;FU_PROV_2420;x
2421;236;82;250;FU_PROV_2421;x
2422;35;204;171;FU_PROV_2422;x
2423;91;70;92;FU_PROV_2423;x
2424;146;192;13;FU_PROV_2424;x
2425;202;57;190;FU_PROV_2425;x
2426;1;179;111;FU_PROV_2426;x
2427;57;45;32;FU_PROV_2427;x
2428;112;166;209;FU_PROV_2428;x
2429;168;32;130;FU_PROV_2429;x
2430;223;154;51;FU_PROV_2430;x
2431;23;19;228;FU_PROV_2431;x
2432;78;141;149;FU_PROV_2432;x
2433;134;7;70;FU_PROV_2433;x
2434;189;128;247;FU_PROV_2434;x
2435;244;250;168;FU_PROV_2435;x
2436;44;116;89;FU_PROV_2436;x
2437;99;238;10;FU_PROV_2437;x
2438;155;103;187;FU_PROV_2438;x
2439;210;225;108;FU_PROV_2439;x
2440;10;91;29;FU_PROV_2440;x
2441;65;212;206;FU_PROV_2441;x
2442;121;78;127;FU_PROV_2442;x
2443;176;200;48;FU_PROV_2443;x
2444;232;65;225;FU_PROV_2444;x
2445;31;187;146;FU_PROV_2445;x
2446;87;53;67;FU_PROV_2446;x
2447;142;174;244;FU_PROV_2447;x
2448;198;40;165;FU_PROV_2448;x
2449;253;162;86;FU_PROV_2449;x
2450;53;28;7;FU_PROV_2450;x
2451;108;149;184;FU_PROV_2451;x
2452;164;15;105;FU_PROV_2452;x
2453;219;137;26;FU_PROV_2453;x
2454;19;2;203;FU_PROV_2454;x
2455;74;124;124;FU_PROV_2455;x
2456;129;246;45;FU_PROV_2456;x
2457;185;111;222;FU_PROV_2457;x
2458;240;233;143;FU_PROV_2458;x
2459;40;99;64;FU_PROV_2459;x
2460;95;220;241;FU_PROV_2460;x
2461;151;86;162;FU_PROV_2461;x
2462;206;208;83;FU_PROV_2462;x
2463;6;74;4;FU_PROV_2463;x
2464;61;195;181;FU_PROV_2464;x
2465;117;61;102;FU_PROV_2465;x
2466;172;183;23;FU_PROV_2466;x
2467;228;48;200;FU_PROV_2467;x
2468;27;170;121;FU_PROV_2468;x
2469;83;36;42;FU_PROV_2469;x
2470;138;157;219;FU_PROV_2470;x
2471;194;23;140;FU_PROV_2471;x
2472;249;145;61;FU_PROV_2472;x
2473;49;10;238;FU_PROV_2473;x
2474;104;132;159;FU_PROV_2474;x
2475;159;254;80;FU_PROV_2475;x
2476;215;120;1;FU_PROV_2476;x
2477;14;241;178;FU_PROV_2477;x
2478;70;107;99;FU_PROV_2478;x
2479;125;229;20;FU_PROV_2479;x
2480;181;94;197;FU_PROV_2480;x
2481;236;216;118;FU_PROV_2481;x
2482;36;82;39;FU_PROV_2482;x
2483;91;203;216;FU_PROV_2483;x
2484;147;69;137;FU_PROV_2484;x
2485;202;191;58;FU_PROV_2485;x
2486;2;56;235;FU_PROV_2486;x
2487;57;178;156;FU_PROV_2487;x
2488;113;44;77;FU_PROV_2488;x
2489;168;165;254;FU_PROV_2489;x
2490;224;31;175;FU_PROV_2490;x
2491;23;153;96;FU_PROV_2491;x
2492;79;19;17;FU_PROV_2492;x
2493;134;140;194;FU_PROV_2493;x
2494;190;6;115;FU_PROV_2494;x
2495;245;128;36;FU_PROV_2495;x
2496;44;249;213;FU_PROV_2496;x
2497;100;115;134;FU_PROV_2497;x
2498;155;237;55;FU_PROV_2498;x
2499;211;102;232;FU_PROV_2499;x
2500;10;224;153;FU_PROV_2500;x
2501;66;90;74;FU_PROV_2501;x
2502;121;211;251;FU_PROV_2502;x
2503;177;77;172;FU_PROV_2503;x
2504;232;199;93;FU_PROV_2504;x
2505;32;65;14;FU_PROV_2505;x
2506;87;186;191;FU_PROV_2506;x
2507;143;52;112;FU_PROV_2507;x
2508;198;174;33;FU_PROV_2508;x
2509;254;39;210;FU_PROV_2509;x
2510;53;161;131;FU_PROV_2510;x
2511;109;27;52;FU_PROV_2511;x
2512;164;148;229;FU_PROV_2512;x
2513;220;14;150;FU_PROV_2513;x
2514;19;136;71;FU_PROV_2514;x
2515;75;1;248;FU_PROV_2515;x
2516;130;123;169;FU_PROV_2516;x
2517;185;245;90;FU_PROV_2517;x
2518;241;111;11;FU_PROV_2518;x
2519;40;232;188;FU_PROV_2519;x
2520;96;98;109;FU_PROV_2520;x
2521;151;220;30;FU_PROV_2521;x
2522;207;85;207;FU_PROV_2522;x
2523;6;207;128;FU_PROV_2523;x
2524;62;73;49;FU_PROV_2524;x
2525;117;194;226;FU_PROV_2525;x
2526;173;60;147;FU_PROV_2526;x
2527;228;182;68;FU_PROV_2527;x
2528;28;47;245;FU_PROV_2528;x
2529;83;169;166;FU_PROV_2529;x
2530;139;35;87;FU_PROV_2530;x
2531;194;157;8;FU_PROV_2531;x
2532;250;22;185;FU_PROV_2532;x
2533;49;144;106;FU_PROV_2533;x
2534;105;10;27;FU_PROV_2534;x
2535;160;131;204;FU_PROV_2535;x
2536;215;253;125;FU_PROV_2536;x
2537;15;119;46;FU_PROV_2537;x
2538;70;240;223;FU_PROV_2538;x
2539;126;106;144;FU_PROV_2539;x
2540;181;228;65;FU_PROV_2540;x
2541;237;93;242;FU_PROV_2541;x
2542;36;215;163;FU_PROV_2542;x
2543;92;81;84;FU_PROV_2543;x
2544;147;203;5;FU_PROV_2544;x
2545;203;68;182;FU_PROV_2545;x
2546;2;190;103;FU_PROV_2546;x
2547;58;56;24;FU_PROV_2547;x
2548;113;177;201;FU_PROV_2548;x
2549;169;43;122;FU_PROV_2549;x
2550;224;165;43;FU_PROV_2550;x
2551;24;30;220;FU_PROV_2551;x
2552;79;152;141;FU_PROV_2552;x
2553;135;18;62;FU_PROV_2553;x
2554;190;139;239;FU_PROV_2554;x
2555;246;5;160;FU_PROV_2555;x
2556;45;127;81;FU_PROV_2556;x
2557;100;249;2;FU_PROV_2557;x
2558;156;114;179;FU_PROV_2558;x
2559;211;236;100;FU_PROV_2559;x
2560;11;102;21;FU_PROV_2560;x
2561;66;223;198;FU_PROV_2561;x
2562;122;89;119;FU_PROV_2562;x
2563;177;211;40;FU_PROV_2563;x
2564;233;76;217;FU_PROV_2564;x
2565;32;198;138;FU_PROV_2565;x
2566;88;64;59;FU_PROV_2566;x
2567;143;185;236;FU_PROV_2567;x
2568;199;51;157;FU_PROV_2568;x
2569;254;173;78;FU_PROV_2569;x
2570;54;38;255;FU_PROV_2570;x
2571;109;160;176;FU_PROV_2571;x
2572;165;26;97;FU_PROV_2572;x
2573;220;148;18;FU_PROV_2573;x
2574;20;13;195;FU_PROV_2574;x
2575;75;135;116;FU_PROV_2575;x
2576;131;1;37;FU_PROV_2576;x
2577;186;122;214;FU_PROV_2577;x
2578;241;244;135;FU_PROV_2578;x
2579;41;110;56;FU_PROV_2579;x
2580;96;231;233;FU_PROV_2580;x
2581;152;97;154;FU_PROV_2581;x
2582;207;219;75;FU_PROV_2582;x
2583;7;84;252;FU_PROV_2583;x
2584;62;206;173;FU_PROV_2584;x
2585;118;72;94;FU_PROV_2585;x
2586;173;194;15;FU_PROV_2586;x
2587;229;59;192;FU_PROV_2587;x
2588;28;181;113;FU_PROV_2588;x
2589;84;47;34;FU_PROV_2589;x
2590;139;168;211;FU_PROV_2590;x
2591;195;34;132;FU_PROV_2591;x
2592;250;156;53;FU_PROV_2592;x
2593;50;21;230;FU_PROV_2593;x
2594;105;143;151;FU_PROV_2594;x
2595;161;9;72;FU_PROV_2595;x
2596;216;130;249;FU_PROV_2596;x
2597;15;252;170;FU_PROV_2597;x
2598;71;118;91;FU_PROV_2598;x
2599;126;240;12;FU_PROV_2599;x
2600;182;105;189;FU_PROV_2600;x
2601;237;227;110;FU_PROV_2601;x
2602;37;93;31;FU_PROV_2602;x
2603;92;214;208;FU_PROV_2603;x
2604;148;80;129;FU_PROV_2604;x
2605;203;202;50;FU_PROV_2605;x
2606;3;67;227;FU_PROV_2606;x
2607;58;189;148;FU_PROV_2607;x
2608;114;55;69;FU_PROV_2608;x
2609;169;176;246;FU_PROV_2609;x
2610;225;42;167;FU_PROV_2610;x
2611;24;164;88;FU_PROV_2611;x
2612;80;30;9;FU_PROV_2612;x
2613;135;151;186;FU_PROV_2613;x
2614;191;17;107;FU_PROV_2614;x
2615;246;139;28;FU_PROV_2615;x
2616;46;4;205;FU_PROV_2616;x
2617;101;126;126;FU_PROV_2617;x
2618;156;248;47;FU_PROV_2618;x
2619;212;113;224;FU_PROV_2619;x
2620;11;235;145;FU_PROV_2620;x
2621;67;101;66;FU_PROV_2621;x
2622;122;222;243;FU_PROV_2622;x
2623;178;88;164;FU_PROV_2623;x
2624;233;210;85;FU_PROV_2624;x
2625;33;76;6;FU_PROV_2625;x
2626;88;197;183;FU_PROV_2626;x
2627;144;63;104;FU_PROV_2627;x
2628;199;185;25;FU_PROV_2628;x
2629;255;50;202;FU_PROV_2629;x
2630;54;172;123;FU_PROV_2630;x
2631;110;38;44;FU_PROV_2631;x
2632;165;159;221;FU_PROV_2632;x
2633;221;25;142;FU_PROV_2633;x
2634;20;147;63;FU_PROV_2634;x
2635;76;12;240;FU_PROV_2635;x
2636;131;134;161;FU_PROV_2636;x
2637;187;0;82;FU_PROV_2637;x
2638;242;122;3;FU_PROV_2638;x
2639;41;243;180;FU_PROV_2639;x
2640;97;109;101;FU_PROV_2640;x
2641;152;231;22;FU_PROV_2641;x
2642;208;96;199;FU_PROV_2642;x
2643;7;218;120;FU_PROV_2643;x
2644;63;84;41;FU_PROV_2644;x
2645;118;205;218;FU_PROV_2645;x
2646;174;71;139;FU_PROV_2646;x
2647;229;193;60;FU_PROV_2647;x
2648;29;58;237;FU_PROV_2648;x
2649;84;180;158;FU_PROV_2649;x
2650;140;46;79;FU_PROV_2650;x
2651;195;168;0;FU_PROV_2651;x
2652;251;33;177;FU_PROV_2652;x
2653;50;155;98;FU_PROV_2653;x
2654;106;21;19;FU_PROV_2654;x
2655;161;142;196;FU_PROV_2655;x
2656;217;8;117;FU_PROV_2656;x
2657;16;130;38;FU_PROV_2657;x
2658;71;251;215;FU_PROV_2658;x
2659;127;117;136;FU_PROV_2659;x
2660;182;239;57;FU_PROV_2660;x
2661;238;104;234;FU_PROV_2661;x
2662;37;226;155;FU_PROV_2662;x
2663;93;92;76;FU_PROV_2663;x
2664;148;213;253;FU_PROV_2664;x
2665;204;79;174;FU_PROV_2665;x
2666;3;201;95;FU_PROV_2666;x
2667;59;67;16;FU_PROV_2667;x
2668;114;188;193;FU_PROV_2668;x
2669;170;54;114;FU_PROV_2669;x
2670;225;176;35;FU_PROV_2670;x
2671;25;41;212;FU_PROV_2671;x
2672;80;163;133;FU_PROV_2672;x
2673;136;29;54;FU_PROV_2673;x
2674;191;150;231;FU_PROV_2674;x
2675;247;16;152;FU_PROV_2675;x
2676;46;138;73;FU_PROV_2676;x
2677;102;3;250;FU_PROV_2677;x
2678;157;125;171;FU_PROV_2678;x
2679;212;247;92;FU_PROV_2679;x
2680;12;113;13;FU_PROV_2680;x
2681;67;234;190;FU_PROV_2681;x
2682;123;100;111;FU_PROV_2682;x
2683;178;222;32;FU_PROV_2683;x
2684;234;87;209;FU_PROV_2684;x
2685;33;209;130;FU_PROV_2685;x
2686;89;75;51;FU_PROV_2686;x
2687;144;196;228;FU_PROV_2687;x
2688;200;62;149;FU_PROV_2688;x
2689;255;184;70;FU_PROV_2689;x
2690;55;49;247;FU_PROV_2690;x
2691;110;171;168;FU_PROV_2691;x
2692;166;37;89;FU_PROV_2692;x
2693;221;159;10;FU_PROV_2693;x
2694;21;24;187;FU_PROV_2694;x
2695;76;146;108;FU_PROV_2695;x
2696;132;12;29;FU_PROV_2696;x
2697;187;133;206;FU_PROV_2697;x
2698;242;255;127;FU_PROV_2698;x
2699;42;121;48;FU_PROV_2699;x
2700;97;242;225;FU_PROV_2700;x
2701;153;108;146;FU_PROV_2701;x
2702;208;230;67;FU_PROV_2702;x
2703;8;95;244;FU_PROV_2703;x
2704;63;217;165;FU_PROV_2704;x
2705;119;83;86;FU_PROV_2705;x
2706;174;205;7;FU_PROV_2706;x
2707;230;70;184;FU_PROV_2707;x
2708;29;192;105;FU_PROV_2708;x
2709;85;58;26;FU_PROV_2709;x
2710;140;179;203;FU_PROV_2710;x
2711;196;45;124;FU_PROV_2711;x
2712;251;167;45;FU_PROV_2712;x
2713;51;32;222;FU_PROV_2713;x
2714;106;154;143;FU_PROV_2714;x
2715;162;20;64;FU_PROV_2715;x
2716;217;141;241;FU_PROV_2716;x
2717;17;7;162;FU_PROV_2717;x
2718;72;129;83;FU_PROV_2718;x
2719;127;251;4;FU_PROV_2719;x
2720;183;116;181;FU_PROV_2720;x
2721;238;238;102;FU_PROV_2721;x
2722;38;104;23;FU_PROV_2722;x
2723;93;225;200;FU_PROV_2723;x
2724;149;91;121;FU_PROV_2724;x
2725;204;213;42;FU_PROV_2725;x
2726;4;78;219;FU_PROV_2726;x
2727;59;200;140;FU_PROV_2727;x
2728;115;66;61;FU_PROV_2728;x
2729;170;187;238;FU_PROV_2729;x
2730;226;53;159;FU_PROV_2730;x
2731;25;175;80;FU_PROV_2731;x
2732;81;41;1;FU_PROV_2732;x
2733;136;162;178;FU_PROV_2733;x
2734;192;28;99;FU_PROV_2734;x
2735;247;150;20;FU_PROV_2735;x
2736;47;15;197;FU_PROV_2736;x
2737;102;137;118;FU_PROV_2737;x
2738;158;3;39;FU_PROV_2738;x
2739;213;124;216;FU_PROV_2739;x
2740;12;246;137;FU_PROV_2740;x
2741;68;112;58;FU_PROV_2741;x
2742;123;233;235;FU_PROV_2742;x
2743;179;99;156;FU_PROV_2743;x
2744;234;221;77;FU_PROV_2744;x
2745;34;86;254;FU_PROV_2745;x
2746;89;208;175;FU_PROV_2746;x
2747;145;74;96;FU_PROV_2747;x
2748;200;196;17;FU_PROV_2748;x
2749;0;61;194;FU_PROV_2749;x
2750;55;183;115;FU_PROV_2750;x
2751;111;49;36;FU_PROV_2751;x
2752;166;170;213;FU_PROV_2752;x
2753;222;36;134;FU_PROV_2753;x
2754;21;158;55;FU_PROV_2754;x
2755;77;23;232;FU_PROV_2755;x
2756;132;145;153;FU_PROV_2756;x
2757;188;11;74;FU_PROV_2757;x
2758;243;132;251;FU_PROV_2758;x
2759;42;254;172;FU_PROV_2759;x
2760;98;120;93;FU_PROV_2760;x
2761;153;242;14;FU_PROV_2761;x
2762;209;107;191;FU_PROV_2762;x
2763;8;229;112;FU_PROV_2763;x
2764;64;95;33;FU_PROV_2764;x
2765;119;216;210;FU_PROV_2765;x
2766;175;82;131;FU_PROV_2766;x
2767;230;204;52;FU_PROV_2767;x
2768;30;69;229;FU_PROV_2768;x
2769;85;191;150;FU_PROV_2769;x
2770;141;57;71;FU_PROV_2770;x
2771;196;178;248;FU_PROV_2771;x
2772;252;44;169;FU_PROV_2772;x
2773;51;166;90;FU_PROV_2773;x
2774;107;32;11;FU_PROV_2774;x
2775;162;153;188;FU_PROV_2775;x
2776;218;19;109;FU_PROV_2776;x
2777;17;141;30;FU_PROV_2777;x
2778;73;6;207;FU_PROV_2778;x
2779;128;128;128;FU_PROV_2779;x
2780;183;250;49;FU_PROV_2780;x
2781;239;115;226;FU_PROV_2781;x
2782;38;237;147;FU_PROV_2782;x
2783;94;103;68;FU_PROV_2783;x
2784;149;224;245;FU_PROV_2784;x
2785;205;90;166;FU_PROV_2785;x
2786;4;212;87;FU_PROV_2786;x
2787;60;78;8;FU_PROV_2787;x
2788;115;199;185;FU_PROV_2788;x
2789;171;65;106;FU_PROV_2789;x
2790;226;187;27;FU_PROV_2790;x
2791;26;52;204;FU_PROV_2791;x
2792;81;174;125;FU_PROV_2792;x
2793;137;40;46;FU_PROV_2793;x
2794;192;161;223;FU_PROV_2794;x
2795;248;27;144;FU_PROV_2795;x
2796;47;149;65;FU_PROV_2796;x
2797;103;14;242;FU_PROV_2797;x
2798;158;136;163;FU_PROV_2798;x
2799;214;2;84;FU_PROV_2799;x
2800;13;124;5;FU_PROV_2800;x
2801;68;245;182;FU_PROV_2801;x
2802;124;111;103;FU_PROV_2802;x
2803;179;233;24;FU_PROV_2803;x
2804;235;98;201;FU_PROV_2804;x
2805;34;220;122;FU_PROV_2805;x
2806;90;86;43;FU_PROV_2806;x
2807;145;207;220;FU_PROV_2807;x
2808;201;73;141;FU_PROV_2808;x
2809;0;195;62;FU_PROV_2809;x
2810;56;60;239;FU_PROV_2810;x
2811;111;182;160;FU_PROV_2811;x
2812;167;48;81;FU_PROV_2812;x
2813;222;170;2;FU_PROV_2813;x
2814;22;35;179;FU_PROV_2814;x
2815;77;157;100;FU_PROV_2815;x
2816;133;23;21;FU_PROV_2816;x
2817;188;144;198;FU_PROV_2817;x
2818;244;10;119;FU_PROV_2818;x
2819;43;132;40;FU_PROV_2819;x
2820;98;253;217;FU_PROV_2820;x
2821;154;119;138;FU_PROV_2821;x
2822;209;241;59;FU_PROV_2822;x
2823;9;106;236;FU_PROV_2823;x
2824;64;228;157;FU_PROV_2824;x
2825;120;94;78;FU_PROV_2825;x
2826;175;215;255;FU_PROV_2826;x
2827;231;81;176;FU_PROV_2827;x
2828;30;203;97;FU_PROV_2828;x
2829;86;69;18;FU_PROV_2829;x
2830;141;190;195;FU_PROV_2830;x
2831;197;56;116;FU_PROV_2831;x
2832;252;178;37;FU_PROV_2832;x
2833;52;43;214;FU_PROV_2833;x
2834;107;165;135;FU_PROV_2834;x
2835;163;31;56;FU_PROV_2835;x
2836;218;152;233;FU_PROV_2836;x
2837;18;18;154;FU_PROV_2837;x
2838;73;140;75;FU_PROV_2838;x
2839;129;5;252;FU_PROV_2839;x
2840;184;127;173;FU_PROV_2840;x
2841;239;249;94;FU_PROV_2841;x
2842;39;115;15;FU_PROV_2842;x
2843;94;236;192;FU_PROV_2843;x
2844;150;102;113;FU_PROV_2844;x
2845;205;224;34;FU_PROV_2845;x
2846;5;89;211;FU_PROV_2846;x
2847;60;211;132;FU_PROV_2847;x
2848;116;77;53;FU_PROV_2848;x
2849;171;198;230;FU_PROV_2849;x
2850;227;64;151;FU_PROV_2850;x
2851;26;186;72;FU_PROV_2851;x
2852;82;51;249;FU_PROV_2852;x
2853;137;173;170;FU_PROV_2853;x
2854;193;39;91;FU_PROV_2854;x
2855;248;161;12;FU_PROV_2855;x
2856;48;26;189;FU_PROV_2856;x
2857;103;148;110;FU_PROV_2857;x
2858;159;14;31;FU_PROV_2858;x
2859;214;135;208;FU_PROV_2859;x
2860;14;1;129;FU_PROV_2860;x
2861;69;123;50;FU_PROV_2861;x
2862;124;244;227;FU_PROV_2862;x
2863;180;110;148;FU_PROV_2863;x
2864;235;232;69;FU_PROV_2864;x
2865;35;97;246;FU_PROV_2865;x
2866;90;219;167;FU_PROV_2866;x
2867;146;85;88;FU_PROV_2867;x
2868;201;207;9;FU_PROV_2868;x
2869;1;72;186;FU_PROV_2869;x
2870;56;194;107;FU_PROV_2870;x
2871;112;60;28;FU_PROV_2871;x
2872;167;181;205;FU_PROV_2872;x
2873;223;47;126;FU_PROV_2873;x
2874;22;169;47;FU_PROV_2874;x
2875;78;34;224;FU_PROV_2875;x
2876;133;156;145;FU_PROV_2876;x
2877;189;22;66;FU_PROV_2877;x
2878;244;143;243;FU_PROV_2878;x
2879;44;9;164;FU_PROV_2879;x
2880;99;131;85;FU_PROV_2880;x
2881;154;253;6;FU_PROV_2881;x
2882;210;118;183;FU_PROV_2882;x
2883;9;240;104;FU_PROV_2883;x
2884;65;106;25;FU_PROV_2884;x
2885;120;227;202;FU_PROV_2885;x
2886;176;93;123;FU_PROV_2886;x
2887;231;215;44;FU_PROV_2887;x
2888;31;80;221;FU_PROV_2888;x
2889;86;202;142;FU_PROV_2889;x
2890;142;68;63;FU_PROV_2890;x
2891;197;189;240;FU_PROV_2891;x
2892;253;55;161;FU_PROV_2892;x
2893;52;177;82;FU_PROV_2893;x
2894;108;43;3;FU_PROV_2894;x
2895;163;164;180;FU_PROV_2895;x
2896;219;30;101;FU_PROV_2896;x
2897;18;152;22;FU_PROV_2897;x
2898;74;17;199;FU_PROV_2898;x
2899;129;139;120;FU_PROV_2899;x
2900;185;5;41;FU_PROV_2900;x
2901;240;126;218;FU_PROV_2901;x
2902;39;248;139;FU_PROV_2902;x
2903;95;114;60;FU_PROV_2903;x
2904;150;235;237;FU_PROV_2904;x
2905;206;101;158;FU_PROV_2905;x
2906;5;223;79;FU_PROV_2906;x
2907;61;89;0;FU_PROV_2907;x
2908;116;210;177;FU_PROV_2908;x
2909;172;76;98;FU_PROV_2909;x
2910;227;198;19;FU_PROV_2910;x
2911;27;63;196;FU_PROV_2911;x
2912;82;185;117;FU_PROV_2912;x
2913;138;51;38;FU_PROV_2913;x
2914;193;172;215;FU_PROV_2914;x
2915;249;38;136;FU_PROV_2915;x
2916;48;160;57;FU_PROV_2916;x
2917;104;25;234;FU_PROV_2917;x
2918;159;147;155;FU_PROV_2918;x
2919;215;13;76;FU_PROV_2919;x
2920;14;134;253;FU_PROV_2920;x
2921;70;0;174;FU_PROV_2921;x
2922;125;122;95;FU_PROV_2922;x
2923;180;244;16;FU_PROV_2923;x
2924;236;109;193;FU_PROV_2924;x
2925;35;231;114;FU_PROV_2925;x
2926;91;97;35;FU_PROV_2926;x
2927;146;218;212;FU_PROV_2927;x
2928;202;84;133;FU_PROV_2928;x
2929;1;206;54;FU_PROV_2929;x
2930;57;71;231;FU_PROV_2930;x
2931;112;193;152;FU_PROV_2931;x
2932;168;59;73;FU_PROV_2932;x
2933;223;180;250;FU_PROV_2933;x
2934;23;46;171;FU_PROV_2934;x
2935;78;168;92;FU_PROV_2935;x
2936;134;34;13;FU_PROV_2936;x
2937;189;155;190;FU_PROV_2937;x
2938;245;21;111;FU_PROV_2938;x
2939;44;143;32;FU_PROV_2939;x
2940;100;8;209;FU_PROV_2940;x
2941;155;130;130;FU_PROV_2941;x
2942;210;252;51;FU_PROV_2942;x
2943;10;117;228;FU_PROV_2943;x
2944;65;239;149;FU_PROV_2944;x
2945;121;105;70;FU_PROV_2945;x
2946;176;226;247;FU_PROV_2946;x
2947;232;92;168;FU_PROV_2947;x
2948;31;214;89;FU_PROV_2948;x
2949;87;80;10;FU_PROV_2949;x
2950;142;201;187;FU_PROV_2950;x
2951;198;67;108;FU_PROV_2951;x
2952;253;189;29;FU_PROV_2952;x
2953;53;54;206;FU_PROV_2953;x
2954;108;176;127;FU_PROV_2954;x
2955;164;42;48;FU_PROV_2955;x
2956;219;163;225;FU_PROV_2956;x
2957;19;29;146;FU_PROV_2957;x
2958;74;151;67;FU_PROV_2958;x
2959;130;16;244;FU_PROV_2959;x
2960;185;138;165;FU_PROV_2960;x
2961;241;4;86;FU_PROV_2961;x
2962;40;126;7;FU_PROV_2962;x
2963;95;247;184;FU_PROV_2963;x
2964;151;113;105;FU_PROV_2964;x
2965;206;235;26;FU_PROV_2965;x
2966;6;100;203;FU_PROV_2966;x
2967;61;222;124;FU_PROV_2967;x
2968;117;88;45;FU_PROV_2968;x
2969;172;209;222;FU_PROV_2969;x
2970;228;75;143;FU_PROV_2970;x
2971;27;197;64;FU_PROV_2971;x
2972;83;62;241;FU_PROV_2972;x
2973;138;184;162;FU_PROV_2973;x
2974;194;50;83;FU_PROV_2974;x
2975;249;172;4;FU_PROV_2975;x
2976;49;37;181;FU_PROV_2976;x
2977;104;159;102;FU_PROV_2977;x
2978;160;25;23;FU_PROV_2978;x
2979;215;146;200;FU_PROV_2979;x
2980;15;12;121;FU_PROV_2980;x
2981;70;134;42;FU_PROV_2981;x
2982;125;255;219;FU_PROV_2982;x
2983;181;121;140;FU_PROV_2983;x
2984;236;243;61;FU_PROV_2984;x
2985;36;108;238;FU_PROV_2985;x
2986;91;230;159;FU_PROV_2986;x
2987;147;96;80;FU_PROV_2987;x
2988;202;218;1;FU_PROV_2988;x
2989;2;83;178;FU_PROV_2989;x
2990;57;205;99;FU_PROV_2990;x
2991;113;71;20;FU_PROV_2991;x
2992;168;192;197;FU_PROV_2992;x
2993;224;58;118;FU_PROV_2993;x
2994;23;180;39;FU_PROV_2994;x
2995;79;45;216;FU_PROV_2995;x
2996;134;167;137;FU_PROV_2996;x
2997;190;33;58;FU_PROV_2997;x
2998;245;154;235;FU_PROV_2998;x
2999;45;20;156;FU_PROV_2999;x
3000;100;142;77;FU_PROV_3000;x
3001;156;7;254;FU_PROV_3001;x
3002;211;129;175;FU_PROV_3002;x
3003;10;251;96;FU_PROV_3003;x
3004;66;117;17;FU_PROV_3004;x
3005;121;238;194;FU_PROV_3005;x
3006;177;104;115;FU_PROV_3006;x
3007;232;226;36;FU_PROV_3007;x
3008;32;91;213;FU_PROV_3008;x
3009;87;213;134;FU_PROV_3009;x
3010;143;79;55;FU_PROV_3010;x
3011;198;200;232;FU_PROV_3011;x
3012;254;66;153;FU_PROV_3012;x
3013;53;188;74;FU_PROV_3013;x
3014;109;53;251;FU_PROV_3014;x
3015;164;175;172;FU_PROV_3015;x
3016;220;41;93;FU_PROV_3016;x
3017;19;163;14;FU_PROV_3017;x
3018;75;28;191;FU_PROV_3018;x
3019;130;150;112;FU_PROV_3019;x
3020;186;16;33;FU_PROV_3020;x
3021;241;137;210;FU_PROV_3021;x
3022;41;3;131;FU_PROV_3022;x
3023;96;125;52;FU_PROV_3023;x
3024;151;246;229;FU_PROV_3024;x
3025;207;112;150;FU_PROV_3025;x
3026;6;234;71;FU_PROV_3026;x
3027;62;99;248;FU_PROV_3027;x
3028;117;221;169;FU_PROV_3028;x
3029;173;87;90;FU_PROV_3029;x
3030;228;209;11;FU_PROV_3030;x
3031;28;74;188;FU_PROV_3031;x
3032;83;196;109;FU_PROV_3032;x
3033;139;62;30;FU_PROV_3033;x
3034;194;183;207;FU_PROV_3034;x
3035;250;49;128;FU_PROV_3035;x
3036;49;171;49;FU_PROV_3036;x
3037;105;36;226;FU_PROV_3037;x
3038;160;158;147;FU_PROV_3038;x
3039;216;24;68;FU_PROV_3039;x
3040;15;145;245;FU_PROV_3040;x
3041;71;11;166;FU_PROV_3041;x
3042;126;133;87;FU_PROV_3042;x
3043;181;255;8;FU_PROV_3043;x
3044;237;120;185;FU_PROV_3044;x
3045;36;242;106;FU_PROV_3045;x
3046;92;108;27;FU_PROV_3046;x
3047;147;229;204;FU_PROV_3047;x
3048;203;95;125;FU_PROV_3048;x
3049;2;217;46;FU_PROV_3049;x
3050;58;82;223;FU_PROV_3050;x
3051;113;204;144;FU_PROV_3051;x
3052;169;70;65;FU_PROV_3052;x
3053;224;191;242;FU_PROV_3053;x
3054;24;57;163;FU_PROV_3054;x
3055;79;179;84;FU_PROV_3055;x
3056;135;45;5;FU_PROV_3056;x
3057;190;166;182;FU_PROV_3057;x
3058;246;32;103;FU_PROV_3058;x
3059;45;154;24;FU_PROV_3059;x
3060;101;19;201;FU_PROV_3060;x
3061;156;141;122;FU_PROV_3061;x
3062;212;7;43;FU_PROV_3062;x
3063;11;128;220;FU_PROV_3063;x
3064;66;250;141;FU_PROV_3064;x
3065;122;116;62;FU_PROV_3065;x
3066;177;237;239;FU_PROV_3066;x
3067;233;103;160;FU_PROV_3067;x
3068;32;225;81;FU_PROV_3068;x
3069;88;91;2;FU_PROV_3069;x
3070;143;212;179;FU_PROV_3070;x
3071;199;78;100;FU_PROV_3071;x
3072;254;200;21;FU_PROV_3072;x
3073;54;65;198;FU_PROV_3073;x
3074;109;187;119;FU_PROV_3074;x
3075;165;53;40;FU_PROV_3075;x
3076;220;174;217;FU_PROV_3076;x
3077;20;40;138;FU_PROV_3077;x
3078;75;162;59;FU_PROV_3078;x
3079;131;27;236;FU_PROV_3079;x
3080;186;149;157;FU_PROV_3080;x
3081;242;15;78;FU_PROV_3081;x
3082;41;136;255;FU_PROV_3082;x
3083;97;2;176;FU_PROV_3083;x
3084;152;124;97;FU_PROV_3084;x
3085;207;246;18;FU_PROV_3085;x
3086;7;111;195;FU_PROV_3086;x
3087;62;233;116;FU_PROV_3087;x
3088;118;99;37;FU_PROV_3088;x
3089;173;220;214;FU_PROV_3089;x
3090;229;86;135;FU_PROV_3090;x
3091;28;208;56;FU_PROV_3091;x
3092;84;73;233;FU_PROV_3092;x
3093;139;195;154;FU_PROV_3093;x
3094;195;61;75;FU_PROV_3094;x
3095;250;182;252;FU_PROV_3095;x
3096;50;48;173;FU_PROV_3096;x
3097;105;170;94;FU_PROV_3097;x
3098;161;36;15;FU_PROV_3098;x
3099;216;157;192;FU_PROV_3099;x
3100;16;23;113;FU_PROV_3100;x
3101;71;145;34;FU_PROV_3101;x
3102;127;10;211;FU_PROV_3102;x
3103;182;132;132;FU_PROV_3103;x
3104;237;254;53;FU_PROV_3104;x
3105;37;119;230;FU_PROV_3105;x
3106;92;241;151;FU_PROV_3106;x
3107;148;107;72;FU_PROV_3107;x
3108;203;228;249;FU_PROV_3108;x
3109;3;94;170;FU_PROV_3109;x
3110;58;216;91;FU_PROV_3110;x
3111;114;82;12;FU_PROV_3111;x
3112;169;203;189;FU_PROV_3112;x
3113;225;69;110;FU_PROV_3113;x
3114;24;191;31;FU_PROV_3114;x
3115;80;56;208;FU_PROV_3115;x
3116;135;178;129;FU_PROV_3116;x
3117;191;44;50;FU_PROV_3117;x
3118;246;165;227;FU_PROV_3118;x
3119;46;31;148;FU_PROV_3119;x
3120;101;153;69;FU_PROV_3120;x
3121;157;18;246;FU_PROV_3121;x
3122;212;140;167;FU_PROV_3122;x
3123;12;6;88;FU_PROV_3123;x
3124;67;128;9;FU_PROV_3124;x
3125;122;249;186;FU_PROV_3125;x
3126;178;115;107;FU_PROV_3126;x
3127;233;237;28;FU_PROV_3127;x
3128;33;102;205;FU_PROV_3128;x
3129;88;224;126;FU_PROV_3129;x
3130;144;90;47;FU_PROV_3130;x
3131;199;211;224;FU_PROV_3131;x
3132;255;77;145;FU_PROV_3132;x
3133;54;199;66;FU_PROV_3133;x
3134;110;64;243;FU_PROV_3134;x
3135;165;186;164;FU_PROV_3135;x
3136;221;52;85;FU_PROV_3136;x
3137;20;174;6;FU_PROV_3137;x
3138;76;39;183;FU_PROV_3138;x
3139;131;161;104;FU_PROV_3139;x
3140;187;27;25;FU_PROV_3140;x
3141;242;148;202;FU_PROV_3141;x
3142;42;14;123;FU_PROV_3142;x
3143;97;136;44;FU_PROV_3143;x
3144;153;1;221;FU_PROV_3144;x
3145;208;123;142;FU_PROV_3145;x
3146;7;245;63;FU_PROV_3146;x
3147;63;110;240;FU_PROV_3147;x
3148;118;232;161;FU_PROV_3148;x
3149;174;98;82;FU_PROV_3149;x
3150;229;220;3;FU_PROV_3150;x
3151;29;85;180;FU_PROV_3151;x
3152;84;207;101;FU_PROV_3152;x
3153;140;73;22;FU_PROV_3153;x
3154;195;194;199;FU_PROV_3154;x
3155;251;60;120;FU_PROV_3155;x
3156;50;182;41;FU_PROV_3156;x
3157;106;47;218;FU_PROV_3157;x
3158;161;169;139;FU_PROV_3158;x
3159;217;35;60;FU_PROV_3159;x
3160;16;156;237;FU_PROV_3160;x
3161;72;22;158;FU_PROV_3161;x
3162;127;144;79;FU_PROV_3162;x
3163;183;10;0;FU_PROV_3163;x
3164;238;131;177;FU_PROV_3164;x
3165;37;253;98;FU_PROV_3165;x
3166;93;119;19;FU_PROV_3166;x
3167;148;240;196;FU_PROV_3167;x
3168;204;106;117;FU_PROV_3168;x
3169;3;228;38;FU_PROV_3169;x
3170;59;93;215;FU_PROV_3170;x
3171;114;215;136;FU_PROV_3171;x
3172;170;81;57;FU_PROV_3172;x
3173;225;202;234;FU_PROV_3173;x
3174;25;68;155;FU_PROV_3174;x
3175;80;190;76;FU_PROV_3175;x
3176;136;55;253;FU_PROV_3176;x
3177;191;177;174;FU_PROV_3177;x
3178;247;43;95;FU_PROV_3178;x
3179;46;165;16;FU_PROV_3179;x
3180;102;30;193;FU_PROV_3180;x
3181;157;152;114;FU_PROV_3181;x
3182;213;18;35;FU_PROV_3182;x
3183;12;139;212;FU_PROV_3183;x
3184;68;5;133;FU_PROV_3184;x
3185;123;127;54;FU_PROV_3185;x
3186;178;248;231;FU_PROV_3186;x
3187;234;114;152;FU_PROV_3187;x
3188;33;236;73;FU_PROV_3188;x
3189;89;101;250;FU_PROV_3189;x
3190;144;223;171;FU_PROV_3190;x
3191;200;89;92;FU_PROV_3191;x
3192;255;211;13;FU_PROV_3192;x
3193;55;76;190;FU_PROV_3193;x
3194;110;198;111;FU_PROV_3194;x
3195;166;64;32;FU_PROV_3195;x
3196;221;185;209;FU_PROV_3196;x
3197;21;51;130;FU_PROV_3197;x
3198;76;173;51;FU_PROV_3198;x
3199;132;38;228;FU_PROV_3199;x
3200;187;160;149;FU_PROV_3200;x
3201;243;26;70;FU_PROV_3201;x
3202;42;147;247;FU_PROV_3202;x
3203;98;13;168;FU_PROV_3203;x
3204;153;135;89;FU_PROV_3204;x
3205;209;1;10;FU_PROV_3205;x
3206;8;122;187;FU_PROV_3206;x
3207;63;244;108;FU_PROV_3207;x
3208;119;110;29;FU_PROV_3208;x
3209;174;231;206;FU_PROV_3209;x
3210;230;97;127;FU_PROV_3210;x
3211;29;219;48;FU_PROV_3211;x
3212;85;84;225;FU_PROV_3212;x
3213;140;206;146;FU_PROV_3213;x
3214;196;72;67;FU_PROV_3214;x
3215;251;193;244;FU_PROV_3215;x
3216;51;59;165;FU_PROV_3216;x
3217;106;181;86;FU_PROV_3217;x
3218;162;47;7;FU_PROV_3218;x
3219;217;168;184;FU_PROV_3219;x
3220;17;34;105;FU_PROV_3220;x
3221;72;156;26;FU_PROV_3221;x
3222;128;21;203;FU_PROV_3222;x
3223;183;143;124;FU_PROV_3223;x
3224;239;9;45;FU_PROV_3224;x
3225;38;130;222;FU_PROV_3225;x
3226;93;252;143;FU_PROV_3226;x
3227;149;118;64;FU_PROV_3227;x
3228;204;239;241;FU_PROV_3228;x
3229;4;105;162;FU_PROV_3229;x
3230;59;227;83;FU_PROV_3230;x
3231;115;93;4;FU_PROV_3231;x
3232;170;214;181;FU_PROV_3232;x
3233;226;80;102;FU_PROV_3233;x
3234;25;202;23;FU_PROV_3234;x
3235;81;67;200;FU_PROV_3235;x
3236;136;189;121;FU_PROV_3236;x
3237;192;55;42;FU_PROV_3237;x
3238;247;176;219;FU_PROV_3238;x
3239;47;42;140;FU_PROV_3239;x
3240;102;164;61;FU_PROV_3240;x
3241;158;29;238;FU_PROV_3241;x
3242;213;151;159;FU_PROV_3242;x
3243;13;17;80;FU_PROV_3243;x
3244;68;139;1;FU_PROV_3244;x
3245;124;4;178;FU_PROV_3245;x
3246;179;126;99;FU_PROV_3246;x
3247;234;248;20;FU_PROV_3247;x
3248;34;113;197;FU_PROV_3248;x
3249;89;235;118;FU_PROV_3249;x
3250;145;101;39;FU_PROV_3250;x
3251;200;222;216;FU_PROV_3251;x
3252;0;88;137;FU_PROV_3252;x
3253;55;210;58;FU_PROV_3253;x
3254;111;75;235;FU_PROV_3254;x
3255;166;197;156;FU_PROV_3255;x
3256;222;63;77;FU_PROV_3256;x
3257;21;184;254;FU_PROV_3257;x
3258;77;50;175;FU_PROV_3258;x
3259;132;172;96;FU_PROV_3259;x
3260;188;38;17;FU_PROV_3260;x
3261;243;159;194;FU_PROV_3261;x
3262;43;25;115;FU_PROV_3262;x
3263;98;147;36;FU_PROV_3263;x
3264;154;12;213;FU_PROV_3264;x
3265;209;134;134;FU_PROV_3265;x
3266;9;0;55;FU_PROV_3266;x
3267;64;121;232;FU_PROV_3267;x
3268;119;243;153;FU_PROV_3268;x
3269;175;109;74;FU_PROV_3269;x
3270;230;230;251;FU_PROV_3270;x
3271;30;96;172;FU_PROV_3271;x
3272;85;218;93;FU_PROV_3272;x
3273;141;84;14;FU_PROV_3273;x
3274;196;205;191;FU_PROV_3274;x
3275;252;71;112;FU_PROV_3275;x
3276;51;193;33;FU_PROV_3276;x
3277;107;58;210;FU_PROV_3277;x
3278;162;180;131;FU_PROV_3278;x
3279;218;46;52;FU_PROV_3279;x
3280;17;167;229;FU_PROV_3280;x
3281;73;33;150;FU_PROV_3281;x
3282;128;155;71;FU_PROV_3282;x
3283;184;20;248;FU_PROV_3283;x
3284;239;142;169;FU_PROV_3284;x
3285;39;8;90;FU_PROV_3285;x
3286;94;130;11;FU_PROV_3286;x
3287;149;251;188;FU_PROV_3287;x
3288;205;117;109;FU_PROV_3288;x
3289;4;239;30;FU_PROV_3289;x
3290;60;104;207;FU_PROV_3290;x
3291;115;226;128;FU_PROV_3291;x
3292;171;92;49;FU_PROV_3292;x
3293;226;213;226;FU_PROV_3293;x
3294;26;79;147;FU_PROV_3294;x
3295;81;201;68;FU_PROV_3295;x
3296;137;66;245;FU_PROV_3296;x
3297;192;188;166;FU_PROV_3297;x
3298;248;54;87;FU_PROV_3298;x
3299;47;176;8;FU_PROV_3299;x
3300;103;41;185;FU_PROV_3300;x
3301;158;163;106;FU_PROV_3301;x
3302;214;29;27;FU_PROV_3302;x
3303;13;150;204;FU_PROV_3303;x
3304;69;16;125;FU_PROV_3304;x
3305;124;138;46;FU_PROV_3305;x
3306;180;3;223;FU_PROV_3306;x
3307;235;125;144;FU_PROV_3307;x
3308;34;247;65;FU_PROV_3308;x
3309;90;112;242;FU_PROV_3309;x
3310;145;234;163;FU_PROV_3310;x
3311;201;100;84;FU_PROV_3311;x
3312;0;222;5;FU_PROV_3312;x
3313;56;87;182;FU_PROV_3313;x
3314;111;209;103;FU_PROV_3314;x
3315;167;75;24;FU_PROV_3315;x
3316;222;196;201;FU_PROV_3316;x
3317;22;62;122;FU_PROV_3317;x
3318;77;184;43;FU_PROV_3318;x
3319;133;49;220;FU_PROV_3319;x
3320;188;171;141;FU_PROV_3320;x
3321;244;37;62;FU_PROV_3321;x
3322;43;158;239;FU_PROV_3322;x
3323;99;24;160;FU_PROV_3323;x
3324;154;146;81;FU_PROV_3324;x
3325;210;12;2;FU_PROV_3325;x
3326;9;133;179;FU_PROV_3326;x
3327;64;255;100;FU_PROV_3327;x
3328;120;121;21;FU_PROV_3328;x
3329;175;242;198;FU_PROV_3329;x
3330;231;108;119;FU_PROV_3330;x
3331;30;230;40;FU_PROV_3331;x
3332;86;95;217;FU_PROV_3332;x
3333;141;217;138;FU_PROV_3333;x
3334;197;83;59;FU_PROV_3334;x
3335;252;204;236;FU_PROV_3335;x
3336;52;70;157;FU_PROV_3336;x
3337;107;192;78;FU_PROV_3337;x
3338;163;57;255;FU_PROV_3338;x
3339;218;179;176;FU_PROV_3339;x
3340;18;45;97;FU_PROV_3340;x
3341;73;167;18;FU_PROV_3341;x
3342;129;32;195;FU_PROV_3342;x
3343;184;154;116;FU_PROV_3343;x
3344;240;20;37;FU_PROV_3344;x
3345;39;141;214;FU_PROV_3345;x
3346;95;7;135;FU_PROV_3346;x
3347;150;129;56;FU_PROV_3347;x
3348;205;250;233;FU_PROV_3348;x
3349;5;116;154;FU_PROV_3349;x
3350;60;238;75;FU_PROV_3350;x
3351;116;103;252;FU_PROV_3351;x
3352;171;225;173;FU_PROV_3352;x
3353;227;91;94;FU_PROV_3353;x
3354;26;213;15;FU_PROV_3354;x
3355;82;78;192;FU_PROV_3355;x
3356;137;200;113;FU_PROV_3356;x
3357;193;66;34;FU_PROV_3357;x
3358;248;187;211;FU_PROV_3358;x
3359;48;53;132;FU_PROV_3359;x
3360;103;175;53;FU_PROV_3360;x
3361;159;40;230;FU_PROV_3361;x
3362;214;162;151;FU_PROV_3362;x
3363;14;28;72;FU_PROV_3363;x
3364;69;149;249;FU_PROV_3364;x
3365;125;15;170;FU_PROV_3365;x
3366;180;137;91;FU_PROV_3366;x
3367;236;3;12;FU_PROV_3367;x
3368;35;124;189;FU_PROV_3368;x
3369;90;246;110;FU_PROV_3369;x
3370;146;112;31;FU_PROV_3370;x
3371;201;233;208;FU_PROV_3371;x
3372;1;99;129;FU_PROV_3372;x
3373;56;221;50;FU_PROV_3373;x
3374;112;86;227;FU_PROV_3374;x
3375;167;208;148;FU_PROV_3375;x
3376;223;74;69;FU_PROV_3376;x
3377;22;195;246;FU_PROV_3377;x
3378;78;61;167;FU_PROV_3378;x
3379;133;183;88;FU_PROV_3379;x
3380;189;49;9;FU_PROV_3380;x
3381;244;170;186;FU_PROV_3381;x
3382;44;36;107;FU_PROV_3382;x
3383;99;158;28;FU_PROV_3383;x
3384;155;23;205;FU_PROV_3384;x
3385;210;145;126;FU_PROV_3385;x
3386;10;11;47;FU_PROV_3386;x
3387;65;132;224;FU_PROV_3387;x
3388;120;254;145;FU_PROV_3388;x
3389;176;120;66;FU_PROV_3389;x
3390;231;241;243;FU_PROV_3390;x
3391;31;107;164;FU_PROV_3391;x
3392;86;229;85;FU_PROV_3392;x
3393;142;95;6;FU_PROV_3393;x
3394;197;216;183;FU_PROV_3394;x
3395;253;82;104;FU_PROV_3395;x
3396;52;204;25;FU_PROV_3396;x
3397;108;69;202;FU_PROV_3397;x
3398;163;191;123;FU_PROV_3398;x
3399;219;57;44;FU_PROV_3399;x
3400;18;178;221;FU_PROV_3400;x
3401;74;44;142;FU_PROV_3401;x
3402;129;166;63;FU_PROV_3402;x
3403;185;31;240;FU_PROV_3403;x
3404;240;153;161;FU_PROV_3404;x
3405;40;19;82;FU_PROV_3405;x
3406;95;141;3;FU_PROV_3406;x
3407;151;6;180;FU_PROV_3407;x
3408;206;128;101;FU_PROV_3408;x
3409;5;250;22;FU_PROV_3409;x
3410;61;115;199;FU_PROV_3410;x
3411;116;237;120;FU_PROV_3411;x
3412;172;103;41;FU_PROV_3412;x
3413;227;224;218;FU_PROV_3413;x
3414;27;90;139;FU_PROV_3414;x
3415;82;212;60;FU_PROV_3415;x
3416;138;77;237;FU_PROV_3416;x
3417;193;199;158;FU_PROV_3417;x
3418;249;65;79;FU_PROV_3418;x
3419;48;187;0;FU_PROV_3419;x
3420;104;52;177;FU_PROV_3420;x
3421;159;174;98;FU_PROV_3421;x
3422;215;40;19;FU_PROV_3422;x
3423;14;161;196;FU_PROV_3423;x
3424;70;27;117;FU_PROV_3424;x
3425;125;149;38;FU_PROV_3425;x
3426;181;14;215;FU_PROV_3426;x
3427;236;136;136;FU_PROV_3427;x
3428;36;2;57;FU_PROV_3428;x
3429;91;123;234;FU_PROV_3429;x
3430;146;245;155;FU_PROV_3430;x
3431;202;111;76;FU_PROV_3431;x
3432;1;232;253;FU_PROV_3432;x
3433;57;98;174;FU_PROV_3433;x
3434;112;220;95;FU_PROV_3434;x
3435;168;86;16;FU_PROV_3435;x
3436;223;207;193;FU_PROV_3436;x
3437;23;73;114;FU_PROV_3437;x
3438;78;195;35;FU_PROV_3438;x
3439;134;60;212;FU_PROV_3439;x
3440;189;182;133;FU_PROV_3440;x
3441;245;48;54;FU_PROV_3441;x
3442;44;169;231;FU_PROV_3442;x
3443;100;35;152;FU_PROV_3443;x
3444;155;157;73;FU_PROV_3444;x
3445;211;22;250;FU_PROV_3445;x
3446;10;144;171;FU_PROV_3446;x
3447;66;10;92;FU_PROV_3447;x
3448;121;132;13;FU_PROV_3448;x
3449;176;253;190;FU_PROV_3449;x
3450;232;119;111;FU_PROV_3450;x
3451;31;241;32;FU_PROV_3451;x
3452;87;106;209;FU_PROV_3452;x
3453;142;228;130;FU_PROV_3453;x
3454;198;94;51;FU_PROV_3454;x
3455;253;215;228;FU_PROV_3455;x
3456;53;81;149;FU_PROV_3456;x
3457;108;203;70;FU_PROV_3457;x
3458;164;68;247;FU_PROV_3458;x
3459;219;190;168;FU_PROV_3459;x
3460;19;56;89;FU_PROV_3460;x
3461;74;178;10;FU_PROV_3461;x
3462;130;43;187;FU_PROV_3462;x
3463;185;165;108;FU_PROV_3463;x
3464;241;31;29;FU_PROV_3464;x
3465;40;152;206;FU_PROV_3465;x
3466;96;18;127;FU_PROV_3466;x
3467;151;140;48;FU_PROV_3467;x
3468;207;5;225;FU_PROV_3468;x
3469;6;127;146;FU_PROV_3469;x
3470;61;249;67;FU_PROV_3470;x
3471;117;114;244;FU_PROV_3471;x
3472;172;236;165;FU_PROV_3472;x
3473;228;102;86;FU_PROV_3473;x
3474;27;224;7;FU_PROV_3474;x
3475;83;89;184;FU_PROV_3475;x
3476;138;211;105;FU_PROV_3476;x
3477;194;77;26;FU_PROV_3477;x
3478;249;198;203;FU_PROV_3478;x
3479;49;64;124;FU_PROV_3479;x
3480;104;186;45;FU_PROV_3480;x
3481;160;51;222;FU_PROV_3481;x
3482;215;173;143;FU_PROV_3482;x
3483;15;39;64;FU_PROV_3483;x
3484;70;160;241;FU_PROV_3484;x
3485;126;26;162;FU_PROV_3485;x
3486;181;148;83;FU_PROV_3486;x
3487;237;14;4;FU_PROV_3487;x
3488;36;135;181;FU_PROV_3488;x
3489;92;1;102;FU_PROV_3489;x
3490;147;123;23;FU_PROV_3490;x
3491;202;244;200;FU_PROV_3491;x
3492;2;110;121;FU_PROV_3492;x
3493;57;232;42;FU_PROV_3493;x
3494;113;97;219;FU_PROV_3494;x
3495;168;219;140;FU_PROV_3495;x
3496;224;85;61;FU_PROV_3496;x
3497;23;206;238;FU_PROV_3497;x
3498;79;72;159;FU_PROV_3498;x
3499;134;194;80;FU_PROV_3499;x
3500;190;60;1;FU_PROV_3500;x
3501;245;181;178;FU_PROV_3501;x
3502;45;47;99;FU_PROV_3502;x
3503;100;169;20;FU_PROV_3503;x
3504;156;34;197;FU_PROV_3504;x
3505;211;156;118;FU_PROV_3505;x
3506;11;22;39;FU_PROV_3506;x
3507;66;143;216;FU_PROV_3507;x
3508;122;9;137;FU_PROV_3508;x
3509;177;131;58;FU_PROV_3509;x
3510;232;252;235;FU_PROV_3510;x
3511;32;118;156;FU_PROV_3511;x
3512;87;240;77;FU_PROV_3512;x
3513;143;105;254;FU_PROV_3513;x
3514;198;227;175;FU_PROV_3514;x
3515;254;93;96;FU_PROV_3515;x
3516;53;215;17;FU_PROV_3516;x
3517;109;80;194;FU_PROV_3517;x
3518;164;202;115;FU_PROV_3518;x
3519;220;68;36;FU_PROV_3519;x
3520;19;189;213;FU_PROV_3520;x
3521;75;55;134;FU_PROV_3521;x
3522;130;177;55;FU_PROV_3522;x
3523;186;42;232;FU_PROV_3523;x
3524;241;164;153;FU_PROV_3524;x
3525;41;30;74;FU_PROV_3525;x
3526;96;151;251;FU_PROV_3526;x
3527;152;17;172;FU_PROV_3527;x
3528;207;139;93;FU_PROV_3528;x
3529;7;5;14;FU_PROV_3529;x
3530;62;126;191;FU_PROV_3530;x
3531;117;248;112;FU_PROV_3531;x
3532;173;114;33;FU_PROV_3532;x
3533;228;235;210;FU_PROV_3533;x
3534;28;101;131;FU_PROV_3534;x
3535;83;223;52;FU_PROV_3535;x
3536;139;88;229;FU_PROV_3536;x
3537;194;210;150;FU_PROV_3537;x
3538;250;76;71;FU_PROV_3538;x
3539;49;197;248;FU_PROV_3539;x
3540;105;63;169;FU_PROV_3540;x
3541;160;185;90;FU_PROV_3541;x
3542;216;51;11;FU_PROV_3542;x
3543;15;172;188;FU_PROV_3543;x
3544;71;38;109;FU_PROV_3544;x
3545;126;160;30;FU_PROV_3545;x
3546;182;25;207;FU_PROV_3546;x
3547;237;147;128;FU_PROV_3547;x
3548;37;13;49;FU_PROV_3548;x
3549;92;134;226;FU_PROV_3549;x
3550;148;0;147;FU_PROV_3550;x
3551;203;122;68;FU_PROV_3551;x
3552;2;243;245;FU_PROV_3552;x
3553;58;109;166;FU_PROV_3553;x
3554;113;231;87;FU_PROV_3554;x
3555;169;97;8;FU_PROV_3555;x
3556;224;218;185;FU_PROV_3556;x
3557;24;84;106;FU_PROV_3557;x
3558;79;206;27;FU_PROV_3558;x
3559;135;71;204;FU_PROV_3559;x
3560;190;193;125;FU_PROV_3560;x
3561;246;59;46;FU_PROV_3561;x
3562;45;180;223;FU_PROV_3562;x
3563;101;46;144;FU_PROV_3563;x
3564;156;168;65;FU_PROV_3564;x
3565;212;33;242;FU_PROV_3565;x
3566;11;155;163;FU_PROV_3566;x
3567;67;21;84;FU_PROV_3567;x
3568;122;143;5;FU_PROV_3568;x
3569;178;8;182;FU_PROV_3569;x
3570;233;130;103;FU_PROV_3570;x
3571;32;252;24;FU_PROV_3571;x
3572;88;117;201;FU_PROV_3572;x
3573;143;239;122;FU_PROV_3573;x
3574;199;105;43;FU_PROV_3574;x
3575;254;226;220;FU_PROV_3575;x
3576;54;92;141;FU_PROV_3576;x
3577;109;214;62;FU_PROV_3577;x
3578;165;79;239;FU_PROV_3578;x
3579;220;201;160;FU_PROV_3579;x
3580;20;67;81;FU_PROV_3580;x
3581;75;189;2;FU_PROV_3581;x
3582;131;54;179;FU_PROV_3582;x
3583;186;176;100;FU_PROV_3583;x
3584;242;42;21;FU_PROV_3584;x
3585;41;163;198;FU_PROV_3585;x
3586;97;29;119;FU_PROV_3586;x
3587;152;151;40;FU_PROV_3587;x
3588;208;16;217;FU_PROV_3588;x
3589;7;138;138;FU_PROV_3589;x
3590;63;4;59;FU_PROV_3590;x
3591;118;125;236;FU_PROV_3591;x
3592;173;247;157;FU_PROV_3592;x
3593;229;113;78;FU_PROV_3593;x
3594;28;234;255;FU_PROV_3594;x
3595;84;100;176;FU_PROV_3595;x
3596;139;222;97;FU_PROV_3596;x
3597;195;88;18;FU_PROV_3597;x
3598;250;209;195;FU_PROV_3598;x
3599;50;75;116;FU_PROV_3599;x
3600;105;197;37;FU_PROV_3600;x
3601;161;62;214;FU_PROV_3601;x
3602;216;184;135;FU_PROV_3602;x
3603;16;50;56;FU_PROV_3603;x
3604;71;171;233;FU_PROV_3604;x
3605;127;37;154;FU_PROV_3605;x
3606;182;159;75;FU_PROV_3606;x
3607;238;24;252;FU_PROV_3607;x
3608;37;146;173;FU_PROV_3608;x
3609;93;12;94;FU_PROV_3609;x
3610;148;134;15;FU_PROV_3610;x
3611;203;255;192;FU_PROV_3611;x
3612;3;121;113;FU_PROV_3612;x
3613;58;243;34;FU_PROV_3613;x
3614;114;108;211;FU_PROV_3614;x
3615;169;230;132;FU_PROV_3615;x
3616;225;96;53;FU_PROV_3616;x
3617;24;217;230;FU_PROV_3617;x
3618;80;83;151;FU_PROV_3618;x
3619;135;205;72;FU_PROV_3619;x
3620;191;70;249;FU_PROV_3620;x
3621;246;192;170;FU_PROV_3621;x
3622;46;58;91;FU_PROV_3622;x
3623;101;180;12;FU_PROV_3623;x
3624;157;45;189;FU_PROV_3624;x
3625;212;167;110;FU_PROV_3625;x
3626;12;33;31;FU_PROV_3626;x
3627;67;154;208;FU_PROV_3627;x
3628;123;20;129;FU_PROV_3628;x
3629;178;142;50;FU_PROV_3629;x
3630;234;7;227;FU_PROV_3630;x
3631;33;129;148;FU_PROV_3631;x
3632;88;251;69;FU_PROV_3632;x
3633;144;116;246;FU_PROV_3633;x
3634;199;238;167;FU_PROV_3634;x
3635;255;104;88;FU_PROV_3635;x
3636;54;226;9;FU_PROV_3636;x
3637;110;91;186;FU_PROV_3637;x
3638;165;213;107;FU_PROV_3638;x
3639;221;79;28;FU_PROV_3639;x
3640;20;200;205;FU_PROV_3640;x
3641;76;66;126;FU_PROV_3641;x
3642;131;188;47;FU_PROV_3642;x
3643;187;53;224;FU_PROV_3643;x
3644;242;175;145;FU_PROV_3644;x
3645;42;41;66;FU_PROV_3645;x
3646;97;162;243;FU_PROV_3646;x
3647;153;28;164;FU_PROV_3647;x
3648;208;150;85;FU_PROV_3648;x
3649;8;16;6;FU_PROV_3649;x
3650;63;137;183;FU_PROV_3650;x
3651;119;3;104;FU_PROV_3651;x
3652;174;125;25;FU_PROV_3652;x
3653;229;246;202;FU_PROV_3653;x
3654;29;112;123;FU_PROV_3654;x
3655;84;234;44;FU_PROV_3655;x
3656;140;99;221;FU_PROV_3656;x
3657;195;221;142;FU_PROV_3657;x
3658;251;87;63;FU_PROV_3658;x
3659;50;208;240;FU_PROV_3659;x
3660;106;74;161;FU_PROV_3660;x
3661;161;196;82;FU_PROV_3661;x
3662;217;62;3;FU_PROV_3662;x
3663;16;183;180;FU_PROV_3663;x
3664;72;49;101;FU_PROV_3664;x
3665;127;171;22;FU_PROV_3665;x
3666;183;36;199;FU_PROV_3666;x
3667;238;158;120;FU_PROV_3667;x
3668;38;24;41;FU_PROV_3668;x
3669;93;145;218;FU_PROV_3669;x
3670;149;11;139;FU_PROV_3670;x
3671;204;133;60;FU_PROV_3671;x
3672;3;254;237;FU_PROV_3672;x
3673;59;120;158;FU_PROV_3673;x
3674;114;242;79;FU_PROV_3674;x
3675;170;108;0;FU_PROV_3675;x
3676;225;229;177;FU_PROV_3676;x
3677;25;95;98;FU_PROV_3677;x
3678;80;217;19;FU_PROV_3678;x
3679;136;82;196;FU_PROV_3679;x
3680;191;204;117;FU_PROV_3680;x
3681;247;70;38;FU_PROV_3681;x
3682;46;191;215;FU_PROV_3682;x
3683;102;57;136;FU_PROV_3683;x
3684;157;179;57;FU_PROV_3684;x
3685;213;44;234;FU_PROV_3685;x
3686;12;166;155;FU_PROV_3686;x
3687;68;32;76;FU_PROV_3687;x
3688;123;153;253;FU_PROV_3688;x
3689;179;19;174;FU_PROV_3689;x
3690;234;141;95;FU_PROV_3690;x
3691;34;7;16;FU_PROV_3691;x
3692;89;128;193;FU_PROV_3692;x
3693;144;250;114;FU_PROV_3693;x
3694;200;116;35;FU_PROV_3694;x
3695;255;237;212;FU_PROV_3695;x
3696;55;103;133;FU_PROV_3696;x
3697;110;225;54;FU_PROV_3697;x
3698;166;90;231;FU_PROV_3698;x
3699;221;212;152;FU_PROV_3699;x
3700;21;78;73;FU_PROV_3700;x
3701;76;199;250;FU_PROV_3701;x
3702;132;65;171;FU_PROV_3702;x
3703;187;187;92;FU_PROV_3703;x
3704;243;53;13;FU_PROV_3704;x
3705;42;174;190;FU_PROV_3705;x
3706;98;40;111;FU_PROV_3706;x
3707;153;162;32;FU_PROV_3707;x
3708;209;27;209;FU_PROV_3708;x
3709;8;149;130;FU_PROV_3709;x
3710;64;15;51;FU_PROV_3710;x
3711;119;136;228;FU_PROV_3711;x
3712;175;2;149;FU_PROV_3712;x
3713;230;124;70;FU_PROV_3713;x
3714;29;245;247;FU_PROV_3714;x
3715;85;111;168;FU_PROV_3715;x
3716;140;233;89;FU_PROV_3716;x
3717;196;99;10;FU_PROV_3717;x
3718;251;220;187;FU_PROV_3718;x
3719;51;86;108;FU_PROV_3719;x
3720;106;208;29;FU_PROV_3720;x
3721;162;73;206;FU_PROV_3721;x
3722;217;195;127;FU_PROV_3722;x
3723;17;61;48;FU_PROV_3723;x
3724;72;182;225;FU_PROV_3724;x
3725;128;48;146;FU_PROV_3725;x
3726;183;170;67;FU_PROV_3726;x
3727;239;35;244;FU_PROV_3727;x
3728;38;157;165;FU_PROV_3728;x
3729;94;23;86;FU_PROV_3729;x
3730;149;145;7;FU_PROV_3730;x
3731;205;10;184;FU_PROV_3731;x
3732;4;132;105;FU_PROV_3732;x
3733;59;254;26;FU_PROV_3733;x
3734;115;119;203;FU_PROV_3734;x
3735;170;241;124;FU_PROV_3735;x
3736;226;107;45;FU_PROV_3736;x
3737;25;228;222;FU_PROV_3737;x
3738;81;94;143;FU_PROV_3738;x
3739;136;216;64;FU_PROV_3739;x
3740;192;81;241;FU_PROV_3740;x
3741;247;203;162;FU_PROV_3741;x
3742;47;69;83;FU_PROV_3742;x
3743;102;191;4;FU_PROV_3743;x
3744;158;56;181;FU_PROV_3744;x
3745;213;178;102;FU_PROV_3745;x
3746;13;44;23;FU_PROV_3746;x
3747;68;165;200;FU_PROV_3747;x
3748;124;31;121;FU_PROV_3748;x
3749;179;153;42;FU_PROV_3749;x
3750;235;18;219;FU_PROV_3750;x
3751;34;140;140;FU_PROV_3751;x
3752;90;6;61;FU_PROV_3752;x
3753;145;127;238;FU_PROV_3753;x
3754;200;249;159;FU_PROV_3754;x
3755;0;115;80;FU_PROV_3755;x
3756;55;237;1;FU_PROV_3756;x
3757;111;102;178;FU_PROV_3757;x
3758;166;224;99;FU_PROV_3758;x
3759;222;90;20;FU_PROV_3759;x
3760;21;211;197;FU_PROV_3760;x
3761;77;77;118;FU_PROV_3761;x
3762;132;199;39;FU_PROV_3762;x
3763;188;64;216;FU_PROV_3763;x
3764;243;186;137;FU_PROV_3764;x
3765;43;52;58;FU_PROV_3765;x
3766;98;173;235;FU_PROV_3766;x
3767;154;39;156;FU_PROV_3767;x
3768;209;161;77;FU_PROV_3768;x
3769;9;26;254;FU_PROV_3769;x
3770;64;148;175;FU_PROV_3770;x
3771;120;14;96;FU_PROV_3771;x
3772;175;136;17;FU_PROV_3772;x
3773;231;1;194;FU_PROV_3773;x
3774;30;123;115;FU_PROV_3774;x
3775;85;245;36;FU_PROV_3775;x
3776;141;110;213;FU_PROV_3776;x
3777;196;232;134;FU_PROV_3777;x
3778;252;98;55;FU_PROV_3778;x
3779;51;219;232;FU_PROV_3779;x
3780;107;85;153;FU_PROV_3780;x
3781;162;207;74;FU_PROV_3781;x
3782;218;72;251;FU_PROV_3782;x
3783;17;194;172;FU_PROV_3783;x
3784;73;60;93;FU_PROV_3784;x
3785;128;182;14;FU_PROV_3785;x
3786;184;47;191;FU_PROV_3786;x
3787;239;169;112;FU_PROV_3787;x
3788;39;35;33;FU_PROV_3788;x
3789;94;156;210;FU_PROV_3789;x
3790;150;22;131;FU_PROV_3790;x
3791;205;144;52;FU_PROV_3791;x
3792;5;9;229;FU_PROV_3792;x
3793;60;131;150;FU_PROV_3793;x
3794;115;253;71;FU_PROV_3794;x
3795;171;118;248;FU_PROV_3795;x
3796;226;240;169;FU_PROV_3796;x
3797;26;106;90;FU_PROV_3797;x
3798;81;228;11;FU_PROV_3798;x
3799;137;93;188;FU_PROV_3799;x
3800;192;215;109;FU_PROV_3800;x
3801;248;81;30;FU_PROV_3801;x
3802;47;202;207;FU_PROV_3802;x
3803;103;68;128;FU_PROV_3803;x
3804;158;190;49;FU_PROV_3804;x
3805;214;55;226;FU_PROV_3805;x
3806;13;177;147;FU_PROV_3806;x
3807;69;43;68;FU_PROV_3807;x
3808;124;164;245;FU_PROV_3808;x
3809;180;30;166;FU_PROV_3809;x
3810;235;152;87;FU_PROV_3810;x
3811;35;18;8;FU_PROV_3811;x
3812;90;139;185;FU_PROV_3812;x
3813;146;5;106;FU_PROV_3813;x
3814;201;127;27;FU_PROV_3814;x
3815;0;248;204;FU_PROV_3815;x
3816;56;114;125;FU_PROV_3816;x
3817;111;236;46;FU_PROV_3817;x
3818;167;101;223;FU_PROV_3818;x
3819;222;223;144;FU_PROV_3819;x
3820;22;89;65;FU_PROV_3820;x
3821;77;210;242;FU_PROV_3821;x
3822;133;76;163;FU_PROV_3822;x
3823;188;198;84;FU_PROV_3823;x
3824;244;64;5;FU_PROV_3824;x
3825;43;185;182;FU_PROV_3825;x
3826;99;51;103;FU_PROV_3826;x
3827;154;173;24;FU_PROV_3827;x
3828;210;38;201;FU_PROV_3828;x
3829;9;160;122;FU_PROV_3829;x
3830;65;26;43;FU_PROV_3830;x
3831;120;147;220;FU_PROV_3831;x
3832;176;13;141;FU_PROV_3832;x
3833;231;135;62;FU_PROV_3833;x
3834;31;0;239;FU_PROV_3834;x
3835;86;122;160;FU_PROV_3835;x
3836;141;244;81;FU_PROV_3836;x
3837;197;110;2;FU_PROV_3837;x
3838;252;231;179;FU_PROV_3838;x
3839;52;97;100;FU_PROV_3839;x
3840;107;219;21;FU_PROV_3840;x
3841;163;84;198;FU_PROV_3841;x
3842;218;206;119;FU_PROV_3842;x
3843;18;72;40;FU_PROV_3843;x
3844;73;193;217;FU_PROV_3844;x
3845;129;59;138;FU_PROV_3845;x
3846;184;181;59;FU_PROV_3846;x
3847;240;46;236;FU_PROV_3847;x
3848;39;168;157;FU_PROV_3848;x
3849;95;34;78;FU_PROV_3849;x
3850;150;155;255;FU_PROV_3850;x
3851;206;21;176;FU_PROV_3851;x
3852;5;143;97;FU_PROV_3852;x
3853;61;9;18;FU_PROV_3853;x
3854;116;130;195;FU_PROV_3854;x
3855;171;252;116;FU_PROV_3855;x
3856;227;118;37;FU_PROV_3856;x
3857;26;239;214;FU_PROV_3857;x
3858;82;105;135;FU_PROV_3858;x
3859;137;227;56;FU_PROV_3859;x
3860;193;92;233;FU_PROV_3860;x
3861;248;214;154;FU_PROV_3861;x
3862;48;80;75;FU_PROV_3862;x
3863;103;201;252;FU_PROV_3863;x
3864;159;67;173;FU_PROV_3864;x
3865;214;189;94;FU_PROV_3865;x
3866;14;55;15;FU_PROV_3866;x
3867;69;176;192;FU_PROV_3867;x
3868;125;42;113;FU_PROV_3868;x
3869;180;164;34;FU_PROV_3869;x
3870;236;29;211;FU_PROV_3870;x
3871;35;151;132;FU_PROV_3871;x
3872;91;17;53;FU_PROV_3872;x
3873;146;138;230;FU_PROV_3873;x
3874;202;4;151;FU_PROV_3874;x
3875;1;126;72;FU_PROV_3875;x
3876;56;247;249;FU_PROV_3876;x
3877;112;113;170;FU_PROV_3877;x
3878;167;235;91;FU_PROV_3878;x
3879;223;101;12;FU_PROV_3879;x
3880;22;222;189;FU_PROV_3880;x
3881;78;88;110;FU_PROV_3881;x
3882;133;210;31;FU_PROV_3882;x
3883;189;75;208;FU_PROV_3883;x
3884;244;197;129;FU_PROV_3884;x
3885;44;63;50;FU_PROV_3885;x
3886;99;184;227;FU_PROV_3886;x
3887;155;50;148;FU_PROV_3887;x
3888;210;172;69;FU_PROV_3888;x
3889;10;37;246;FU_PROV_3889;x
3890;65;159;167;FU_PROV_3890;x
3891;121;25;88;FU_PROV_3891;x
3892;176;147;9;FU_PROV_3892;x
3893;232;12;186;FU_PROV_3893;x
3894;31;134;107;FU_PROV_3894;x
3895;87;0;28;FU_PROV_3895;x
3896;142;121;205;FU_PROV_3896;x
3897;197;243;126;FU_PROV_3897;x
3898;253;109;47;FU_PROV_3898;x
3899;52;230;224;FU_PROV_3899;x
3900;108;96;145;FU_PROV_3900;x
3901;163;218;66;FU_PROV_3901;x
3902;219;83;243;FU_PROV_3902;x
3903;18;205;164;FU_PROV_3903;x
3904;74;71;85;FU_PROV_3904;x
3905;129;193;6;FU_PROV_3905;x
3906;185;58;183;FU_PROV_3906;x
3907;240;180;104;FU_PROV_3907;x
3908;40;46;25;FU_PROV_3908;x
3909;95;167;202;FU_PROV_3909;x
3910;151;33;123;FU_PROV_3910;x
3911;206;155;44;FU_PROV_3911;x
3912;6;20;221;FU_PROV_3912;x
3913;61;142;142;FU_PROV_3913;x
3914;117;8;63;FU_PROV_3914;x
3915;172;129;240;FU_PROV_3915;x
3916;227;251;161;FU_PROV_3916;x
3917;27;117;82;FU_PROV_3917;x
3918;82;239;3;FU_PROV_3918;x
3919;138;104;180;FU_PROV_3919;x
3920;193;226;101;FU_PROV_3920;x
3921;249;92;22;FU_PROV_3921;x
3922;48;213;199;FU_PROV_3922;x
3923;104;79;120;FU_PROV_3923;x
3924;159;201;41;FU_PROV_3924;x
3925;215;66;218;FU_PROV_3925;x
3926;14;188;139;FU_PROV_3926;x
3927;70;54;60;FU_PROV_3927;x
3928;125;175;237;FU_PROV_3928;x
3929;181;41;158;FU_PROV_3929;x
3930;236;163;79;FU_PROV_3930;x
3931;36;29;0;FU_PROV_3931;x
3932;91;150;177;FU_PROV_3932;x
3933;147;16;98;FU_PROV_3933;x
3934;202;138;19;FU_PROV_3934;x
3935;2;3;196;FU_PROV_3935;x
3936;57;125;117;FU_PROV_3936;x
3937;112;247;38;FU_PROV_3937;x
3938;168;112;215;FU_PROV_3938;x
3939;223;234;136;FU_PROV_3939;x
3940;23;100;57;FU_PROV_3940;x
3941;78;221;234;FU_PROV_3941;x
3942;134;87;155;FU_PROV_3942;x
3943;189;209;76;FU_PROV_3943;x
3944;245;74;253;FU_PROV_3944;x
3945;44;196;174;FU_PROV_3945;x
3946;100;62;95;FU_PROV_3946;x
3947;155;184;16;FU_PROV_3947;x
3948;211;49;193;FU_PROV_3948;x
3949;10;171;114;FU_PROV_3949;x
3950;66;37;35;FU_PROV_3950;x
3951;121;158;212;FU_PROV_3951;x
3952;177;24;133;FU_PROV_3952;x
3953;232;146;54;FU_PROV_3953;x
3954;32;11;231;FU_PROV_3954;x
3955;87;133;152;FU_PROV_3955;x
3956;142;255;73;FU_PROV_3956;x
3957;198;120;250;FU_PROV_3957;x
3958;253;242;171;FU_PROV_3958;x
3959;53;108;92;FU_PROV_3959;x
3960;108;230;13;FU_PROV_3960;x
3961;164;95;190;FU_PROV_3961;x
3962;219;217;111;FU_PROV_3962;x
3963;19;83;32;FU_PROV_3963;x
3964;74;204;209;FU_PROV_3964;x
3965;130;70;130;FU_PROV_3965;x
3966;185;192;51;FU_PROV_3966;x
3967;241;57;228;FU_PROV_3967;x
3968;40;179;149;FU_PROV_3968;x
3969;96;45;70;FU_PROV_3969;x
3970;151;166;247;FU_PROV_3970;x
3971;207;32;168;FU_PROV_3971;x
3972;6;154;89;FU_PROV_3972;x
3973;62;20;10;FU_PROV_3973;x
3974;117;141;187;FU_PROV_3974;x
3975;173;7;108;FU_PROV_3975;x
3976;228;129;29;FU_PROV_3976;x
3977;27;250;206;FU_PROV_3977;x
3978;83;116;127;FU_PROV_3978;x
3979;138;238;48;FU_PROV_3979;x
3980;194;103;225;FU_PROV_3980;x
3981;249;225;146;FU_PROV_3981;x
3982;49;91;67;FU_PROV_3982;x
3983;104;212;244;FU_PROV_3983;x
3984;160;78;165;FU_PROV_3984;x
3985;215;200;86;FU_PROV_3985;x
3986;15;66;7;FU_PROV_3986;x
3987;70;187;184;FU_PROV_3987;x
3988;126;53;105;FU_PROV_3988;x
3989;181;175;26;FU_PROV_3989;x
3990;237;40;203;FU_PROV_3990;x
3991;36;162;124;FU_PROV_3991;x
3992;92;28;45;FU_PROV_3992;x
3993;147;149;222;FU_PROV_3993;x
3994;203;15;143;FU_PROV_3994;x
3995;2;137;64;FU_PROV_3995;x
3996;58;2;241;FU_PROV_3996;x
3997;113;124;162;FU_PROV_3997;x
3998;168;246;83;FU_PROV_3998;x
3999;224;112;4;FU_PROV_3999;x
4000;23;233;181;FU_PROV_4000;x
4001;79;99;102;FU_PROV_4001;x
4002;134;221;23;FU_PROV_4002;x
4003;190;86;200;FU_PROV_4003;x
4004;245;208;121;FU_PROV_4004;x
4005;45;74;42;FU_PROV_4005;x
4006;100;195;219;FU_PROV_4006;x
4007;156;61;140;FU_PROV_4007;x
4008;211;183;61;FU_PROV_4008;x
4009;11;48;238;FU_PROV_4009;x
4010;66;170;159;FU_PROV_4010;x
4011;122;36;80;FU_PROV_4011;x
4012;177;158;1;FU_PROV_4012;x
4013;233;23;178;FU_PROV_4013;x
4014;32;145;99;FU_PROV_4014;x
4015;88;11;20;FU_PROV_4015;x
4016;143;132;197;FU_PROV_4016;x
4017;198;254;118;FU_PROV_4017;x
4018;254;120;39;FU_PROV_4018;x
4019;53;241;216;FU_PROV_4019;x
4020;109;107;137;FU_PROV_4020;x
4021;164;229;58;FU_PROV_4021;x
4022;220;94;235;FU_PROV_4022;x
4023;19;216;156;FU_PROV_4023;x
4024;75;82;77;FU_PROV_4024;x
4025;130;203;254;FU_PROV_4025;x
4026;186;69;175;FU_PROV_4026;x
4027;241;191;96;FU_PROV_4027;x
4028;41;57;17;FU_PROV_4028;x
4029;96;178;194;FU_PROV_4029;x
4030;152;44;115;FU_PROV_4030;x
4031;207;166;36;FU_PROV_4031;x
4032;7;31;213;FU_PROV_4032;x
4033;62;153;134;FU_PROV_4033;x
4034;118;19;55;FU_PROV_4034;x
4035;173;140;232;FU_PROV_4035;x
4036;229;6;153;FU_PROV_4036;x
4037;28;128;74;FU_PROV_4037;x
4038;83;249;251;FU_PROV_4038;x
4039;139;115;172;FU_PROV_4039;x
4040;194;237;93;FU_PROV_4040;x
4041;250;103;14;FU_PROV_4041;x
4042;49;224;191;FU_PROV_4042;x
4043;105;90;112;FU_PROV_4043;x
4044;160;212;33;FU_PROV_4044;x
4045;216;77;210;FU_PROV_4045;x
4046;15;199;131;FU_PROV_4046;x
4047;71;65;52;FU_PROV_4047;x
4048;126;186;229;FU_PROV_4048;x
4049;182;52;150;FU_PROV_4049;x
4050;237;174;71;FU_PROV_4050;x
4051;37;39;248;FU_PROV_4051;x
4052;92;161;169;FU_PROV_4052;x
4053;148;27;90;FU_PROV_4053;x
4054;203;149;11;FU_PROV_4054;x
4055;3;14;188;FU_PROV_4055;x
4056;58;136;109;FU_PROV_4056;x
4057;114;2;30;FU_PROV_4057;x
4058;169;123;207;FU_PROV_4058;x
4059;224;245;128;FU_PROV_4059;x
4060;24;111;49;FU_PROV_4060;x
4061;79;232;226;FU_PROV_4061;x
4062;135;98;147;FU_PROV_4062;x
4063;190;220;68;FU_PROV_4063;x
4064;246;85;245;FU_PROV_4064;x
4065;45;207;166;FU_PROV_4065;x
4066;101;73;87;FU_PROV_4066;x
4067;156;195;8;FU_PROV_4067;x
4068;212;60;185;FU_PROV_4068;x
4069;11;182;106;FU_PROV_4069;x
4070;67;48;27;FU_PROV_4070;x
4071;122;169;204;FU_PROV_4071;x
4072;178;35;125;FU_PROV_4072;x
4073;233;157;46;FU_PROV_4073;x
4074;33;22;223;FU_PROV_4074;x
4075;88;144;144;FU_PROV_4075;x
4076;144;10;65;FU_PROV_4076;x
4077;199;131;242;FU_PROV_4077;x
4078;254;253;163;FU_PROV_4078;x
4079;54;119;84;FU_PROV_4079;x
4080;109;241;5;FU_PROV_4080;x
4081;165;106;182;FU_PROV_4081;x
4082;220;228;103;FU_PROV_4082;x
4083;20;94;24;FU_PROV_4083;x
4084;75;215;201;FU_PROV_4084;x
4085;131;81;122;FU_PROV_4085;x
4086;186;203;43;FU_PROV_4086;x
4087;242;68;220;FU_PROV_4087;x
4088;41;190;141;FU_PROV_4088;x
4089;97;56;62;FU_PROV_4089;x
4090;152;177;239;FU_PROV_4090;x
4091;208;43;160;FU_PROV_4091;x
4092;7;165;81;FU_PROV_4092;x
4093;63;31;2;FU_PROV_4093;x
4094;118;152;179;FU_PROV_4094;x
4095;174;18;100;FU_PROV_4095;x
4096;229;140;21;FU_PROV_4096;x
4097;29;5;198;FU_PROV_4097;x
4098;84;127;119;FU_PROV_4098;x
4099;139;249;40;FU_PROV_4099;x
4100;195;114;217;FU_PROV_4100;x
4101;250;236;138;FU_PROV_4101;x
4102;50;102;59;FU_PROV_4102;x
4103;105;223;236;FU_PROV_4103;x
4104;161;89;157;FU_PROV_4104;x
4105;216;211;78;FU_PROV_4105;x
4106;16;76;255;FU_PROV_4106;x
4107;71;198;176;FU_PROV_4107;x
4108;127;64;97;FU_PROV_4108;x
4109;182;186;18;FU_PROV_4109;x
4110;238;51;195;FU_PROV_4110;x
4111;37;173;116;FU_PROV_4111;x
4112;93;39;37;FU_PROV_4112;x
4113;148;160;214;FU_PROV_4113;x
4114;204;26;135;FU_PROV_4114;x
4115;3;148;56;FU_PROV_4115;x
4116;59;13;233;FU_PROV_4116;x
4117;114;135;154;FU_PROV_4117;x
4118;170;1;75;FU_PROV_4118;x
4119;225;122;252;FU_PROV_4119;x
4120;24;244;173;FU_PROV_4120;x
4121;80;110;94;FU_PROV_4121;x
4122;135;232;15;FU_PROV_4122;x
4123;191;97;192;FU_PROV_4123;x
4124;246;219;113;FU_PROV_4124;x
4125;46;85;34;FU_PROV_4125;x
4126;101;206;211;FU_PROV_4126;x
4127;157;72;132;FU_PROV_4127;x
4128;212;194;53;FU_PROV_4128;x
4129;12;59;230;FU_PROV_4129;x
4130;67;181;151;FU_PROV_4130;x
4131;123;47;72;FU_PROV_4131;x
4132;178;168;249;FU_PROV_4132;x
4133;234;34;170;FU_PROV_4133;x
4134;33;156;91;FU_PROV_4134;x
4135;89;22;12;FU_PROV_4135;x
4136;144;143;189;FU_PROV_4136;x
4137;200;9;110;FU_PROV_4137;x
4138;255;131;31;FU_PROV_4138;x
4139;54;252;208;FU_PROV_4139;x
4140;110;118;129;FU_PROV_4140;x
4141;165;240;50;FU_PROV_4141;x
4142;221;105;227;FU_PROV_4142;x
4143;20;227;148;FU_PROV_4143;x
4144;76;93;69;FU_PROV_4144;x
4145;131;214;246;FU_PROV_4145;x
4146;187;80;167;FU_PROV_4146;x
4147;242;202;88;FU_PROV_4147;x
4148;42;68;9;FU_PROV_4148;x
4149;97;189;186;FU_PROV_4149;x
4150;153;55;107;FU_PROV_4150;x
4151;208;177;28;FU_PROV_4151;x
4152;8;42;205;FU_PROV_4152;x
4153;63;164;126;FU_PROV_4153;x
4154;119;30;47;FU_PROV_4154;x
4155;174;151;224;FU_PROV_4155;x
4156;230;17;145;FU_PROV_4156;x
4157;29;139;66;FU_PROV_4157;x
4158;85;4;243;FU_PROV_4158;x
4159;140;126;164;FU_PROV_4159;x
4160;195;248;85;FU_PROV_4160;x
4161;251;114;6;FU_PROV_4161;x
4162;50;235;183;FU_PROV_4162;x
4163;106;101;104;FU_PROV_4163;x
4164;161;223;25;FU_PROV_4164;x
4165;217;88;202;FU_PROV_4165;x
4166;16;210;123;FU_PROV_4166;x
4167;72;76;44;FU_PROV_4167;x
4168;127;197;221;FU_PROV_4168;x
4169;183;63;142;FU_PROV_4169;x
4170;238;185;63;FU_PROV_4170;x
4171;38;50;240;FU_PROV_4171;x
4172;93;172;161;FU_PROV_4172;x
4173;149;38;82;FU_PROV_4173;x
4174;204;160;3;FU_PROV_4174;x
4175;4;25;180;FU_PROV_4175;x
4176;59;147;101;FU_PROV_4176;x
4177;115;13;22;FU_PROV_4177;x
4178;170;134;199;FU_PROV_4178;x
4179;226;0;120;FU_PROV_4179;x
4180;25;122;41;FU_PROV_4180;x
4181;80;243;218;FU_PROV_4181;x
4182;136;109;139;FU_PROV_4182;x
4183;191;231;60;FU_PROV_4183;x
4184;247;96;237;FU_PROV_4184;x
4185;46;218;158;FU_PROV_4185;x
4186;102;84;79;FU_PROV_4186;x
4187;157;206;0;FU_PROV_4187;x
4188;213;71;177;FU_PROV_4188;x
4189;12;193;98;FU_PROV_4189;x
4190;68;59;19;FU_PROV_4190;x
4191;123;180;196;FU_PROV_4191;x
4192;179;46;117;FU_PROV_4192;x
4193;234;168;38;FU_PROV_4193;x
4194;34;33;215;FU_PROV_4194;x
4195;89;155;136;FU_PROV_4195;x
4196;145;21;57;FU_PROV_4196;x
4197;200;142;234;FU_PROV_4197;x
4198;0;8;155;FU_PROV_4198;x
4199;55;130;76;FU_PROV_4199;x
4200;110;251;253;FU_PROV_4200;x
4201;166;117;174;FU_PROV_4201;x
4202;221;239;95;FU_PROV_4202;x
4203;21;105;16;FU_PROV_4203;x
4204;76;226;193;FU_PROV_4204;x
4205;132;92;114;FU_PROV_4205;x
4206;187;214;35;FU_PROV_4206;x
4207;243;79;212;FU_PROV_4207;x
4208;42;201;133;FU_PROV_4208;x
4209;98;67;54;FU_PROV_4209;x
4210;153;188;231;FU_PROV_4210;x
4211;209;54;152;FU_PROV_4211;x
4212;8;176;73;FU_PROV_4212;x
4213;64;41;250;FU_PROV_4213;x
4214;119;163;171;FU_PROV_4214;x
4215;175;29;92;FU_PROV_4215;x
4216;230;151;13;FU_PROV_4216;x
4217;30;16;190;FU_PROV_4217;x
4218;85;138;111;FU_PROV_4218;x
4219;141;4;32;FU_PROV_4219;x
4220;196;125;209;FU_PROV_4220;x
4221;251;247;130;FU_PROV_4221;x
4222;51;113;51;FU_PROV_4222;x
4223;106;234;228;FU_PROV_4223;x
4224;162;100;149;FU_PROV_4224;x
4225;217;222;70;FU_PROV_4225;x
4226;17;87;247;FU_PROV_4226;x
4227;72;209;168;FU_PROV_4227;x
4228;128;75;89;FU_PROV_4228;x
4229;183;197;10;FU_PROV_4229;x
4230;239;62;187;FU_PROV_4230;x
4231;38;184;108;FU_PROV_4231;x
4232;94;50;29;FU_PROV_4232;x
4233;149;171;206;FU_PROV_4233;x
4234;205;37;127;FU_PROV_4234;x
4235;4;159;48;FU_PROV_4235;x
4236;60;24;225;FU_PROV_4236;x
4237;115;146;146;FU_PROV_4237;x
4238;171;12;67;FU_PROV_4238;x
4239;226;133;244;FU_PROV_4239;x
4240;25;255;165;FU_PROV_4240;x
4241;81;121;86;FU_PROV_4241;x
4242;136;243;7;FU_PROV_4242;x
4243;192;108;184;FU_PROV_4243;x
4244;247;230;105;FU_PROV_4244;x
4245;47;96;26;FU_PROV_4245;x
4246;102;217;203;FU_PROV_4246;x
4247;158;83;124;FU_PROV_4247;x
4248;213;205;45;FU_PROV_4248;x
4249;13;70;222;FU_PROV_4249;x
4250;68;192;143;FU_PROV_4250;x
4251;124;58;64;FU_PROV_4251;x
4252;179;179;241;FU_PROV_4252;x
4253;235;45;162;FU_PROV_4253;x
4254;34;167;83;FU_PROV_4254;x
4255;90;33;4;FU_PROV_4255;x
4256;145;154;181;FU_PROV_4256;x
4257;201;20;102;FU_PROV_4257;x
4258;0;142;23;FU_PROV_4258;x
4259;56;7;200;FU_PROV_4259;x
4260;111;129;121;FU_PROV_4260;x
4261;166;251;42;FU_PROV_4261;x
4262;222;116;219;FU_PROV_4262;x
4263;21;238;140;FU_PROV_4263;x
4264;77;104;61;FU_PROV_4264;x
4265;132;225;238;FU_PROV_4265;x
4266;188;91;159;FU_PROV_4266;x
4267;243;213;80;FU_PROV_4267;x
4268;43;79;1;FU_PROV_4268;x
4269;98;200;178;FU_PROV_4269;x
4270;154;66;99;FU_PROV_4270;x
4271;209;188;20;FU_PROV_4271;x
4272;9;53;197;FU_PROV_4272;x
4273;64;175;118;FU_PROV_4273;x
4274;120;41;39;FU_PROV_4274;x
4275;175;162;216;FU_PROV_4275;x
4276;231;28;137;FU_PROV_4276;x
4277;30;150;58;FU_PROV_4277;x
4278;86;15;235;FU_PROV_4278;x
4279;141;137;156;FU_PROV_4279;x
4280;197;3;77;FU_PROV_4280;x
4281;252;124;254;FU_PROV_4281;x
4282;51;246;175;FU_PROV_4282;x
4283;107;112;96;FU_PROV_4283;x
4284;162;234;17;FU_PROV_4284;x
4285;218;99;194;FU_PROV_4285;x
4286;17;221;115;FU_PROV_4286;x
4287;73;87;36;FU_PROV_4287;x
4288;128;208;213;FU_PROV_4288;x
4289;184;74;134;FU_PROV_4289;x
4290;239;196;55;FU_PROV_4290;x
4291;39;61;232;FU_PROV_4291;x
4292;94;183;153;FU_PROV_4292;x
4293;150;49;74;FU_PROV_4293;x
4294;205;170;251;FU_PROV_4294;x
4295;5;36;172;FU_PROV_4295;x
4296;60;158;93;FU_PROV_4296;x
4297;116;24;14;FU_PROV_4297;x
4298;171;145;191;FU_PROV_4298;x
4299;227;11;112;FU_PROV_4299;x
4300;26;133;33;FU_PROV_4300;x
4301;81;254;210;FU_PROV_4301;x
4302;137;120;131;FU_PROV_4302;x
4303;192;242;52;FU_PROV_4303;x
4304;248;107;229;FU_PROV_4304;x
4305;47;229;150;FU_PROV_4305;x
4306;103;95;71;FU_PROV_4306;x
4307;158;216;248;FU_PROV_4307;x
4308;214;82;169;FU_PROV_4308;x
4309;13;204;90;FU_PROV_4309;x
4310;69;70;11;FU_PROV_4310;x
4311;124;191;188;FU_PROV_4311;x
4312;180;57;109;FU_PROV_4312;x
4313;235;179;30;FU_PROV_4313;x
4314;35;44;207;FU_PROV_4314;x
4315;90;166;128;FU_PROV_4315;x
4316;146;32;49;FU_PROV_4316;x
4317;201;153;226;FU_PROV_4317;x
4318;1;19;147;FU_PROV_4318;x
4319;56;141;68;FU_PROV_4319;x
4320;112;6;245;FU_PROV_4320;x
4321;167;128;166;FU_PROV_4321;x
4322;222;250;87;FU_PROV_4322;x
4323;22;116;8;FU_PROV_4323;x
4324;77;237;185;FU_PROV_4324;x
4325;133;103;106;FU_PROV_4325;x
4326;188;225;27;FU_PROV_4326;x
4327;244;90;204;FU_PROV_4327;x
4328;43;212;125;FU_PROV_4328;x
4329;99;78;46;FU_PROV_4329;x
4330;154;199;223;FU_PROV_4330;x
4331;210;65;144;FU_PROV_4331;x
4332;9;187;65;FU_PROV_4332;x
4333;65;52;242;FU_PROV_4333;x
4334;120;174;163;FU_PROV_4334;x
4335;176;40;84;FU_PROV_4335;x
4336;231;162;5;FU_PROV_4336;x
4337;31;27;182;FU_PROV_4337;x
4338;86;149;103;FU_PROV_4338;x
4339;142;15;24;FU_PROV_4339;x
4340;197;136;201;FU_PROV_4340;x
4341;253;2;122;FU_PROV_4341;x
4342;52;124;43;FU_PROV_4342;x
4343;107;245;220;FU_PROV_4343;x
4344;163;111;141;FU_PROV_4344;x
4345;218;233;62;FU_PROV_4345;x
4346;18;98;239;FU_PROV_4346;x
4347;73;220;160;FU_PROV_4347;x
4348;129;86;81;FU_PROV_4348;x
4349;184;208;2;FU_PROV_4349;x
4350;240;73;179;FU_PROV_4350;x
4351;39;195;100;FU_PROV_4351;x
4352;95;61;21;FU_PROV_4352;x
4353;150;182;198;FU_PROV_4353;x
4354;206;48;119;FU_PROV_4354;x
4355;5;170;40;FU_PROV_4355;x
4356;61;35;217;FU_PROV_4356;x
4357;116;157;138;FU_PROV_4357;x
4358;172;23;59;FU_PROV_4358;x
4359;227;144;236;FU_PROV_4359;x
4360;27;10;157;FU_PROV_4360;x
4361;82;132;78;FU_PROV_4361;x
4362;137;253;255;FU_PROV_4362;x
4363;193;119;176;FU_PROV_4363;x
4364;248;241;97;FU_PROV_4364;x
4365;48;107;18;FU_PROV_4365;x
4366;103;228;195;FU_PROV_4366;x
4367;159;94;116;FU_PROV_4367;x
4368;214;216;37;FU_PROV_4368;x
4369;14;81;214;FU_PROV_4369;x
4370;69;203;135;FU_PROV_4370;x
4371;125;69;56;FU_PROV_4371;x
4372;180;190;233;FU_PROV_4372;x
4373;236;56;154;FU_PROV_4373;x
4374;35;178;75;FU_PROV_4374;x
4375;91;43;252;FU_PROV_4375;x
4376;146;165;173;FU_PROV_4376;x
4377;202;31;94;FU_PROV_4377;x
4378;1;153;15;FU_PROV_4378;x
4379;57;18;192;FU_PROV_4379;x
4380;112;140;113;FU_PROV_4380;x
4381;168;6;34;FU_PROV_4381;x
4382;223;127;211;FU_PROV_4382;x
4383;22;249;132;FU_PROV_4383;x
4384;78;115;53;FU_PROV_4384;x
4385;133;236;230;FU_PROV_4385;x
4386;189;102;151;FU_PROV_4386;x
4387;244;224;72;FU_PROV_4387;x
4388;44;89;249;FU_PROV_4388;x
4389;99;211;170;FU_PROV_4389;x
4390;155;77;91;FU_PROV_4390;x
4391;210;199;12;FU_PROV_4391;x
4392;10;64;189;FU_PROV_4392;x
4393;65;186;110;FU_PROV_4393;x
4394;121;52;31;FU_PROV_4394;x
4395;176;173;208;FU_PROV_4395;x
4396;232;39;129;FU_PROV_4396;x
4397;31;161;50;FU_PROV_4397;x
4398;87;26;227;FU_PROV_4398;x
4399;142;148;148;FU_PROV_4399;x
4400;198;14;69;FU_PROV_4400;x
4401;253;135;246;FU_PROV_4401;x
4402;53;1;167;FU_PROV_4402;x
4403;108;123;88;FU_PROV_4403;x
4404;163;245;9;FU_PROV_4404;x
4405;219;110;186;FU_PROV_4405;x
4406;18;232;107;FU_PROV_4406;x
4407;74;98;28;FU_PROV_4407;x
4408;129;219;205;FU_PROV_4408;x
4409;185;85;126;FU_PROV_4409;x
4410;240;207;47;FU_PROV_4410;x
4411;40;72;224;FU_PROV_4411;x
4412;95;194;145;FU_PROV_4412;x
4413;151;60;66;FU_PROV_4413;x
4414;206;181;243;FU_PROV_4414;x
4415;6;47;164;FU_PROV_4415;x
4416;61;169;85;FU_PROV_4416;x
4417;117;35;6;FU_PROV_4417;x
4418;172;156;183;FU_PROV_4418;x
4419;228;22;104;FU_PROV_4419;x
4420;27;144;25;FU_PROV_4420;x
4421;83;9;202;FU_PROV_4421;x
4422;138;131;123;FU_PROV_4422;x
4423;193;253;44;FU_PROV_4423;x
4424;249;118;221;FU_PROV_4424;x
4425;48;240;142;FU_PROV_4425;x
4426;104;106;63;FU_PROV_4426;x
4427;159;227;240;FU_PROV_4427;x
4428;215;93;161;FU_PROV_4428;x
4429;14;215;82;FU_PROV_4429;x
4430;70;81;3;FU_PROV_4430;x
4431;125;202;180;FU_PROV_4431;x
4432;181;68;101;FU_PROV_4432;x
4433;236;190;22;FU_PROV_4433;x
4434;36;55;199;FU_PROV_4434;x
4435;91;177;120;FU_PROV_4435;x
4436;147;43;41;FU_PROV_4436;x
4437;202;164;218;FU_PROV_4437;x
4438;2;30;139;FU_PROV_4438;x
4439;57;152;60;FU_PROV_4439;x
4440;113;17;237;FU_PROV_4440;x
4441;168;139;158;FU_PROV_4441;x
4442;224;5;79;FU_PROV_4442;x
4443;23;127;0;FU_PROV_4443;x
4444;78;248;177;FU_PROV_4444;x
4445;134;114;98;FU_PROV_4445;x
4446;189;236;19;FU_PROV_4446;x
4447;245;101;196;FU_PROV_4447;x
4448;44;223;117;FU_PROV_4448;x
4449;100;89;38;FU_PROV_4449;x
4450;155;210;215;FU_PROV_4450;x
4451;211;76;136;FU_PROV_4451;x
4452;10;198;57;FU_PROV_4452;x
4453;66;63;234;FU_PROV_4453;x
4454;121;185;155;FU_PROV_4454;x
4455;177;51;76;FU_PROV_4455;x
4456;232;172;253;FU_PROV_4456;x
4457;32;38;174;FU_PROV_4457;x
4458;87;160;95;FU_PROV_4458;x
4459;143;26;16;FU_PROV_4459;x
4460;198;147;193;FU_PROV_4460;x
4461;254;13;114;FU_PROV_4461;x
4462;53;135;35;FU_PROV_4462;x
4463;109;0;212;FU_PROV_4463;x
4464;164;122;133;FU_PROV_4464;x
4465;219;244;54;FU_PROV_4465;x
4466;19;109;231;FU_PROV_4466;x
4467;74;231;152;FU_PROV_4467;x
4468;130;97;73;FU_PROV_4468;x
4469;185;218;250;FU_PROV_4469;x
4470;241;84;171;FU_PROV_4470;x
4471;40;206;92;FU_PROV_4471;x
4472;96;72;13;FU_PROV_4472;x
4473;151;193;190;FU_PROV_4473;x
4474;207;59;111;FU_PROV_4474;x
4475;6;181;32;FU_PROV_4475;x
4476;62;46;209;FU_PROV_4476;x
4477;117;168;130;FU_PROV_4477;x
4478;173;34;51;FU_PROV_4478;x
4479;228;155;228;FU_PROV_4479;x
4480;28;21;149;FU_PROV_4480;x
4481;83;143;70;FU_PROV_4481;x
4482;139;8;247;FU_PROV_4482;x
4483;194;130;168;FU_PROV_4483;x
4484;249;252;89;FU_PROV_4484;x
4485;49;118;10;FU_PROV_4485;x
4486;104;239;187;FU_PROV_4486;x
4487;160;105;108;FU_PROV_4487;x
4488;215;227;29;FU_PROV_4488;x
4489;15;92;206;FU_PROV_4489;x
4490;70;214;127;FU_PROV_4490;x
4491;126;80;48;FU_PROV_4491;x
4492;181;201;225;FU_PROV_4492;x
4493;237;67;146;FU_PROV_4493;x
4494;36;189;67;FU_PROV_4494;x
4495;92;54;244;FU_PROV_4495;x
4496;147;176;165;FU_PROV_4496;x
4497;203;42;86;FU_PROV_4497;x
4498;2;164;7;FU_PROV_4498;x
4499;58;29;184;FU_PROV_4499;x
4500;113;151;105;FU_PROV_4500;x
4501;169;17;26;FU_PROV_4501;x
4502;224;138;203;FU_PROV_4502;x
4503;24;4;124;FU_PROV_4503;x
4504;79;126;45;FU_PROV_4504;x
4505;134;247;222;FU_PROV_4505;x
4506;190;113;143;FU_PROV_4506;x
4507;245;235;64;FU_PROV_4507;x
4508;45;100;241;FU_PROV_4508;x
4509;100;222;162;FU_PROV_4509;x
4510;156;88;83;FU_PROV_4510;x
4511;211;210;4;FU_PROV_4511;x
4512;11;75;181;FU_PROV_4512;x
4513;66;197;102;FU_PROV_4513;x
4514;122;63;23;FU_PROV_4514;x
4515;177;184;200;FU_PROV_4515;x
4516;233;50;121;FU_PROV_4516;x
4517;32;172;42;FU_PROV_4517;x
4518;88;37;219;FU_PROV_4518;x
4519;143;159;140;FU_PROV_4519;x
4520;199;25;61;FU_PROV_4520;x
4521;254;146;238;FU_PROV_4521;x
4522;54;12;159;FU_PROV_4522;x
4523;109;134;80;FU_PROV_4523;x
4524;165;0;1;FU_PROV_4524;x
4525;220;121;178;FU_PROV_4525;x
4526;19;243;99;FU_PROV_4526;x
4527;75;109;20;FU_PROV_4527;x
4528;130;230;197;FU_PROV_4528;x
4529;186;96;118;FU_PROV_4529;x
4530;241;218;39;FU_PROV_4530;x
4531;41;83;216;FU_PROV_4531;x
4532;96;205;137;FU_PROV_4532;x
4533;152;71;58;FU_PROV_4533;x
4534;207;192;235;FU_PROV_4534;x
4535;7;58;156;FU_PROV_4535;x
4536;62;180;77;FU_PROV_4536;x
4537;118;45;254;FU_PROV_4537;x
4538;173;167;175;FU_PROV_4538;x
4539;229;33;96;FU_PROV_4539;x
4540;28;155;17;FU_PROV_4540;x
4541;84;20;194;FU_PROV_4541;x
4542;139;142;115;FU_PROV_4542;x
4543;195;8;36;FU_PROV_4543;x
4544;250;129;213;FU_PROV_4544;x
4545;49;251;134;FU_PROV_4545;x
4546;105;117;55;FU_PROV_4546;x
4547;160;238;232;FU_PROV_4547;x
4548;216;104;153;FU_PROV_4548;x
4549;15;226;74;FU_PROV_4549;x
4550;71;91;251;FU_PROV_4550;x
4551;126;213;172;FU_PROV_4551;x
4552;182;79;93;FU_PROV_4552;x
4553;237;201;14;FU_PROV_4553;x
4554;37;66;191;FU_PROV_4554;x
4555;92;188;112;FU_PROV_4555;x
4556;148;54;33;FU_PROV_4556;x
4557;203;175;210;FU_PROV_4557;x
4558;3;41;131;FU_PROV_4558;x
4559;58;163;52;FU_PROV_4559;x
4560;114;28;229;FU_PROV_4560;x
4561;169;150;150;FU_PROV_4561;x
4562;225;16;71;FU_PROV_4562;x
4563;24;137;248;FU_PROV_4563;x
4564;80;3;169;FU_PROV_4564;x
4565;135;125;90;FU_PROV_4565;x
4566;190;247;11;FU_PROV_4566;x
4567;246;112;188;FU_PROV_4567;x
4568;45;234;109;FU_PROV_4568;x
4569;101;100;30;FU_PROV_4569;x
4570;156;221;207;FU_PROV_4570;x
4571;212;87;128;FU_PROV_4571;x
4572;11;209;49;FU_PROV_4572;x
4573;67;74;226;FU_PROV_4573;x
4574;122;196;147;FU_PROV_4574;x
4575;178;62;68;FU_PROV_4575;x
4576;233;183;245;FU_PROV_4576;x
4577;33;49;166;FU_PROV_4577;x
4578;88;171;87;FU_PROV_4578;x
4579;144;37;8;FU_PROV_4579;x
4580;199;158;185;FU_PROV_4580;x
4581;255;24;106;FU_PROV_4581;x
4582;54;146;27;FU_PROV_4582;x
4583;110;11;204;FU_PROV_4583;x
4584;165;133;125;FU_PROV_4584;x
4585;220;255;46;FU_PROV_4585;x
4586;20;120;223;FU_PROV_4586;x
4587;75;242;144;FU_PROV_4587;x
4588;131;108;65;FU_PROV_4588;x
4589;186;229;242;FU_PROV_4589;x
4590;242;95;163;FU_PROV_4590;x
4591;41;217;84;FU_PROV_4591;x
4592;97;83;5;FU_PROV_4592;x
4593;152;204;182;FU_PROV_4593;x
4594;208;70;103;FU_PROV_4594;x
4595;7;192;24;FU_PROV_4595;x
4596;63;57;201;FU_PROV_4596;x
4597;118;179;122;FU_PROV_4597;x
4598;174;45;43;FU_PROV_4598;x
4599;229;166;220;FU_PROV_4599;x
4600;29;32;141;FU_PROV_4600;x
4601;84;154;62;FU_PROV_4601;x
4602;140;19;239;FU_PROV_4602;x
4603;195;141;160;FU_PROV_4603;x
4604;251;7;81;FU_PROV_4604;x
4605;50;129;2;FU_PROV_4605;x
4606;105;250;179;FU_PROV_4606;x
4607;161;116;100;FU_PROV_4607;x
4608;216;238;21;FU_PROV_4608;x
4609;16;103;198;FU_PROV_4609;x
4610;71;225;119;FU_PROV_4610;x
4611;127;91;40;FU_PROV_4611;x
4612;182;212;217;FU_PROV_4612;x
4613;238;78;138;FU_PROV_4613;x
4614;37;200;59;FU_PROV_4614;x
4615;93;65;236;FU_PROV_4615;x
4616;148;187;157;FU_PROV_4616;x
4617;204;53;78;FU_PROV_4617;x
4618;3;174;255;FU_PROV_4618;x
4619;59;40;176;FU_PROV_4619;x
4620;114;162;97;FU_PROV_4620;x
4621;170;28;18;FU_PROV_4621;x
4622;225;149;195;FU_PROV_4622;x
4623;25;15;116;FU_PROV_4623;x
4624;80;137;37;FU_PROV_4624;x
4625;136;2;214;FU_PROV_4625;x
4626;191;124;135;FU_PROV_4626;x
4627;246;246;56;FU_PROV_4627;x
4628;46;111;233;FU_PROV_4628;x
4629;101;233;154;FU_PROV_4629;x
4630;157;99;75;FU_PROV_4630;x
4631;212;220;252;FU_PROV_4631;x
4632;12;86;173;FU_PROV_4632;x
4633;67;208;94;FU_PROV_4633;x
4634;123;74;15;FU_PROV_4634;x
4635;178;195;192;FU_PROV_4635;x
4636;234;61;113;FU_PROV_4636;x
4637;33;183;34;FU_PROV_4637;x
4638;89;48;211;FU_PROV_4638;x
4639;144;170;132;FU_PROV_4639;x
4640;200;36;53;FU_PROV_4640;x
4641;255;157;230;FU_PROV_4641;x
4642;55;23;151;FU_PROV_4642;x
4643;110;145;72;FU_PROV_4643;x
4644;166;10;249;FU_PROV_4644;x
4645;221;132;170;FU_PROV_4645;x
4646;20;254;91;FU_PROV_4646;x
4647;76;120;12;FU_PROV_4647;x
4648;131;241;189;FU_PROV_4648;x
4649;187;107;110;FU_PROV_4649;x
4650;242;229;31;FU_PROV_4650;x
4651;42;94;208;FU_PROV_4651;x
4652;97;216;129;FU_PROV_4652;x
4653;153;82;50;FU_PROV_4653;x
4654;208;203;227;FU_PROV_4654;x
4655;8;69;148;FU_PROV_4655;x
4656;63;191;69;FU_PROV_4656;x
4657;119;56;246;FU_PROV_4657;x
4658;174;178;167;FU_PROV_4658;x
4659;230;44;88;FU_PROV_4659;x
4660;29;166;9;FU_PROV_4660;x
4661;85;31;186;FU_PROV_4661;x
4662;140;153;107;FU_PROV_4662;x
4663;196;19;28;FU_PROV_4663;x
4664;251;140;205;FU_PROV_4664;x
4665;51;6;126;FU_PROV_4665;x
4666;106;128;47;FU_PROV_4666;x
4667;161;249;224;FU_PROV_4667;x
4668;217;115;145;FU_PROV_4668;x
4669;16;237;66;FU_PROV_4669;x
4670;72;102;243;FU_PROV_4670;x
4671;127;224;164;FU_PROV_4671;x
4672;183;90;85;FU_PROV_4672;x
4673;238;212;6;FU_PROV_4673;x
4674;38;77;183;FU_PROV_4674;x
4675;93;199;104;FU_PROV_4675;x
4676;149;65;25;FU_PROV_4676;x
4677;204;186;202;FU_PROV_4677;x
4678;4;52;123;FU_PROV_4678;x
4679;59;174;44;FU_PROV_4679;x
4680;115;39;221;FU_PROV_4680;x
4681;170;161;142;FU_PROV_4681;x
4682;226;27;63;FU_PROV_4682;x
4683;25;148;240;FU_PROV_4683;x
4684;81;14;161;FU_PROV_4684;x
4685;136;136;82;FU_PROV_4685;x
4686;192;2;3;FU_PROV_4686;x
4687;247;123;180;FU_PROV_4687;x
4688;46;245;101;FU_PROV_4688;x
4689;102;111;22;FU_PROV_4689;x
4690;157;232;199;FU_PROV_4690;x
4691;213;98;120;FU_PROV_4691;x
4692;12;220;41;FU_PROV_4692;x
4693;68;85;218;FU_PROV_4693;x
4694;123;207;139;FU_PROV_4694;x
4695;179;73;60;FU_PROV_4695;x
4696;234;194;237;FU_PROV_4696;x
4697;34;60;158;FU_PROV_4697;x
4698;89;182;79;FU_PROV_4698;x
4699;145;48;0;FU_PROV_4699;x
4700;200;169;177;FU_PROV_4700;x
4701;0;35;98;FU_PROV_4701;x
4702;55;157;19;FU_PROV_4702;x
4703;111;22;196;FU_PROV_4703;x
4704;166;144;117;FU_PROV_4704;x
4705;222;10;38;FU_PROV_4705;x
4706;21;131;215;FU_PROV_4706;x
4707;76;253;136;FU_PROV_4707;x
4708;132;119;57;FU_PROV_4708;x
4709;187;240;234;FU_PROV_4709;x
4710;243;106;155;FU_PROV_4710;x
4711;42;228;76;FU_PROV_4711;x
4712;98;93;253;FU_PROV_4712;x
4713;153;215;174;FU_PROV_4713;x
4714;209;81;95;FU_PROV_4714;x
4715;8;203;16;FU_PROV_4715;x
4716;64;68;193;FU_PROV_4716;x
4717;119;190;114;FU_PROV_4717;x
4718;175;56;35;FU_PROV_4718;x
4719;230;177;212;FU_PROV_4719;x
4720;30;43;133;FU_PROV_4720;x
4721;85;165;54;FU_PROV_4721;x
4722;141;30;231;FU_PROV_4722;x
4723;196;152;152;FU_PROV_4723;x
4724;252;18;73;FU_PROV_4724;x
4725;51;139;250;FU_PROV_4725;x
4726;107;5;171;FU_PROV_4726;x
4727;162;127;92;FU_PROV_4727;x
4728;217;249;13;FU_PROV_4728;x
4729;17;114;190;FU_PROV_4729;x
4730;72;236;111;FU_PROV_4730;x
4731;128;102;32;FU_PROV_4731;x
4732;183;223;209;FU_PROV_4732;x
4733;239;89;130;FU_PROV_4733;x
4734;38;211;51;FU_PROV_4734;x
4735;94;76;228;FU_PROV_4735;x
4736;149;198;149;FU_PROV_4736;x
4737;205;64;70;FU_PROV_4737;x
4738;4;185;247;FU_PROV_4738;x
4739;60;51;168;FU_PROV_4739;x
4740;115;173;89;FU_PROV_4740;x
4741;171;39;10;FU_PROV_4741;x
4742;226;160;187;FU_PROV_4742;x
4743;26;26;108;FU_PROV_4743;x
4744;81;148;29;FU_PROV_4744;x
4745;137;13;206;FU_PROV_4745;x
4746;192;135;127;FU_PROV_4746;x
4747;248;1;48;FU_PROV_4747;x
4748;47;122;225;FU_PROV_4748;x
4749;102;244;146;FU_PROV_4749;x
4750;158;110;67;FU_PROV_4750;x
4751;213;231;244;FU_PROV_4751;x
4752;13;97;165;FU_PROV_4752;x
4753;68;219;86;FU_PROV_4753;x
4754;124;85;7;FU_PROV_4754;x
4755;179;206;184;FU_PROV_4755;x
4756;235;72;105;FU_PROV_4756;x
4757;34;194;26;FU_PROV_4757;x
4758;90;59;203;FU_PROV_4758;x
4759;145;181;124;FU_PROV_4759;x
4760;201;47;45;FU_PROV_4760;x
4761;0;168;222;FU_PROV_4761;x
4762;56;34;143;FU_PROV_4762;x
4763;111;156;64;FU_PROV_4763;x
4764;167;21;241;FU_PROV_4764;x
4765;222;143;162;FU_PROV_4765;x
4766;22;9;83;FU_PROV_4766;x
4767;77;131;4;FU_PROV_4767;x
4768;132;252;181;FU_PROV_4768;x
4769;188;118;102;FU_PROV_4769;x
4770;243;240;23;FU_PROV_4770;x
4771;43;105;200;FU_PROV_4771;x
4772;98;227;121;FU_PROV_4772;x
4773;154;93;42;FU_PROV_4773;x
4774;209;214;219;FU_PROV_4774;x
4775;9;80;140;FU_PROV_4775;x
4776;64;202;61;FU_PROV_4776;x
4777;120;67;238;FU_PROV_4777;x
4778;175;189;159;FU_PROV_4778;x
4779;231;55;80;FU_PROV_4779;x
4780;30;177;1;FU_PROV_4780;x
4781;86;42;178;FU_PROV_4781;x
4782;141;164;99;FU_PROV_4782;x
4783;197;30;20;FU_PROV_4783;x
4784;252;151;197;FU_PROV_4784;x
4785;52;17;118;FU_PROV_4785;x
4786;107;139;39;FU_PROV_4786;x
4787;163;4;216;FU_PROV_4787;x
4788;218;126;137;FU_PROV_4788;x
4789;17;248;58;FU_PROV_4789;x
4790;73;113;235;FU_PROV_4790;x
4791;128;235;156;FU_PROV_4791;x
4792;184;101;77;FU_PROV_4792;x
4793;239;222;254;FU_PROV_4793;x
4794;39;88;175;FU_PROV_4794;x
4795;94;210;96;FU_PROV_4795;x
4796;150;76;17;FU_PROV_4796;x
4797;205;197;194;FU_PROV_4797;x
4798;5;63;115;FU_PROV_4798;x
4799;60;185;36;FU_PROV_4799;x
4800;116;50;213;FU_PROV_4800;x
4801;171;172;134;FU_PROV_4801;x
4802;227;38;55;FU_PROV_4802;x
4803;26;159;232;FU_PROV_4803;x
4804;82;25;153;FU_PROV_4804;x
4805;137;147;74;FU_PROV_4805;x
4806;193;12;251;FU_PROV_4806;x
4807;248;134;172;FU_PROV_4807;x
4808;48;0;93;FU_PROV_4808;x
4809;103;122;14;FU_PROV_4809;x
4810;158;243;191;FU_PROV_4810;x
4811;214;109;112;FU_PROV_4811;x
4812;13;231;33;FU_PROV_4812;x
4813;69;96;210;FU_PROV_4813;x
4814;124;218;131;FU_PROV_4814;x
4815;180;84;52;FU_PROV_4815;x
4816;235;205;229;FU_PROV_4816;x
4817;35;71;150;FU_PROV_4817;x
4818;90;193;71;FU_PROV_4818;x
4819;146;58;248;FU_PROV_4819;x
4820;201;180;169;FU_PROV_4820;x
4821;1;46;90;FU_PROV_4821;x
4822;56;168;11;FU_PROV_4822;x
4823;112;33;188;FU_PROV_4823;x
4824;167;155;109;FU_PROV_4824;x
4825;223;21;30;FU_PROV_4825;x
4826;22;142;207;FU_PROV_4826;x
4827;78;8;128;FU_PROV_4827;x
4828;133;130;49;FU_PROV_4828;x
4829;188;251;226;FU_PROV_4829;x
4830;244;117;147;FU_PROV_4830;x
4831;43;239;68;FU_PROV_4831;x
4832;99;104;245;FU_PROV_4832;x
4833;154;226;166;FU_PROV_4833;x
4834;210;92;87;FU_PROV_4834;x
4835;9;214;8;FU_PROV_4835;x
4836;65;79;185;FU_PROV_4836;x
4837;120;201;106;FU_PROV_4837;x
4838;176;67;27;FU_PROV_4838;x
4839;231;188;204;FU_PROV_4839;x
4840;31;54;125;FU_PROV_4840;x
4841;86;176;46;FU_PROV_4841;x
4842;142;41;223;FU_PROV_4842;x
4843;197;163;144;FU_PROV_4843;x
4844;253;29;65;FU_PROV_4844;x
4845;52;150;242;FU_PROV_4845;x
4846;108;16;163;FU_PROV_4846;x
4847;163;138;84;FU_PROV_4847;x
4848;219;4;5;FU_PROV_4848;x
4849;18;125;182;FU_PROV_4849;x
4850;73;247;103;FU_PROV_4850;x
4851;129;113;24;FU_PROV_4851;x
4852;184;234;201;FU_PROV_4852;x
4853;240;100;122;FU_PROV_4853;x
4854;39;222;43;FU_PROV_4854;x
4855;95;87;220;FU_PROV_4855;x
4856;150;209;141;FU_PROV_4856;x
4857;206;75;62;FU_PROV_4857;x
4858;5;196;239;FU_PROV_4858;x
4859;61;62;160;FU_PROV_4859;x
4860;116;184;81;FU_PROV_4860;x
4861;172;50;2;FU_PROV_4861;x
4862;227;171;179;FU_PROV_4862;x
4863;27;37;100;FU_PROV_4863;x
4864;82;159;21;FU_PROV_4864;x
4865;138;24;198;FU_PROV_4865;x
4866;193;146;119;FU_PROV_4866;x
4867;249;12;40;FU_PROV_4867;x
4868;48;133;217;FU_PROV_4868;x
4869;103;255;138;FU_PROV_4869;x
4870;159;121;59;FU_PROV_4870;x
4871;214;242;236;FU_PROV_4871;x
4872;14;108;157;FU_PROV_4872;x
4873;69;230;78;FU_PROV_4873;x
4874;125;95;255;FU_PROV_4874;x
4875;180;217;176;FU_PROV_4875;x
4876;236;83;97;FU_PROV_4876;x
4877;35;205;18;FU_PROV_4877;x
4878;91;70;195;FU_PROV_4878;x
4879;146;192;116;FU_PROV_4879;x
4880;202;58;37;FU_PROV_4880;x
4881;1;179;214;FU_PROV_4881;x
4882;57;45;135;FU_PROV_4882;x
4883;112;167;56;FU_PROV_4883;x
4884;168;32;233;FU_PROV_4884;x
4885;223;154;154;FU_PROV_4885;x
4886;23;20;75;FU_PROV_4886;x
4887;78;141;252;FU_PROV_4887;x
4888;134;7;173;FU_PROV_4888;x
4889;189;129;94;FU_PROV_4889;x
4890;244;251;15;FU_PROV_4890;x
4891;44;116;192;FU_PROV_4891;x
4892;99;238;113;FU_PROV_4892;x
4893;155;104;34;FU_PROV_4893;x
4894;210;225;211;FU_PROV_4894;x
4895;10;91;132;FU_PROV_4895;x
4896;65;213;53;FU_PROV_4896;x
4897;121;78;230;FU_PROV_4897;x
4898;176;200;151;FU_PROV_4898;x
4899;232;66;72;FU_PROV_4899;x
4900;31;187;249;FU_PROV_4900;x
4901;87;53;170;FU_PROV_4901;x
4902;142;175;91;FU_PROV_4902;x
4903;198;41;12;FU_PROV_4903;x
4904;253;162;189;FU_PROV_4904;x
4905;53;28;110;FU_PROV_4905;x
4906;108;150;31;FU_PROV_4906;x
4907;164;15;208;FU_PROV_4907;x
4908;219;137;129;FU_PROV_4908;x
4909;19;3;50;FU_PROV_4909;x
4910;74;124;227;FU_PROV_4910;x
4911;129;246;148;FU_PROV_4911;x
4912;185;112;69;FU_PROV_4912;x
4913;240;233;246;FU_PROV_4913;x
4914;40;99;167;FU_PROV_4914;x
4915;95;221;88;FU_PROV_4915;x
4916;151;87;9;FU_PROV_4916;x
4917;206;208;186;FU_PROV_4917;x
4918;6;74;107;FU_PROV_4918;x
4919;61;196;28;FU_PROV_4919;x
4920;117;61;205;FU_PROV_4920;x
4921;172;183;126;FU_PROV_4921;x
4922;228;49;47;FU_PROV_4922;x
4923;27;170;224;FU_PROV_4923;x
4924;83;36;145;FU_PROV_4924;x
4925;138;158;66;FU_PROV_4925;x
4926;194;23;243;FU_PROV_4926;x
4927;249;145;164;FU_PROV_4927;x
4928;49;11;85;FU_PROV_4928;x
4929;104;133;6;FU_PROV_4929;x
4930;159;254;183;FU_PROV_4930;x
4931;215;120;104;FU_PROV_4931;x
4932;14;242;25;FU_PROV_4932;x
4933;70;107;202;FU_PROV_4933;x
4934;125;229;123;FU_PROV_4934;x
4935;181;95;44;FU_PROV_4935;x
4936;236;216;221;FU_PROV_4936;x
4937;36;82;142;FU_PROV_4937;x
4938;91;204;63;FU_PROV_4938;x
4939;147;69;240;FU_PROV_4939;x
4940;202;191;161;FU_PROV_4940;x
4941;2;57;82;FU_PROV_4941;x
4942;57;179;3;FU_PROV_4942;x
4943;113;44;180;FU_PROV_4943;x
4944;168;166;101;FU_PROV_4944;x
4945;224;32;22;FU_PROV_4945;x
4946;23;153;199;FU_PROV_4946;x
4947;79;19;120;FU_PROV_4947;x
4948;134;141;41;FU_PROV_4948;x
4949;190;6;218;FU_PROV_4949;x
4950;245;128;139;FU_PROV_4950;x
4951;44;250;60;FU_PROV_4951;x
4952;100;115;237;FU_PROV_4952;x
4953;155;237;158;FU_PROV_4953;x
4954;211;103;79;FU_PROV_4954;x
4955;10;225;0;FU_PROV_4955;x
4956;66;90;177;FU_PROV_4956;x
4957;121;212;98;FU_PROV_4957;x
4958;177;78;19;FU_PROV_4958;x
4959;232;199;196;FU_PROV_4959;x
4960;32;65;117;FU_PROV_4960;x
4961;87;187;38;FU_PROV_4961;x
4962;143;52;215;FU_PROV_4962;x
4963;198;174;136;FU_PROV_4963;x
4964;254;40;57;FU_PROV_4964;x
4965;53;161;234;FU_PROV_4965;x
4966;109;27;155;FU_PROV_4966;x
4967;164;149;76;FU_PROV_4967;x
4968;220;14;253;FU_PROV_4968;x
4969;19;136;174;FU_PROV_4969;x
4970;75;2;95;FU_PROV_4970;x
4971;130;124;16;FU_PROV_4971;x
4972;185;245;193;FU_PROV_4972;x
4973;241;111;114;FU_PROV_4973;x
4974;40;233;35;FU_PROV_4974;x
4975;96;98;212;FU_PROV_4975;x
4976;151;220;133;FU_PROV_4976;x
4977;207;86;54;FU_PROV_4977;x
4978;6;207;231;FU_PROV_4978;x
4979;62;73;152;FU_PROV_4979;x
4980;117;195;73;FU_PROV_4980;x
4981;173;60;250;FU_PROV_4981;x
4982;228;182;171;FU_PROV_4982;x
4983;28;48;92;FU_PROV_4983;x
4984;83;170;13;FU_PROV_4984;x
4985;139;35;190;FU_PROV_4985;x
4986;194;157;111;FU_PROV_4986;x
4987;250;23;32;FU_PROV_4987;x
4988;49;144;209;FU_PROV_4988;x
4989;105;10;130;FU_PROV_4989;x
4990;160;132;51;FU_PROV_4990;x
4991;215;253;228;FU_PROV_4991;x
4992;15;119;149;FU_PROV_4992;x
4993;70;241;70;FU_PROV_4993;x
4994;126;106;247;FU_PROV_4994;x
4995;181;228;168;FU_PROV_4995;x
4996;237;94;89;FU_PROV_4996;x
4997;36;216;10;FU_PROV_4997;x
4998;92;81;187;FU_PROV_4998;x
4999;147;203;108;FU_PROV_4999;x
5000;203;69;29;FU_PROV_5000;x
5001;2;190;206;FU_PROV_5001;x
5002;58;56;127;FU_PROV_5002;x
5003;113;178;48;FU_PROV_5003;x
5004;169;43;225;FU_PROV_5004;x
5005;224;165;146;FU_PROV_5005;x
5006;24;31;67;FU_PROV_5006;x
5007;79;152;244;FU_PROV_5007;x
5008;135;18;165;FU_PROV_5008;x
