eu4_province;name;hoi4_state_id;hoi4_state_name;state_purity;hoi4_strategic_region_id;hoi4_strategic_region_name
1;Meogartha;966;Meogartha;1.000000;281;Giant Metallic Hearts of Iron Divider
2;Far South Infernum's Castle 4;1;Far South Infernum's Castle 4;1.000000;282;Snowdonia
3;Far South Infernum's Castle 4;1;Far South Infernum's Castle 4;1.000000;282;Snowdonia
4;Far South Infernum's Castle 4;1;Far South Infernum's Castle 4;1.000000;282;Snowdonia
5;Far South Infernum's Castle 4;1;Far South Infernum's Castle 4;1.000000;282;Snowdonia
6;Far South Infernum's Castle 4;1;Far South Infernum's Castle 4;1.000000;282;Snowdonia
7;Far South Infernum's Castle 4;1;Far South Infernum's Castle 4;1.000000;282;Snowdonia
8;South Fleupport;463;South Fleupport;1.000000;282;Snowdonia
9;South Fleupport;463;South Fleupport;1.000000;282;Snowdonia
10;South Fleupport;463;South Fleupport;1.000000;282;Snowdonia
11;South Fleupport;463;South Fleupport;1.000000;282;Snowdonia
12;South Fleupport;463;South Fleupport;1.000000;282;Snowdonia
13;South Fleupport;463;South Fleupport;1.000000;282;Snowdonia
14;South Fleupport;463;South Fleupport;1.000000;282;Snowdonia
15;South Fleupport;463;South Fleupport;0.992863;282;Snowdonia
16;Far South Infernum's Castle 3;457;Far South Infernum's Castle 3;1.000000;282;Snowdonia
17;Far South Infernum's Castle 3;457;Far South Infernum's Castle 3;1.000000;282;Snowdonia
18;South Ciptol;464;South Ciptol;1.000000;282;Snowdonia
19;South Ciptol;464;South Ciptol;1.000000;282;Snowdonia
20;South Ciptol;464;South Ciptol;1.000000;282;Snowdonia
21;South Pico;465;South Pico;1.000000;282;Snowdonia
22;South Pico;465;South Pico;1.000000;282;Snowdonia
23;North Southern Ice Cap;462;North Southern Ice Cap;1.000000;282;Snowdonia
24;North Southern Ice Cap;462;North Southern Ice Cap;1.000000;282;Snowdonia
25;East Meogartha;461;East Meogartha;1.000000;282;Snowdonia
26;South Westpaw;458;South Westpaw;1.000000;282;Snowdonia
27;South Westpaw;458;South Westpaw;1.000000;282;Snowdonia
28;Sebowlia;460;Sebowlia;1.000000;282;Snowdonia
29;Fleupport;3;Fleupport;1.000000;262;Polarian Islands
30;Fleupport;3;Fleupport;1.000000;262;Polarian Islands
31;Fleupport;3;Fleupport;1.000000;262;Polarian Islands
32;Fleupport;3;Fleupport;1.000000;262;Polarian Islands
33;New Iantrus;5;New Iantrus;1.000000;388;Mercurian Panhandle
34;New Iantrus;5;New Iantrus;1.000000;388;Mercurian Panhandle
35;New Iantrus;5;New Iantrus;1.000000;388;Mercurian Panhandle
36;New Iantrus;5;New Iantrus;1.000000;388;Mercurian Panhandle
37;New Iantrus;5;New Iantrus;1.000000;388;Mercurian Panhandle
38;New Iantrus;5;New Iantrus;1.000000;388;Mercurian Panhandle
39;New Iantrus;5;New Iantrus;1.000000;388;Mercurian Panhandle
40;Far West Westpaw 3;1297;Far West Westpaw 3;1.000000;387;Mercurian Mountains
41;Far South Infernum's Castle;1304;Far South Infernum's Castle;0.791232;387;Mercurian Mountains
42;Far West Westpaw 3;1297;Far West Westpaw 3;1.000000;387;Mercurian Mountains
43;Far South Infernum's Castle;1304;Far South Infernum's Castle;1.000000;387;Mercurian Mountains
44;Far West Westpaw 3;1297;Far West Westpaw 3;1.000000;387;Mercurian Mountains
45;Far West Westpaw 3;1297;Far West Westpaw 3;1.000000;387;Mercurian Mountains
46;Naval Hub;1305;Naval Hub;1.000000;388;Mercurian Panhandle
47;Naval Hub;1305;Naval Hub;1.000000;388;Mercurian Panhandle
48;Naval Hub;1305;Naval Hub;1.000000;388;Mercurian Panhandle
49;Naval Hub;1305;Naval Hub;1.000000;388;Mercurian Panhandle
50;Ciptol;1311;Ciptol;1.000000;262;Polarian Islands
51;Quantus Hub;1291;Quantus Hub;1.000000;388;Mercurian Panhandle
52;Quantus Hub;1291;Quantus Hub;1.000000;388;Mercurian Panhandle
53;Quantus Hub;1291;Quantus Hub;1.000000;388;Mercurian Panhandle
54;Quantus Hub;1291;Quantus Hub;1.000000;388;Mercurian Panhandle
55;Far South Infernum's Castle;1304;Far South Infernum's Castle;1.000000;387;Mercurian Mountains
56;Gorskzableg;1299;Gorskzableg;1.000000;387;Mercurian Mountains
57;Gorskzableg;1299;Gorskzableg;1.000000;387;Mercurian Mountains
58;Far West Westpaw 3;1297;Far West Westpaw 3;1.000000;387;Mercurian Mountains
59;Far West Westpaw 3;1297;Far West Westpaw 3;1.000000;387;Mercurian Mountains
60;Gorskzableg;1299;Gorskzableg;1.000000;387;Mercurian Mountains
61;Gorskzableg;1299;Gorskzableg;1.000000;387;Mercurian Mountains
62;Gorskzableg;1299;Gorskzableg;1.000000;387;Mercurian Mountains
63;Gorskzableg;1299;Gorskzableg;1.000000;387;Mercurian Mountains
64;Gorskzableg;1299;Gorskzableg;1.000000;387;Mercurian Mountains
65;Gorskzableg;1299;Gorskzableg;1.000000;387;Mercurian Mountains
66;Gorskzableg;1299;Gorskzableg;1.000000;387;Mercurian Mountains
67;Near South Infernum's Castle;1298;Near South Infernum's Castle;1.000000;386;Great Grove Ridge
68;South Infernum's Castle;1301;South Infernum's Castle;1.000000;386;Great Grove Ridge
69;South Infernum's Castle;1301;South Infernum's Castle;1.000000;386;Great Grove Ridge
70;South Infernum's Castle;1301;South Infernum's Castle;1.000000;386;Great Grove Ridge
71;South Infernum's Castle;1301;South Infernum's Castle;1.000000;386;Great Grove Ridge
72;South Infernum's Castle;1301;South Infernum's Castle;1.000000;386;Great Grove Ridge
73;South Infernum's Castle;1301;South Infernum's Castle;1.000000;386;Great Grove Ridge
74;Near South Infernum's Castle;1298;Near South Infernum's Castle;1.000000;386;Great Grove Ridge
75;Near South Infernum's Castle;1298;Near South Infernum's Castle;1.000000;386;Great Grove Ridge
76;Near South Infernum's Castle;1298;Near South Infernum's Castle;1.000000;386;Great Grove Ridge
77;Near South Infernum's Castle;1298;Near South Infernum's Castle;1.000000;386;Great Grove Ridge
78;West Westpaw;1294;West Westpaw;1.000000;387;Mercurian Mountains
79;West Westpaw;1294;West Westpaw;1.000000;387;Mercurian Mountains
80;West Westpaw;1294;West Westpaw;1.000000;387;Mercurian Mountains
81;West Westpaw;1294;West Westpaw;1.000000;387;Mercurian Mountains
82;West Westpaw;1294;West Westpaw;1.000000;387;Mercurian Mountains
83;West Westpaw;1294;West Westpaw;1.000000;387;Mercurian Mountains
84;West Westpaw;1294;West Westpaw;1.000000;387;Mercurian Mountains
85;West Westpaw;1294;West Westpaw;1.000000;387;Mercurian Mountains
86;West Westpaw;1294;West Westpaw;1.000000;387;Mercurian Mountains
87;West Westpaw;1294;West Westpaw;1.000000;387;Mercurian Mountains
88;South Ibrumore;280;South Ibrumore;1.000000;264;Western Flusiocean
89;South Ibrumore;280;South Ibrumore;1.000000;264;Western Flusiocean
90;East Infernum's Castle;4;East Infernum's Castle;1.000000;386;Great Grove Ridge
91;East Infernum's Castle;4;East Infernum's Castle;1.000000;386;Great Grove Ridge
92;East Infernum's Castle;4;East Infernum's Castle;1.000000;386;Great Grove Ridge
93;East Infernum's Castle;4;East Infernum's Castle;1.000000;386;Great Grove Ridge
94;East Infernum's Castle;4;East Infernum's Castle;1.000000;386;Great Grove Ridge
95;East Infernum's Castle;4;East Infernum's Castle;1.000000;386;Great Grove Ridge
96;East Infernum's Castle;4;East Infernum's Castle;1.000000;386;Great Grove Ridge
97;Near South Ibrumore;279;Near South Ibrumore;1.000000;264;Western Flusiocean
98;Near South Infernum's Castle;1298;Near South Infernum's Castle;1.000000;386;Great Grove Ridge
99;Near South Infernum's Castle;1298;Near South Infernum's Castle;1.000000;386;Great Grove Ridge
100;Near South Infernum's Castle;1298;Near South Infernum's Castle;1.000000;386;Great Grove Ridge
101;Pico;6;Pico;1.000000;263;Lux-Flupanian Waters
102;Pico;6;Pico;1.000000;263;Lux-Flupanian Waters
103;Zachokran;1293;Zachokran;1.000000;389;Zachodterenia
104;Near South Infernum's Castle;1298;Near South Infernum's Castle;1.000000;386;Great Grove Ridge
105;Mewsinki;8;Mewsinki;0.626898;6;Angilian Peninsula
106;Broukburn;467;Broukburn;1.000000;294;Broukburn-Meagas
107;Broukburn;467;Broukburn;1.000000;294;Broukburn-Meagas
108;Broukburn;467;Broukburn;1.000000;294;Broukburn-Meagas
109;Broukburn;467;Broukburn;1.000000;294;Broukburn-Meagas
110;Broukburn;467;Broukburn;1.000000;294;Broukburn-Meagas
111;Broukburn;467;Broukburn;1.000000;294;Broukburn-Meagas
112;Broukburn;467;Broukburn;1.000000;294;Broukburn-Meagas
113;Naturopolis;1303;Naturopolis;1.000000;385;Naturopolis Marshes
114;Naturopolis;1303;Naturopolis;1.000000;385;Naturopolis Marshes
115;Extremar;1066;Extremar;1.000000;294;Broukburn-Meagas
116;Extremar;1066;Extremar;1.000000;294;Broukburn-Meagas
117;Extremar;1066;Extremar;1.000000;294;Broukburn-Meagas
118;South Infernum's Castle;1301;South Infernum's Castle;1.000000;386;Great Grove Ridge
119;Western Broukburn;1067;Western Broukburn;1.000000;294;Broukburn-Meagas
120;Extremar;1066;Extremar;1.000000;294;Broukburn-Meagas
121;Extremar;1066;Extremar;1.000000;294;Broukburn-Meagas
122;Western Broukburn;1067;Western Broukburn;1.000000;294;Broukburn-Meagas
123;Western Broukburn;1067;Western Broukburn;1.000000;294;Broukburn-Meagas
124;Western Broukburn;1067;Western Broukburn;1.000000;294;Broukburn-Meagas
125;Western Broukburn;1067;Western Broukburn;1.000000;294;Broukburn-Meagas
126;Mewsinki;8;Mewsinki;0.728669;6;Angilian Peninsula
127;Zachokran;1293;Zachokran;1.000000;389;Zachodterenia
128;Zachokran;1293;Zachokran;1.000000;389;Zachodterenia
129;Zachokran;1293;Zachokran;1.000000;389;Zachodterenia
130;Zachokran;1293;Zachokran;1.000000;389;Zachodterenia
131;Krawedgory;1300;Krawedgory;1.000000;389;Zachodterenia
132;Kopawchagen;7;Kopawchagen;0.968599;6;Angilian Peninsula
133;Nordansicht;661;Nordansicht;0.723618;5;Meowemberg
134;Nordansicht;661;Nordansicht;0.970190;5;Meowemberg
135;Nordansicht;661;Nordansicht;1.000000;5;Meowemberg
136;Nordansicht;661;Nordansicht;0.997602;5;Meowemberg
137;Chattelin;14;Chattelin;0.994898;6;Angilian Peninsula
138;Stokoslat;1467;Stokoslat;0.997854;6;Angilian Peninsula
139;Chattelin;14;Chattelin;0.704082;6;Angilian Peninsula
140;Krawedgory;1300;Krawedgory;1.000000;389;Zachodterenia
141;Krawedgory;1300;Krawedgory;1.000000;389;Zachodterenia
142;Krawedgory;1300;Krawedgory;1.000000;389;Zachodterenia
143;Krawedgory;1300;Krawedgory;1.000000;389;Zachodterenia
144;Stawkholm;11;Stawkholm;0.542471;6;Angilian Peninsula
145;Western Pawldrininsel;12;Western Pawldrininsel;1.000000;126;Pawldrin Island
146;Eastern Pawldrinsel;668;Eastern Pawldrinsel;0.786017;126;Pawldrin Island
147;Eastern Pawldrinsel;668;Eastern Pawldrinsel;1.000000;126;Pawldrin Island
148;Chattelin;14;Chattelin;0.918280;6;Angilian Peninsula
149;Stokoslat;1467;Stokoslat;0.702643;6;Angilian Peninsula
150;Western Pawldrininsel;12;Western Pawldrininsel;1.000000;126;Pawldrin Island
151;Western Pawldrininsel;12;Western Pawldrininsel;0.558140;126;Pawldrin Island
152;Extremar;1066;Extremar;1.000000;294;Broukburn-Meagas
153;Extremar;1066;Extremar;1.000000;294;Broukburn-Meagas
154;Sodburn;9;Sodburn;1.000000;294;Broukburn-Meagas
155;Sodburn;9;Sodburn;1.000000;294;Broukburn-Meagas
156;Sodburn;9;Sodburn;1.000000;294;Broukburn-Meagas
157;Eastern Pawldrinsel;668;Eastern Pawldrinsel;1.000000;126;Pawldrin Island
158;Sodburn;9;Sodburn;1.000000;294;Broukburn-Meagas
159;Sodburn;9;Sodburn;1.000000;294;Broukburn-Meagas
160;Sodburn;9;Sodburn;1.000000;294;Broukburn-Meagas
161;Sodburn;9;Sodburn;1.000000;294;Broukburn-Meagas
162;Potkin;600;Potkin;1.000000;12;Pawmur-Clawtoust
163;Potkin;600;Potkin;1.000000;12;Pawmur-Clawtoust
164;Broukburn;467;Broukburn;1.000000;294;Broukburn-Meagas
165;Broukburn;467;Broukburn;1.000000;294;Broukburn-Meagas
166;Broukburn;467;Broukburn;1.000000;294;Broukburn-Meagas
167;Broukburn;467;Broukburn;1.000000;294;Broukburn-Meagas
168;Broukburn;467;Broukburn;1.000000;294;Broukburn-Meagas
169;Broukburn;467;Broukburn;1.000000;294;Broukburn-Meagas
170;Naturopolis;1303;Naturopolis;1.000000;385;Naturopolis Marshes
171;Naturopolis;1303;Naturopolis;1.000000;385;Naturopolis Marshes
172;Nordkatzrrhen;16;Nordkatzrrhen;1.000000;126;Pawldrin Island
173;Near West Westpaw;1302;Near West Westpaw;1.000000;385;Naturopolis Marshes
174;Near West Westpaw;1302;Near West Westpaw;1.000000;385;Naturopolis Marshes
175;Near West Westpaw;1302;Near West Westpaw;1.000000;385;Naturopolis Marshes
176;East Infernum's Castle;4;East Infernum's Castle;1.000000;386;Great Grove Ridge
177;Potkin;600;Potkin;1.000000;12;Pawmur-Clawtoust
178;Potkin;600;Potkin;1.000000;12;Pawmur-Clawtoust
179;Southern Pawldrinsel;667;Southern Pawldrinsel;1.000000;126;Pawldrin Island
180;Laurnsums Docks;17;Laurnsums Docks;1.000000;295;Central Laurandar
181;Qwydai;622;Qwydai;1.000000;125;Zuspriland
182;Qwydai;622;Qwydai;1.000000;125;Zuspriland
183;Qwydai;622;Qwydai;1.000000;125;Zuspriland
184;Qwydai;622;Qwydai;1.000000;125;Zuspriland
185;Wschobregi;1292;Wschobregi;1.000000;385;Naturopolis Marshes
186;Wschobregi;1292;Wschobregi;1.000000;385;Naturopolis Marshes
187;Wschobregi;1292;Wschobregi;1.000000;385;Naturopolis Marshes
188;Wschobregi;1292;Wschobregi;1.000000;385;Naturopolis Marshes
189;Western Pawldrininsel;12;Western Pawldrininsel;1.000000;126;Pawldrin Island
190;Laurnsums Docks;17;Laurnsums Docks;1.000000;295;Central Laurandar
191;Laurnsums Docks;17;Laurnsums Docks;1.000000;295;Central Laurandar
192;Centragorz;1314;Centragorz;1.000000;385;Naturopolis Marshes
193;Centragorz;1314;Centragorz;1.000000;385;Naturopolis Marshes
194;Broukburn;467;Broukburn;1.000000;294;Broukburn-Meagas
195;Krawedgory;1300;Krawedgory;1.000000;389;Zachodterenia
196;Krawedgory;1300;Krawedgory;1.000000;389;Zachodterenia
197;Wolfenstadt;662;Wolfenstadt;1.000000;5;Meowemberg
198;Wolfenstadt;662;Wolfenstadt;1.000000;5;Meowemberg
199;Tiplett;10;Tiplett;1.000000;294;Broukburn-Meagas
200;Tiplett;10;Tiplett;1.000000;294;Broukburn-Meagas
201;Tiplett;10;Tiplett;1.000000;294;Broukburn-Meagas
202;Tiplett;10;Tiplett;1.000000;294;Broukburn-Meagas
203;Tiplett;10;Tiplett;1.000000;294;Broukburn-Meagas
204;Tiplett;10;Tiplett;1.000000;294;Broukburn-Meagas
205;Tiplett;10;Tiplett;1.000000;294;Broukburn-Meagas
206;Felineheim;663;Felineheim;1.000000;10;Pawmalay
207;Qwydai;622;Qwydai;1.000000;125;Zuspriland
208;Qwydai;622;Qwydai;1.000000;125;Zuspriland
209;Qwydai;622;Qwydai;1.000000;125;Zuspriland
210;Qwydai;622;Qwydai;1.000000;125;Zuspriland
211;Qwydai;622;Qwydai;1.000000;125;Zuspriland
212;Qwydai;622;Qwydai;1.000000;125;Zuspriland
213;Qwydai;622;Qwydai;1.000000;125;Zuspriland
214;Sodburn;9;Sodburn;1.000000;294;Broukburn-Meagas
215;Sodburn;9;Sodburn;1.000000;294;Broukburn-Meagas
216;Sodburn;9;Sodburn;1.000000;294;Broukburn-Meagas
217;Sodburn;9;Sodburn;1.000000;294;Broukburn-Meagas
218;Sodburn;9;Sodburn;1.000000;294;Broukburn-Meagas
219;Naturopolis;1303;Naturopolis;1.000000;385;Naturopolis Marshes
220;Felineheim;663;Felineheim;1.000000;10;Pawmalay
221;Felineheim;663;Felineheim;1.000000;10;Pawmalay
222;Jhaoq;18;Jhaoq;1.000000;125;Zuspriland
223;Jhaoq;18;Jhaoq;1.000000;125;Zuspriland
224;Jhaoq;18;Jhaoq;1.000000;125;Zuspriland
225;Jhaoq;18;Jhaoq;1.000000;125;Zuspriland
226;Laurnsums Docks;17;Laurnsums Docks;1.000000;295;Central Laurandar
227;Laurnsums Docks;17;Laurnsums Docks;1.000000;295;Central Laurandar
228;Laurnsums Docks;17;Laurnsums Docks;1.000000;295;Central Laurandar
229;Laurnsums Docks;17;Laurnsums Docks;1.000000;295;Central Laurandar
230;Laurnsums Docks;17;Laurnsums Docks;1.000000;295;Central Laurandar
231;Laurnsums Docks;17;Laurnsums Docks;1.000000;295;Central Laurandar
232;Zachokran;1293;Zachokran;1.000000;389;Zachodterenia
233;Zachokran;1293;Zachokran;1.000000;389;Zachodterenia
234;Zachokran;1293;Zachokran;1.000000;389;Zachodterenia
235;Northkandle;466;Northkandle;1.000000;125;Zuspriland
236;Northkandle;466;Northkandle;1.000000;125;Zuspriland
237;Northkandle;466;Northkandle;1.000000;125;Zuspriland
238;Northkandle;466;Northkandle;1.000000;125;Zuspriland
239;Northkandle;466;Northkandle;1.000000;125;Zuspriland
240;Meagas;1072;Meagas;1.000000;294;Broukburn-Meagas
241;Meagas;1072;Meagas;1.000000;294;Broukburn-Meagas
242;Meagas;1072;Meagas;1.000000;294;Broukburn-Meagas
243;Meagas;1072;Meagas;1.000000;294;Broukburn-Meagas
244;Meagas;1072;Meagas;1.000000;294;Broukburn-Meagas
245;Meagas;1072;Meagas;1.000000;294;Broukburn-Meagas
246;Meagas;1072;Meagas;1.000000;294;Broukburn-Meagas
247;Near West Westpaw;1302;Near West Westpaw;1.000000;385;Naturopolis Marshes
248;Near West Westpaw;1302;Near West Westpaw;1.000000;385;Naturopolis Marshes
249;Near West Westpaw;1302;Near West Westpaw;1.000000;385;Naturopolis Marshes
250;Near West Westpaw;1302;Near West Westpaw;0.991266;385;Naturopolis Marshes
251;Near West Westpaw;1302;Near West Westpaw;1.000000;385;Naturopolis Marshes
252;Near West Westpaw;1302;Near West Westpaw;0.784114;385;Naturopolis Marshes
253;Broukburn;467;Broukburn;1.000000;294;Broukburn-Meagas
254;Broukburn;467;Broukburn;1.000000;294;Broukburn-Meagas
255;Laurnsums Docks;17;Laurnsums Docks;1.000000;295;Central Laurandar
256;Laurnsums Docks;17;Laurnsums Docks;1.000000;295;Central Laurandar
257;Potkin;600;Potkin;1.000000;12;Pawmur-Clawtoust
258;Jhaoq;18;Jhaoq;1.000000;125;Zuspriland
259;Jhaoq;18;Jhaoq;1.000000;125;Zuspriland
260;Jhaoq;18;Jhaoq;1.000000;125;Zuspriland
261;Jhaoq;18;Jhaoq;0.880886;125;Zuspriland
262;Centragorz;1314;Centragorz;1.000000;385;Naturopolis Marshes
263;Centragorz;1314;Centragorz;0.908451;385;Naturopolis Marshes
264;Centragorz;1314;Centragorz;1.000000;385;Naturopolis Marshes
265;Broukburn;467;Broukburn;1.000000;294;Broukburn-Meagas
266;Duzygaj;1296;Duzygaj;1.000000;389;Zachodterenia
267;Duzygaj;1296;Duzygaj;1.000000;389;Zachodterenia
268;Duzygaj;1296;Duzygaj;1.000000;389;Zachodterenia
269;Duzygaj;1296;Duzygaj;1.000000;389;Zachodterenia
270;Duzygaj;1296;Duzygaj;1.000000;389;Zachodterenia
271;Duzygaj;1296;Duzygaj;1.000000;389;Zachodterenia
272;Duzygaj;1296;Duzygaj;1.000000;389;Zachodterenia
273;Duzygaj;1296;Duzygaj;1.000000;389;Zachodterenia
274;Felineheim;663;Felineheim;0.594142;10;Pawmalay
275;Tyukland;620;Tyukland;1.000000;125;Zuspriland
276;Tyukland;620;Tyukland;1.000000;125;Zuspriland
277;Wolfenstadt;662;Wolfenstadt;1.000000;5;Meowemberg
278;Yarnfelde;665;Yarnfelde;1.000000;10;Pawmalay
279;Pawmur;15;Pawmur;1.000000;12;Pawmur-Clawtoust
280;Pawmur;1465;Pawmur;0.646870;12;Pawmur-Clawtoust
281;Pawmur;15;Pawmur;0.847059;12;Pawmur-Clawtoust
282;Meoneva;20;Meoneva;1.000000;49;Mediamus
283;Meoneva;20;Meoneva;1.000000;49;Mediamus
284;Meoneva;20;Meoneva;1.000000;49;Mediamus
285;Meoneva;20;Meoneva;1.000000;49;Mediamus
286;Meoneva;20;Meoneva;1.000000;49;Mediamus
287;Empayre;468;Empayre;1.000000;125;Zuspriland
288;Empayre;468;Empayre;1.000000;125;Zuspriland
289;Empayre;468;Empayre;1.000000;125;Zuspriland
290;Sodburn;9;Sodburn;1.000000;294;Broukburn-Meagas
291;Pawmur;15;Pawmur;1.000000;12;Pawmur-Clawtoust
292;Northkandle;466;Northkandle;0.990354;125;Zuspriland
293;Tyukland;620;Tyukland;1.000000;125;Zuspriland
294;Tyukland;620;Tyukland;1.000000;125;Zuspriland
295;Tyukland;620;Tyukland;0.975395;125;Zuspriland
296;Duzygaj;1296;Duzygaj;1.000000;389;Zachodterenia
297;Chantaw;660;Chantaw;1.000000;4;Tarrakis
298;Chantaw;660;Chantaw;1.000000;4;Tarrakis
299;Chantaw;660;Chantaw;1.000000;4;Tarrakis
300;Chantaw;660;Chantaw;1.000000;4;Tarrakis
301;Pawmalay;19;Pawmalay;1.000000;10;Pawmalay
302;Pawmalay;19;Pawmalay;1.000000;10;Pawmalay
303;Ostland;22;Ostland;1.000000;50;Islakatz
304;Ostland;22;Ostland;1.000000;50;Islakatz
305;Tyukland;620;Tyukland;1.000000;125;Zuspriland
306;Tyukland;620;Tyukland;1.000000;125;Zuspriland
307;Sodandar;1078;Sodandar;1.000000;294;Broukburn-Meagas
308;Sodandar;1078;Sodandar;1.000000;294;Broukburn-Meagas
309;Sodandar;1078;Sodandar;1.000000;294;Broukburn-Meagas
310;Sodandar;1078;Sodandar;1.000000;294;Broukburn-Meagas
311;Sodandar;1078;Sodandar;1.000000;294;Broukburn-Meagas
312;Sodandar;1078;Sodandar;1.000000;294;Broukburn-Meagas
313;Sodandar;1078;Sodandar;1.000000;294;Broukburn-Meagas
314;Sodandar;1078;Sodandar;1.000000;294;Broukburn-Meagas
315;Sodandar;1078;Sodandar;1.000000;294;Broukburn-Meagas
316;Sodandar;1078;Sodandar;1.000000;294;Broukburn-Meagas
317;Sodandar;1078;Sodandar;1.000000;294;Broukburn-Meagas
318;Sodandar;1078;Sodandar;1.000000;294;Broukburn-Meagas
319;Sodandar;1078;Sodandar;1.000000;294;Broukburn-Meagas
320;Chantaw;660;Chantaw;1.000000;4;Tarrakis
321;Wschobregi;1292;Wschobregi;1.000000;385;Naturopolis Marshes
322;Wschobregi;1292;Wschobregi;1.000000;385;Naturopolis Marshes
323;Wschobregi;1292;Wschobregi;1.000000;385;Naturopolis Marshes
324;Meowenberg;13;Meowenberg;1.000000;5;Meowemberg
325;Meowenberg;13;Meowenberg;1.000000;5;Meowemberg
326;Yarnfelde;665;Yarnfelde;1.000000;10;Pawmalay
327;Yarnfelde;665;Yarnfelde;1.000000;10;Pawmalay
328;Meowenberg;13;Meowenberg;1.000000;5;Meowemberg
329;Pawmalay;19;Pawmalay;1.000000;10;Pawmalay
330;Pawmalay;19;Pawmalay;1.000000;10;Pawmalay
331;Pawmur;1465;Pawmur;1.000000;12;Pawmur-Clawtoust
332;Islakatz;24;Islakatz;1.000000;50;Islakatz
333;Islakatz;24;Islakatz;1.000000;50;Islakatz
334;Ibrumopolis;469;Ibrumopolis;1.000000;295;Central Laurandar
335;Ibrumopolis;469;Ibrumopolis;1.000000;295;Central Laurandar
336;Ibrumopolis;469;Ibrumopolis;1.000000;295;Central Laurandar
337;Ibrumopolis;469;Ibrumopolis;1.000000;295;Central Laurandar
338;Ibrumopolis;469;Ibrumopolis;1.000000;295;Central Laurandar
339;Meowenberg;13;Meowenberg;1.000000;5;Meowemberg
340;Meowenberg;13;Meowenberg;1.000000;5;Meowemberg
341;Atarbuhl;375;Atarbuhl;1.000000;10;Pawmalay
342;Meoneva;20;Meoneva;1.000000;49;Mediamus
343;Far West Westpaw;1295;Far West Westpaw;1.000000;267;Lake Mercurr
344;Far West Westpaw;1295;Far West Westpaw;0.992481;267;Lake Mercurr
345;Broukburn;467;Broukburn;1.000000;294;Broukburn-Meagas
346;Atarbuhl;375;Atarbuhl;1.000000;10;Pawmalay
347;Kibbleshaven;1458;Kibbleshaven;0.736364;12;Pawmur-Clawtoust
348;Atarbuhl;375;Atarbuhl;0.973856;10;Pawmalay
349;Rosestadt;570;Rosestadt;1.000000;49;Mediamus
350;Ibrumore;26;Ibrumore;1.000000;280;Ibrumore
351;Ibrumore;26;Ibrumore;1.000000;280;Ibrumore
352;Ibrumore;26;Ibrumore;1.000000;280;Ibrumore
353;Ibrumore;26;Ibrumore;1.000000;280;Ibrumore
354;Ibrumore;26;Ibrumore;1.000000;280;Ibrumore
355;Laurnsums Docks;17;Laurnsums Docks;1.000000;295;Central Laurandar
356;Rosestadt;570;Rosestadt;1.000000;49;Mediamus
357;Rosestadt;570;Rosestadt;1.000000;49;Mediamus
358;Rosestadt;570;Rosestadt;1.000000;49;Mediamus
359;Near West Westpaw;1302;Near West Westpaw;1.000000;385;Naturopolis Marshes
360;Empayre;468;Empayre;1.000000;125;Zuspriland
361;Empayre;468;Empayre;1.000000;125;Zuspriland
362;Empayre;468;Empayre;1.000000;125;Zuspriland
363;Empayre;468;Empayre;1.000000;125;Zuspriland
364;Far West Westpaw;1295;Far West Westpaw;1.000000;267;Lake Mercurr
365;Far West Westpaw;1295;Far West Westpaw;1.000000;267;Lake Mercurr
366;Far West Westpaw;1295;Far West Westpaw;1.000000;267;Lake Mercurr
367;Far West Westpaw;1295;Far West Westpaw;1.000000;267;Lake Mercurr
368;Far West Westpaw;1295;Far West Westpaw;1.000000;267;Lake Mercurr
369;Sodandar;1078;Sodandar;1.000000;294;Broukburn-Meagas
370;Felinesiedlung;664;Felinesiedlung;1.000000;10;Pawmalay
371;Felinesiedlung;664;Felinesiedlung;1.000000;10;Pawmalay
372;Felinesiedlung;664;Felinesiedlung;1.000000;10;Pawmalay
373;Felinesiedlung;664;Felinesiedlung;1.000000;10;Pawmalay
374;Tarrakis;21;Tarrakis;1.000000;4;Tarrakis
375;Tarrakis;21;Tarrakis;1.000000;4;Tarrakis
376;Tyukland;620;Tyukland;1.000000;125;Zuspriland
377;Tyukland;620;Tyukland;1.000000;125;Zuspriland
378;Zuspaw;621;Zuspaw;0.993103;125;Zuspriland
379;Zuspaw;621;Zuspaw;1.000000;125;Zuspriland
380;Zuspaw;621;Zuspaw;1.000000;125;Zuspriland
381;Zuspaw;621;Zuspaw;1.000000;125;Zuspriland
382;Central Zuspriland;625;Central Zuspriland;1.000000;125;Zuspriland
383;Central Zuspriland;625;Central Zuspriland;1.000000;125;Zuspriland
384;Yarnfelde;665;Yarnfelde;1.000000;10;Pawmalay
385;Far West Westpaw;1295;Far West Westpaw;1.000000;267;Lake Mercurr
386;Meowenberg;13;Meowenberg;0.877246;5;Meowemberg
387;Mewbert;27;Mewbert;1.000000;2;Greater Katown
388;Pawmalay;19;Pawmalay;1.000000;10;Pawmalay
389;Podomia;1077;Podomia;1.000000;295;Central Laurandar
390;Podomia;1077;Podomia;1.000000;295;Central Laurandar
391;Podomia;1077;Podomia;1.000000;295;Central Laurandar
392;Podomia;1077;Podomia;1.000000;295;Central Laurandar
393;Podomia;1077;Podomia;1.000000;295;Central Laurandar
394;Podomia;1077;Podomia;1.000000;295;Central Laurandar
395;Podomia;1077;Podomia;1.000000;295;Central Laurandar
396;Ibrumopolis;469;Ibrumopolis;1.000000;295;Central Laurandar
397;Ibrumopolis;469;Ibrumopolis;1.000000;295;Central Laurandar
398;Ibrumopolis;469;Ibrumopolis;1.000000;295;Central Laurandar
399;Ibrumopolis;469;Ibrumopolis;1.000000;295;Central Laurandar
400;Sodburn;9;Sodburn;1.000000;294;Broukburn-Meagas
401;Yarnfelde;665;Yarnfelde;1.000000;10;Pawmalay
402;Meoneva;20;Meoneva;1.000000;49;Mediamus
403;Southern Meagas;1075;Southern Meagas;1.000000;294;Broukburn-Meagas
404;Southern Meagas;1075;Southern Meagas;1.000000;294;Broukburn-Meagas
405;Southern Meagas;1075;Southern Meagas;1.000000;294;Broukburn-Meagas
406;Southern Meagas;1075;Southern Meagas;1.000000;294;Broukburn-Meagas
407;Southern Meagas;1075;Southern Meagas;1.000000;294;Broukburn-Meagas
408;Southern Meagas;1075;Southern Meagas;1.000000;294;Broukburn-Meagas
409;Southern Meagas;1075;Southern Meagas;1.000000;294;Broukburn-Meagas
410;Southern Meagas;1075;Southern Meagas;1.000000;294;Broukburn-Meagas
411;Southern Meagas;1075;Southern Meagas;1.000000;294;Broukburn-Meagas
412;Southern Meagas;1075;Southern Meagas;1.000000;294;Broukburn-Meagas
413;Neukatstadt;601;Neukatstadt;1.000000;12;Pawmur-Clawtoust
414;Kattailhain;282;Kattailhain;1.000000;10;Pawmalay
415;Kattailhain;282;Kattailhain;1.000000;10;Pawmalay
416;Neukatstadt;601;Neukatstadt;1.000000;12;Pawmur-Clawtoust
417;Neukatstadt;601;Neukatstadt;1.000000;12;Pawmur-Clawtoust
418;Eliottown;602;Eliottown;1.000000;12;Pawmur-Clawtoust
419;Laurngrove;1076;Laurngrove;1.000000;295;Central Laurandar
420;Laurngrove;1076;Laurngrove;1.000000;295;Central Laurandar
421;Laurngrove;1076;Laurngrove;1.000000;295;Central Laurandar
422;Laurngrove;1076;Laurngrove;1.000000;295;Central Laurandar
423;Kibbleshaven;1458;Kibbleshaven;1.000000;12;Pawmur-Clawtoust
424;Pimoussebühl;1466;Pimoussebühl;1.000000;12;Pawmur-Clawtoust
425;Tarrakis;21;Tarrakis;1.000000;4;Tarrakis
426;Eliottown;602;Eliottown;1.000000;12;Pawmur-Clawtoust
427;Eliottown;602;Eliottown;1.000000;12;Pawmur-Clawtoust
428;Eliottown;602;Eliottown;1.000000;12;Pawmur-Clawtoust
429;Zuspaw;621;Zuspaw;1.000000;125;Zuspriland
430;Zuspaw;621;Zuspaw;1.000000;125;Zuspriland
431;Kandlejhood;623;Kandlejhood;1.000000;125;Zuspriland
432;Central Zuspriland;625;Central Zuspriland;1.000000;125;Zuspriland
433;Central Zuspriland;625;Central Zuspriland;1.000000;125;Zuspriland
434;Finstratus;568;Finstratus;1.000000;48;Ezikanien
435;Finstratus;568;Finstratus;1.000000;48;Ezikanien
436;Finstratus;568;Finstratus;1.000000;48;Ezikanien
437;Kattenburg;37;Kattenburg;1.000000;48;Ezikanien
438;Kattenburg;37;Kattenburg;0.504237;48;Ezikanien
439;Kattenburg;37;Kattenburg;1.000000;48;Ezikanien
440;Podomia;1077;Podomia;1.000000;295;Central Laurandar
441;Clawtoust;25;Clawtoust;1.000000;12;Pawmur-Clawtoust
442;Ibrumore;26;Ibrumore;1.000000;280;Ibrumore
443;Ibrumore;26;Ibrumore;1.000000;280;Ibrumore
444;Ibrumore;26;Ibrumore;1.000000;280;Ibrumore
445;Ibrumore;26;Ibrumore;1.000000;280;Ibrumore
446;Ibrumore;26;Ibrumore;1.000000;280;Ibrumore
447;Far West Westpaw;1295;Far West Westpaw;1.000000;267;Lake Mercurr
448;Far West Westpaw;1295;Far West Westpaw;1.000000;267;Lake Mercurr
449;Ibrumore;26;Ibrumore;1.000000;280;Ibrumore
450;Nordblasterien;28;Nordblasterien;1.000000;8;Cutelogne
451;Nordblasterien;28;Nordblasterien;1.000000;8;Cutelogne
452;Nordblasterien;28;Nordblasterien;1.000000;8;Cutelogne
453;Nordblasterien;28;Nordblasterien;1.000000;8;Cutelogne
454;Nordblasterien;28;Nordblasterien;1.000000;8;Cutelogne
455;Jimmygorod;631;Jimmygorod;1.000000;7;Blasterian Canal
456;Jimmygorod;631;Jimmygorod;1.000000;7;Blasterian Canal
457;Jimmygorod;631;Jimmygorod;1.000000;7;Blasterian Canal
458;Jimmygorod;631;Jimmygorod;1.000000;7;Blasterian Canal
459;Jimmygorod;631;Jimmygorod;1.000000;7;Blasterian Canal
460;Pimoussebühl;1466;Pimoussebühl;1.000000;12;Pawmur-Clawtoust
461;Pimoussebühl;1466;Pimoussebühl;1.000000;12;Pawmur-Clawtoust
462;Central Zuspriland;625;Central Zuspriland;1.000000;125;Zuspriland
463;Rosestadt;570;Rosestadt;1.000000;49;Mediamus
464;Tarrakis;21;Tarrakis;1.000000;4;Tarrakis
465;Central Zuspriland;625;Central Zuspriland;1.000000;125;Zuspriland
466;Meo;29;Meo;1.000000;2;Greater Katown
467;Mewfelde;1503;Mewfelde;1.000000;12;Pawmur-Clawtoust
468;Mewfelde;1503;Mewfelde;0.612827;12;Pawmur-Clawtoust
469;Clawtoust;25;Clawtoust;1.000000;12;Pawmur-Clawtoust
470;Rowninalesna;1290;Rowninalesna;1.000000;267;Lake Mercurr
471;Rowninalesna;1290;Rowninalesna;1.000000;267;Lake Mercurr
472;Rowninalesna;1290;Rowninalesna;1.000000;267;Lake Mercurr
473;Tarrakis;21;Tarrakis;1.000000;4;Tarrakis
474;Leop;30;Leop;1.000000;2;Greater Katown
475;Leop;30;Leop;1.000000;2;Greater Katown
476;Kibbleshaven;1458;Kibbleshaven;1.000000;12;Pawmur-Clawtoust
477;Bamsens Dock;32;Bamsens Dock;1.000000;29;Furrballeares
478;Kandlejhood;623;Kandlejhood;1.000000;125;Zuspriland
479;Kandlejhood;623;Kandlejhood;1.000000;125;Zuspriland
480;Laurngrove;1076;Laurngrove;1.000000;295;Central Laurandar
481;Laurngrove;1076;Laurngrove;1.000000;295;Central Laurandar
482;Laurngrove;1076;Laurngrove;1.000000;295;Central Laurandar
483;Laurngrove;1076;Laurngrove;1.000000;295;Central Laurandar
484;Laurngrove;1076;Laurngrove;1.000000;295;Central Laurandar
485;Laurngrove;1076;Laurngrove;1.000000;295;Central Laurandar
486;Zawrich;569;Zawrich;1.000000;49;Mediamus
487;Daichester;624;Daichester;1.000000;125;Zuspriland
488;Daichester;624;Daichester;1.000000;125;Zuspriland
489;Daichester;624;Daichester;1.000000;125;Zuspriland
490;Daichester;624;Daichester;1.000000;125;Zuspriland
491;Daichester;624;Daichester;1.000000;125;Zuspriland
492;Sodandar;1078;Sodandar;1.000000;294;Broukburn-Meagas
493;Ibrumopolis;469;Ibrumopolis;1.000000;295;Central Laurandar
494;Ibrumopolis;469;Ibrumopolis;1.000000;295;Central Laurandar
495;Meop;31;Meop;1.000000;3;Meop
496;Meowgeve;23;Meowgeve;1.000000;10;Pawmalay
497;Meowgeve;23;Meowgeve;1.000000;10;Pawmalay
498;Meowgeve;23;Meowgeve;1.000000;10;Pawmalay
499;Ibrum Marsh;1068;Ibrum Marsh;1.000000;280;Ibrumore
500;Wybrezacho;1289;Wybrezacho;1.000000;267;Lake Mercurr
501;Wybrezacho;1289;Wybrezacho;1.000000;267;Lake Mercurr
502;Wybrezacho;1289;Wybrezacho;1.000000;267;Lake Mercurr
503;Wybrezacho;1289;Wybrezacho;1.000000;267;Lake Mercurr
504;Mediamus;470;Mediamus;1.000000;49;Mediamus
505;Zuspaw;621;Zuspaw;1.000000;125;Zuspriland
506;Zawrich;569;Zawrich;1.000000;49;Mediamus
507;Zawrich;569;Zawrich;1.000000;49;Mediamus
508;Meowdeburg;38;Meowdeburg;1.000000;3;Meop
509;Felinesiedlung;664;Felinesiedlung;1.000000;10;Pawmalay
510;Meowdeburg;38;Meowdeburg;1.000000;3;Meop
511;Meowdeburg;38;Meowdeburg;1.000000;3;Meop
512;Finstratus;568;Finstratus;1.000000;48;Ezikanien
513;Daichester;624;Daichester;1.000000;125;Zuspriland
514;Bamsens Dock;32;Bamsens Dock;1.000000;29;Furrballeares
515;Mediamus;470;Mediamus;1.000000;49;Mediamus
516;Mediamus;470;Mediamus;1.000000;49;Mediamus
517;Mediamus;470;Mediamus;1.000000;49;Mediamus
518;Mediamus;470;Mediamus;1.000000;49;Mediamus
519;Mediamus;470;Mediamus;1.000000;49;Mediamus
520;Mediamus;470;Mediamus;1.000000;49;Mediamus
521;Kelp Coasts;33;Kelp Coasts;0.771058;125;Zuspriland
522;Kelp Coasts;33;Kelp Coasts;1.000000;125;Zuspriland
523;Kattailhain;282;Kattailhain;1.000000;10;Pawmalay
524;Kattailhain;282;Kattailhain;1.000000;10;Pawmalay
525;Pouchkintton;41;Pouchkintton;1.000000;11;Pouchkinn Plains
526;Clawtoust;25;Clawtoust;1.000000;12;Pawmur-Clawtoust
527;Southern Meagas;1075;Southern Meagas;1.000000;294;Broukburn-Meagas
528;Southern Meagas;1075;Southern Meagas;1.000000;294;Broukburn-Meagas
529;Sodandar;1078;Sodandar;1.000000;294;Broukburn-Meagas
530;Ibrumopolis;469;Ibrumopolis;1.000000;295;Central Laurandar
531;Nord-Katown;34;Nord-Katown;0.975746;2;Greater Katown
532;Meo;29;Meo;0.815353;2;Greater Katown
533;Pouchkintton;41;Pouchkintton;1.000000;11;Pouchkinn Plains
534;Pouchkintton;41;Pouchkintton;1.000000;11;Pouchkinn Plains
535;Pouchkintton;41;Pouchkintton;1.000000;11;Pouchkinn Plains
536;Pouchkintton;41;Pouchkintton;1.000000;11;Pouchkinn Plains
537;Central Laurandar;1074;Central Laurandar;1.000000;296;Tatsania
538;Central Laurandar;1074;Central Laurandar;1.000000;296;Tatsania
539;Central Laurandar;1074;Central Laurandar;1.000000;296;Tatsania
540;Central Laurandar;1074;Central Laurandar;1.000000;296;Tatsania
541;Central Laurandar;1074;Central Laurandar;1.000000;296;Tatsania
542;Central Laurandar;1074;Central Laurandar;1.000000;296;Tatsania
543;Central Laurandar;1074;Central Laurandar;1.000000;296;Tatsania
544;Central Laurandar;1074;Central Laurandar;1.000000;296;Tatsania
545;Central Laurandar;1074;Central Laurandar;1.000000;296;Tatsania
546;Central Laurandar;1074;Central Laurandar;1.000000;296;Tatsania
547;Central Laurandar;1074;Central Laurandar;1.000000;296;Tatsania
548;Central Laurandar;1074;Central Laurandar;1.000000;296;Tatsania
549;Westen-Katown;36;Westen-Katown;1.000000;2;Greater Katown
550;Wachatgon;39;Wachatgon;0.793594;2;Greater Katown
551;Kandlejhood;623;Kandlejhood;1.000000;125;Zuspriland
552;Ibrum Marsh;1068;Ibrum Marsh;1.000000;280;Ibrumore
553;Ibrum Marsh;1068;Ibrum Marsh;1.000000;280;Ibrumore
554;Ibrum Marsh;1068;Ibrum Marsh;1.000000;280;Ibrumore
555;Ibrum Marsh;1068;Ibrum Marsh;1.000000;280;Ibrumore
556;Ibrum Marsh;1068;Ibrum Marsh;1.000000;280;Ibrumore
557;Ibrum Marsh;1068;Ibrum Marsh;1.000000;280;Ibrumore
558;Meop;31;Meop;1.000000;3;Meop
559;Meop;31;Meop;1.000000;3;Meop
560;Meop;31;Meop;1.000000;3;Meop
561;Mewfelde;1503;Mewfelde;1.000000;12;Pawmur-Clawtoust
562;Pimoussebühl;1466;Pimoussebühl;1.000000;12;Pawmur-Clawtoust
563;Kelp Coasts;33;Kelp Coasts;1.000000;125;Zuspriland
564;Kelp Coasts;33;Kelp Coasts;1.000000;125;Zuspriland
565;Kelp Coasts;33;Kelp Coasts;1.000000;125;Zuspriland
566;Jimmygorod;631;Jimmygorod;1.000000;7;Blasterian Canal
567;Ibrumopolis;469;Ibrumopolis;1.000000;295;Central Laurandar
568;Ibrumopolis;469;Ibrumopolis;1.000000;295;Central Laurandar
569;Kelp Coasts;33;Kelp Coasts;1.000000;125;Zuspriland
570;Meowdeburg;38;Meowdeburg;1.000000;3;Meop
571;Laurngrove;1076;Laurngrove;1.000000;295;Central Laurandar
572;Laurngrove;1076;Laurngrove;1.000000;295;Central Laurandar
573;Laurngrove;1076;Laurngrove;1.000000;295;Central Laurandar
574;Laurngrove;1076;Laurngrove;1.000000;295;Central Laurandar
575;Laurngrove;1076;Laurngrove;1.000000;295;Central Laurandar
576;Ibrumore;26;Ibrumore;1.000000;280;Ibrumore
577;Meowgeve;23;Meowgeve;1.000000;10;Pawmalay
578;Wachatgon;39;Wachatgon;1.000000;2;Greater Katown
579;Wachatgon;39;Wachatgon;1.000000;2;Greater Katown
580;Nordblasterien;28;Nordblasterien;1.000000;8;Cutelogne
581;Meo;29;Meo;1.000000;2;Greater Katown
582;Darin;40;Darin;1.000000;19;Purrsia
583;East-Tomopolis;1069;East-Tomopolis;1.000000;280;Ibrumore
584;Kattailhain;282;Kattailhain;1.000000;10;Pawmalay
585;Meowmeow;603;Meowmeow;1.000000;11;Pouchkinn Plains
586;Meowmeow;603;Meowmeow;1.000000;11;Pouchkinn Plains
587;Meowmeow;603;Meowmeow;1.000000;11;Pouchkinn Plains
588;Meowmeow;603;Meowmeow;1.000000;11;Pouchkinn Plains
589;Tatsania;35;Tatsania;1.000000;296;Tatsania
590;Tatsania;35;Tatsania;1.000000;296;Tatsania
591;Tatsania;35;Tatsania;1.000000;296;Tatsania
592;Tatsania;35;Tatsania;1.000000;296;Tatsania
593;Tatsania;35;Tatsania;1.000000;296;Tatsania
594;Tatsania;35;Tatsania;1.000000;296;Tatsania
595;Tatsania;35;Tatsania;1.000000;296;Tatsania
596;Tatsania;35;Tatsania;1.000000;296;Tatsania
597;Tatsania;35;Tatsania;1.000000;296;Tatsania
598;Tatsania;35;Tatsania;1.000000;296;Tatsania
599;Tatsania;35;Tatsania;1.000000;296;Tatsania
600;Tatsania;35;Tatsania;1.000000;296;Tatsania
601;Tatsania;35;Tatsania;1.000000;296;Tatsania
602;Tatsania;35;Tatsania;1.000000;296;Tatsania
603;Ibrumopolis;469;Ibrumopolis;1.000000;295;Central Laurandar
604;Ibrumopolis;469;Ibrumopolis;1.000000;295;Central Laurandar
605;Ibrumopolis;469;Ibrumopolis;1.000000;295;Central Laurandar
606;Wintermagnet;472;Wintermagnet;1.000000;8;Cutelogne
607;Wintermagnet;472;Wintermagnet;1.000000;8;Cutelogne
608;Wintermagnet;472;Wintermagnet;1.000000;8;Cutelogne
609;Wintermagnet;472;Wintermagnet;1.000000;8;Cutelogne
610;Wintermagnet;472;Wintermagnet;1.000000;8;Cutelogne
611;Meowmeow;603;Meowmeow;0.716814;11;Pouchkinn Plains
612;Darin;40;Darin;1.000000;19;Purrsia
613;Darin;40;Darin;1.000000;19;Purrsia
614;Wybrezacho;1289;Wybrezacho;1.000000;267;Lake Mercurr
615;Wybrezacho;1289;Wybrezacho;1.000000;267;Lake Mercurr
616;Wybrezacho;1289;Wybrezacho;1.000000;267;Lake Mercurr
617;Meowdeburg;38;Meowdeburg;1.000000;3;Meop
618;Middenpaw;567;Middenpaw;1.000000;48;Ezikanien
619;Middenpaw;567;Middenpaw;0.739726;48;Ezikanien
620;Ost-Katown;44;Ost-Katown;1.000000;2;Greater Katown
621;Daichester;624;Daichester;1.000000;125;Zuspriland
622;Daichester;624;Daichester;1.000000;125;Zuspriland
623;Daichester;624;Daichester;1.000000;125;Zuspriland
624;Daichester;624;Daichester;1.000000;125;Zuspriland
625;Rowninalesna;1290;Rowninalesna;1.000000;267;Lake Mercurr
626;Süd-Katown;45;Süd-Katown;1.000000;2;Greater Katown
627;Katucky;50;Katucky;0.967262;2;Greater Katown
628;Leipig;658;Leipig;1.000000;3;Meop
629;Middenpaw;567;Middenpaw;0.578671;48;Ezikanien
630;Katalonia;42;Katalonia;1.000000;2;Greater Katown
631;Katalonia;42;Katalonia;1.000000;2;Greater Katown
632;East-Tomopolis;1069;East-Tomopolis;1.000000;280;Ibrumore
633;East-Tomopolis;1069;East-Tomopolis;1.000000;280;Ibrumore
634;Rowninalesna;1290;Rowninalesna;1.000000;267;Lake Mercurr
635;Ibrumopolis;469;Ibrumopolis;1.000000;295;Central Laurandar
636;Polatspoodle;471;Polatspoodle;1.000000;7;Blasterian Canal
637;Polatspoodle;471;Polatspoodle;1.000000;7;Blasterian Canal
638;Polatspoodle;471;Polatspoodle;1.000000;7;Blasterian Canal
639;Polatspoodle;471;Polatspoodle;1.000000;7;Blasterian Canal
640;Pouchkintton;41;Pouchkintton;1.000000;11;Pouchkinn Plains
641;Kelp Coasts;33;Kelp Coasts;1.000000;125;Zuspriland
642;Kelp Coasts;33;Kelp Coasts;1.000000;125;Zuspriland
643;Wintermagnet;472;Wintermagnet;1.000000;8;Cutelogne
644;Minskbark;627;Minskbark;1.000000;8;Cutelogne
645;Minskbark;627;Minskbark;1.000000;8;Cutelogne
646;Darin;40;Darin;1.000000;19;Purrsia
647;Teuyaka;657;Teuyaka;1.000000;3;Meop
648;Teuyaka;657;Teuyaka;1.000000;3;Meop
649;Kattenburg;37;Kattenburg;1.000000;48;Ezikanien
650;Meonelux;43;Meonelux;1.000000;9;Pawris
651;Meonelux;43;Meonelux;1.000000;9;Pawris
652;Meonelux;43;Meonelux;1.000000;9;Pawris
653;Ost-Meonelux;474;Ost-Meonelux;1.000000;11;Pouchkinn Plains
654;Ost-Meonelux;474;Ost-Meonelux;1.000000;11;Pouchkinn Plains
655;Ost-Meonelux;474;Ost-Meonelux;1.000000;11;Pouchkinn Plains
656;Ost-Meonelux;474;Ost-Meonelux;1.000000;11;Pouchkinn Plains
657;Batar;589;Batar;1.000000;18;Frankfurr
658;Franchesse;1462;Franchesse;0.812834;18;Frankfurr
659;Franchesse;1462;Franchesse;1.000000;18;Frankfurr
660;Batar;589;Batar;0.863636;18;Frankfurr
661;Lakshire;1073;Lakshire;1.000000;297;Dredshire
662;Lakshire;1073;Lakshire;1.000000;297;Dredshire
663;Lakshire;1073;Lakshire;1.000000;297;Dredshire
664;Lakshire;1073;Lakshire;1.000000;297;Dredshire
665;Lakshire;1073;Lakshire;1.000000;297;Dredshire
666;Lakshire;1073;Lakshire;1.000000;297;Dredshire
667;East-Tomopolis;1069;East-Tomopolis;1.000000;280;Ibrumore
668;East-Tomopolis;1069;East-Tomopolis;1.000000;280;Ibrumore
669;East-Tomopolis;1069;East-Tomopolis;1.000000;280;Ibrumore
670;East-Tomopolis;1069;East-Tomopolis;1.000000;280;Ibrumore
671;Leipig;658;Leipig;1.000000;3;Meop
672;Purrsen;58;Purrsen;1.000000;19;Purrsia
673;Elowinien;655;Elowinien;1.000000;9;Pawris
674;Elowinien;655;Elowinien;1.000000;9;Pawris
675;Elowinien;655;Elowinien;1.000000;9;Pawris
676;Teuyaka;657;Teuyaka;1.000000;3;Meop
677;Ibrum Marsh;1068;Ibrum Marsh;1.000000;280;Ibrumore
678;Meowntreal;646;Meowntreal;1.000000;11;Pouchkinn Plains
679;Purrsen;58;Purrsen;1.000000;19;Purrsia
680;Purrsen;58;Purrsen;1.000000;19;Purrsia
681;Purrsen;58;Purrsen;1.000000;19;Purrsia
682;Lakshire;1073;Lakshire;1.000000;297;Dredshire
683;Lakshire;1073;Lakshire;1.000000;297;Dredshire
684;Ibrum Marsh;1068;Ibrum Marsh;1.000000;280;Ibrumore
685;Ibrum Marsh;1068;Ibrum Marsh;1.000000;280;Ibrumore
686;Polatspoodle;471;Polatspoodle;1.000000;7;Blasterian Canal
687;Polatspoodle;471;Polatspoodle;1.000000;7;Blasterian Canal
688;Minskbark;627;Minskbark;1.000000;8;Cutelogne
689;Minskbark;627;Minskbark;1.000000;8;Cutelogne
690;Minskbark;627;Minskbark;1.000000;8;Cutelogne
691;Leipig;658;Leipig;1.000000;3;Meop
692;Leipig;658;Leipig;1.000000;3;Meop
693;Leipig;658;Leipig;1.000000;3;Meop
694;Katucky;50;Katucky;1.000000;2;Greater Katown
695;Point Ene;571;Point Ene;1.000000;122;Xoeken
696;Wintermagnet;472;Wintermagnet;1.000000;8;Cutelogne
697;Meop;31;Meop;1.000000;3;Meop
698;Katucky;50;Katucky;1.000000;2;Greater Katown
699;Batar;589;Batar;1.000000;18;Frankfurr
700;Lebril Range;46;Lebril Range;1.000000;280;Ibrumore
701;Lebril Range;46;Lebril Range;1.000000;280;Ibrumore
702;Orkhan;324;Orkhan;1.000000;48;Ezikanien
703;Lakshire;1073;Lakshire;1.000000;297;Dredshire
704;Blasterian Canal;626;Blasterian Canal;1.000000;7;Blasterian Canal
705;Blasterian Canal;626;Blasterian Canal;1.000000;7;Blasterian Canal
706;Meowmeow;603;Meowmeow;0.712025;11;Pouchkinn Plains
707;Tomopolis;1070;Tomopolis;0.766807;297;Dredshire
708;Tomopolis;1070;Tomopolis;1.000000;297;Dredshire
709;Tomopolis;1070;Tomopolis;1.000000;297;Dredshire
710;Tomopolis;1070;Tomopolis;1.000000;297;Dredshire
711;Westpaw;473;Westpaw;1.000000;22;Northern Sobakiland
712;Westpaw;473;Westpaw;1.000000;22;Northern Sobakiland
713;Westpaw;473;Westpaw;1.000000;22;Northern Sobakiland
714;Westpaw;473;Westpaw;1.000000;22;Northern Sobakiland
715;Mimimi;604;Mimimi;1.000000;11;Pouchkinn Plains
716;Pierwysp;51;Pierwysp;1.000000;256;Mercurian Gulf
717;Pierwysp;51;Pierwysp;1.000000;256;Mercurian Gulf
718;Middenpaw;567;Middenpaw;1.000000;48;Ezikanien
719;Derdoux;654;Derdoux;1.000000;3;Meop
720;Derdoux;654;Derdoux;1.000000;3;Meop
721;Derdoux;654;Derdoux;1.000000;3;Meop
722;Ibrum Marsh;1068;Ibrum Marsh;1.000000;280;Ibrumore
723;Ibrum Marsh;1068;Ibrum Marsh;1.000000;280;Ibrumore
724;Mimimi;604;Mimimi;1.000000;11;Pouchkinn Plains
725;Mimimi;604;Mimimi;0.644258;11;Pouchkinn Plains
726;Darinstadt;1416;Darinstadt;1.000000;19;Purrsia
727;Darinstadt;1416;Darinstadt;1.000000;19;Purrsia
728;Darinstadt;1416;Darinstadt;1.000000;19;Purrsia
729;Darinstadt;1416;Darinstadt;1.000000;19;Purrsia
730;Lakshire;1073;Lakshire;1.000000;297;Dredshire
731;Teuyaka;657;Teuyaka;1.000000;3;Meop
732;Mittelpurrsen;48;Mittelpurrsen;0.648438;19;Purrsia
733;Mittelpurrsen;48;Mittelpurrsen;1.000000;19;Purrsia
734;Mittelpurrsen;48;Mittelpurrsen;1.000000;19;Purrsia
735;Mah;586;Mah;0.783034;18;Frankfurr
736;Mah;586;Mah;0.863747;18;Frankfurr
737;Kattail;477;Kattail;0.942529;18;Frankfurr
738;Frankfurr;1460;Frankfurr;0.918410;18;Frankfurr
739;Frankfurr;1460;Frankfurr;1.000000;18;Frankfurr
740;Kattail;477;Kattail;1.000000;18;Frankfurr
741;Kattail;477;Kattail;0.851485;18;Frankfurr
742;Tomopolis;1070;Tomopolis;1.000000;297;Dredshire
743;Tomopolis;1070;Tomopolis;1.000000;297;Dredshire
744;Tomopolis;1070;Tomopolis;1.000000;297;Dredshire
745;Fajnawysp;56;Fajnawysp;1.000000;236;Mercurian Trench
746;Inner Arkbus;61;Inner Arkbus;1.000000;299;Arkbus
747;Inner Arkbus;61;Inner Arkbus;1.000000;299;Arkbus
748;Lakshire;1073;Lakshire;1.000000;297;Dredshire
749;Inner Arkbus;61;Inner Arkbus;1.000000;299;Arkbus
750;Inner Arkbus;61;Inner Arkbus;1.000000;299;Arkbus
751;Inner Arkbus;61;Inner Arkbus;1.000000;299;Arkbus
752;Inner Arkbus;61;Inner Arkbus;1.000000;299;Arkbus
753;Inner Arkbus;61;Inner Arkbus;1.000000;299;Arkbus
754;Inner Arkbus;61;Inner Arkbus;1.000000;299;Arkbus
755;Meowntreal;646;Meowntreal;1.000000;11;Pouchkinn Plains
756;Meowntreal;646;Meowntreal;1.000000;11;Pouchkinn Plains
757;Meowntreal;646;Meowntreal;1.000000;11;Pouchkinn Plains
758;Meowntreal;646;Meowntreal;1.000000;11;Pouchkinn Plains
759;Cutelogne;630;Cutelogne;1.000000;8;Cutelogne
760;Cutelogne;630;Cutelogne;1.000000;8;Cutelogne
761;Polatspoodle;471;Polatspoodle;1.000000;7;Blasterian Canal
762;Biskuitgorod;476;Biskuitgorod;1.000000;8;Cutelogne
763;Luxempaw;647;Luxempaw;1.000000;11;Pouchkinn Plains
764;Luxempaw;647;Luxempaw;1.000000;11;Pouchkinn Plains
765;Luxempaw;647;Luxempaw;1.000000;11;Pouchkinn Plains
766;Luxempaw;647;Luxempaw;1.000000;11;Pouchkinn Plains
767;Point Ene;571;Point Ene;1.000000;122;Xoeken
768;Central Laurandar;1074;Central Laurandar;1.000000;296;Tatsania
769;Duuhr Sanctuary;55;Duuhr Sanctuary;1.000000;235;Duuhr Sea
770;Duuhr Sanctuary;55;Duuhr Sanctuary;1.000000;235;Duuhr Sea
771;Duuhr Sanctuary;55;Duuhr Sanctuary;1.000000;235;Duuhr Sea
772;Duuhr Sanctuary;55;Duuhr Sanctuary;1.000000;235;Duuhr Sea
773;Duuhr Sanctuary;55;Duuhr Sanctuary;1.000000;235;Duuhr Sea
774;Fajnawysp;56;Fajnawysp;1.000000;236;Mercurian Trench
775;Fajnawysp;56;Fajnawysp;1.000000;236;Mercurian Trench
776;Clawrence;47;Clawrence;1.000000;9;Pawris
777;Clawrence;47;Clawrence;1.000000;9;Pawris
778;Clawrence;47;Clawrence;1.000000;9;Pawris
779;Clawrence;47;Clawrence;1.000000;9;Pawris
780;Lebril Range;46;Lebril Range;1.000000;280;Ibrumore
781;Lebril Range;46;Lebril Range;1.000000;280;Ibrumore
782;Lebril Range;46;Lebril Range;1.000000;280;Ibrumore
783;Lebril Range;46;Lebril Range;1.000000;280;Ibrumore
784;Lebril Range;46;Lebril Range;1.000000;280;Ibrumore
785;Lebril Range;46;Lebril Range;1.000000;280;Ibrumore
786;Lebril Range;46;Lebril Range;1.000000;280;Ibrumore
787;Meownisberg;590;Meownisberg;1.000000;19;Purrsia
788;Meownisberg;590;Meownisberg;1.000000;19;Purrsia
789;Meownisberg;590;Meownisberg;1.000000;19;Purrsia
790;Meownisberg;590;Meownisberg;1.000000;19;Purrsia
791;Boogenstadt;566;Boogenstadt;1.000000;48;Ezikanien
792;Boogenstadt;566;Boogenstadt;1.000000;48;Ezikanien
793;Boogenstadt;566;Boogenstadt;1.000000;48;Ezikanien
794;Meonelux;43;Meonelux;1.000000;9;Pawris
795;Westpaw;473;Westpaw;1.000000;22;Northern Sobakiland
796;Frankfurr;1460;Frankfurr;1.000000;18;Frankfurr
797;Point Ene;571;Point Ene;1.000000;122;Xoeken
798;Point Ene;571;Point Ene;1.000000;122;Xoeken
799;Tatshire;1071;Tatshire;1.000000;296;Tatsania
800;Tatshire;1071;Tatshire;1.000000;296;Tatsania
801;Cutelogne;630;Cutelogne;1.000000;8;Cutelogne
802;Cutelogne;630;Cutelogne;1.000000;8;Cutelogne
803;Barkenbadden;478;Barkenbadden;1.000000;7;Blasterian Canal
804;Barkenbadden;478;Barkenbadden;1.000000;7;Blasterian Canal
805;Barkenbadden;478;Barkenbadden;1.000000;7;Blasterian Canal
806;Barkenbadden;478;Barkenbadden;1.000000;7;Blasterian Canal
807;Aeries;574;Aeries;1.000000;122;Xoeken
808;Aeries;574;Aeries;1.000000;122;Xoeken
809;Challe;659;Challe;1.000000;3;Meop
810;Challe;659;Challe;1.000000;3;Meop
811;Mewmewmew;1461;Mewmewmew;1.000000;18;Frankfurr
812;Mewmewmew;1461;Mewmewmew;1.000000;18;Frankfurr
813;Neu-Loris;585;Neu-Loris;0.580042;18;Frankfurr
814;Neu-Loris;585;Neu-Loris;1.000000;18;Frankfurr
815;Neu-Loris;585;Neu-Loris;1.000000;18;Frankfurr
816;Boogenstadt;566;Boogenstadt;1.000000;48;Ezikanien
817;Xoeken;573;Xoeken;1.000000;122;Xoeken
818;Lakshire;1073;Lakshire;1.000000;297;Dredshire
819;Lakshire;1073;Lakshire;1.000000;297;Dredshire
820;Tomopolis;1070;Tomopolis;1.000000;297;Dredshire
821;Kokoblentz;656;Kokoblentz;1.000000;9;Pawris
822;Kokoblentz;656;Kokoblentz;1.000000;9;Pawris
823;Kokoblentz;656;Kokoblentz;1.000000;9;Pawris
824;Kokoblentz;656;Kokoblentz;1.000000;9;Pawris
825;Near Franchesse 9;1463;Near Franchesse 9;1.000000;19;Purrsia
826;Mleow;57;Mleow;1.000000;3;Meop
827;Mleow;57;Mleow;1.000000;3;Meop
828;Mleow;57;Mleow;1.000000;3;Meop
829;Mleow;57;Mleow;1.000000;3;Meop
830;Challe;659;Challe;1.000000;3;Meop
831;Challe;659;Challe;1.000000;3;Meop
832;Challe;659;Challe;1.000000;3;Meop
833;Exene;575;Exene;1.000000;121;Ooooex
834;Exene;575;Exene;1.000000;121;Ooooex
835;Exene;575;Exene;1.000000;121;Ooooex
836;Biskuitgorod;476;Biskuitgorod;1.000000;8;Cutelogne
837;Pawmuda;60;Pawmuda;0.555310;29;Furrballeares
838;Pawllington;652;Pawllington;1.000000;29;Furrballeares
839;Pawmuda;60;Pawmuda;1.000000;29;Furrballeares
840;Xoeken;573;Xoeken;0.997807;122;Xoeken
841;Xoeken;573;Xoeken;0.961538;122;Xoeken
842;Wolfgorod;633;Wolfgorod;1.000000;22;Northern Sobakiland
843;Tomopolis;1070;Tomopolis;1.000000;297;Dredshire
844;Duuhr Sanctuary;55;Duuhr Sanctuary;1.000000;235;Duuhr Sea
845;Duuhr Sanctuary;55;Duuhr Sanctuary;1.000000;235;Duuhr Sea
846;Duuhr Sanctuary;55;Duuhr Sanctuary;1.000000;235;Duuhr Sea
847;Near Franchesse 9;1463;Near Franchesse 9;1.000000;19;Purrsia
848;Near Franchesse 9;1463;Near Franchesse 9;0.953271;19;Purrsia
849;Katza;587;Katza;0.978967;19;Purrsia
850;Katza;587;Katza;1.000000;19;Purrsia
851;Tomopolis;1070;Tomopolis;1.000000;297;Dredshire
852;Central Arkbus;1064;Central Arkbus;1.000000;299;Arkbus
853;Central Arkbus;1064;Central Arkbus;1.000000;299;Arkbus
854;Barkdivostok;632;Barkdivostok;1.000000;8;Cutelogne
855;Pawris;1464;Pawris;1.000000;9;Pawris
856;Pawris;1464;Pawris;1.000000;9;Pawris
857;Pawris;62;Pawris;0.742081;9;Pawris
858;Pawris;1464;Pawris;0.939394;9;Pawris
859;Pawris;62;Pawris;1.000000;9;Pawris
860;Pawris;62;Pawris;0.753602;9;Pawris
861;Tatshire;1071;Tatshire;1.000000;296;Tatsania
862;Tatshire;1071;Tatshire;1.000000;296;Tatsania
863;Tatshire;1071;Tatshire;1.000000;296;Tatsania
864;Tatshire;1071;Tatshire;1.000000;296;Tatsania
865;Tatshire;1071;Tatshire;1.000000;296;Tatsania
866;Barkdivostok;632;Barkdivostok;1.000000;8;Cutelogne
867;Barkdivostok;632;Barkdivostok;1.000000;8;Cutelogne
868;Barkdivostok;632;Barkdivostok;1.000000;8;Cutelogne
869;Barkdivostok;632;Barkdivostok;1.000000;8;Cutelogne
870;Biskuitgorod;476;Biskuitgorod;1.000000;8;Cutelogne
871;Biskuitgorod;476;Biskuitgorod;1.000000;8;Cutelogne
872;Biskuitgorod;476;Biskuitgorod;1.000000;8;Cutelogne
873;Wolfgorod;633;Wolfgorod;1.000000;22;Northern Sobakiland
874;Biskuitgorod;476;Biskuitgorod;1.000000;8;Cutelogne
875;Rivshire;1065;Rivshire;1.000000;297;Dredshire
876;Rivshire;1065;Rivshire;1.000000;297;Dredshire
877;Rivshire;1065;Rivshire;1.000000;297;Dredshire
878;Rivshire;1065;Rivshire;1.000000;297;Dredshire
879;Tatsania;35;Tatsania;1.000000;296;Tatsania
880;Barkmonts;480;Barkmonts;1.000000;22;Northern Sobakiland
881;Barkmonts;480;Barkmonts;1.000000;22;Northern Sobakiland
882;Barkmonts;480;Barkmonts;1.000000;22;Northern Sobakiland
883;Mittelpurrsen;48;Mittelpurrsen;1.000000;19;Purrsia
884;Aeries;574;Aeries;1.000000;122;Xoeken
885;Lakshire;1073;Lakshire;1.000000;297;Dredshire
886;Lebril Range;46;Lebril Range;1.000000;280;Ibrumore
887;Luxempaw;647;Luxempaw;1.000000;11;Pouchkinn Plains
888;Katzhof;648;Katzhof;1.000000;11;Pouchkinn Plains
889;Katzhof;648;Katzhof;1.000000;11;Pouchkinn Plains
890;Nord-Purrgund;479;Nord-Purrgund;1.000000;11;Pouchkinn Plains
891;Nord-Purrgund;479;Nord-Purrgund;0.659229;11;Pouchkinn Plains
892;Lebril;1063;Lebril;1.000000;300;Lebril
893;Wolfgorod;633;Wolfgorod;1.000000;22;Northern Sobakiland
894;Deaktiviertekamera;54;Deaktiviertekamera;1.000000;48;Ezikanien
895;Deaktiviertekamera;54;Deaktiviertekamera;1.000000;48;Ezikanien
896;Inner Arkbus;61;Inner Arkbus;1.000000;299;Arkbus
897;Inner Arkbus;61;Inner Arkbus;1.000000;299;Arkbus
898;Lebril Range;46;Lebril Range;1.000000;280;Ibrumore
899;Tatshire;1071;Tatshire;1.000000;296;Tatsania
900;Tatshire;1071;Tatshire;1.000000;296;Tatsania
901;Tatshire;1071;Tatshire;1.000000;296;Tatsania
902;Tatshire;1071;Tatshire;1.000000;296;Tatsania
903;Biskuitgorod;476;Biskuitgorod;1.000000;8;Cutelogne
904;Biskuitgorod;476;Biskuitgorod;1.000000;8;Cutelogne
905;Deaktiviertekamera;54;Deaktiviertekamera;1.000000;48;Ezikanien
906;Deaktiviertekamera;54;Deaktiviertekamera;1.000000;48;Ezikanien
907;Tatshire;1071;Tatshire;1.000000;296;Tatsania
908;Rivshire;1065;Rivshire;1.000000;297;Dredshire
909;Rivshire;1065;Rivshire;1.000000;297;Dredshire
910;Rivshire;1065;Rivshire;1.000000;297;Dredshire
911;Rivshire;1065;Rivshire;0.845339;297;Dredshire
912;Rivshire;1065;Rivshire;1.000000;297;Dredshire
913;Lakshire;1073;Lakshire;1.000000;297;Dredshire
914;Aeries;574;Aeries;1.000000;122;Xoeken
915;Aeries;574;Aeries;1.000000;122;Xoeken
916;Fort Nxeen;572;Fort Nxeen;1.000000;122;Xoeken
917;Fort Nxeen;572;Fort Nxeen;1.000000;122;Xoeken
918;Fort Nxeen;572;Fort Nxeen;1.000000;122;Xoeken
919;Cutelogne;630;Cutelogne;1.000000;8;Cutelogne
920;Inner Arkbus;61;Inner Arkbus;1.000000;299;Arkbus
921;Inner Arkbus;61;Inner Arkbus;1.000000;299;Arkbus
922;Duuhr Sanctuary;55;Duuhr Sanctuary;1.000000;235;Duuhr Sea
923;Dredshire;63;Dredshire;0.937736;297;Dredshire
924;Dredshire;63;Dredshire;1.000000;297;Dredshire
925;Dredshire;63;Dredshire;1.000000;297;Dredshire
926;Dredshire;63;Dredshire;1.000000;297;Dredshire
927;Dredshire;63;Dredshire;1.000000;297;Dredshire
928;Lebril;1063;Lebril;1.000000;300;Lebril
929;Lebril;1063;Lebril;1.000000;300;Lebril
930;Xoeken;573;Xoeken;1.000000;122;Xoeken
931;Xoeken;573;Xoeken;0.931727;122;Xoeken
932;Wolfgorod;633;Wolfgorod;1.000000;22;Northern Sobakiland
933;Wolfgorod;633;Wolfgorod;1.000000;22;Northern Sobakiland
934;Central Arkbus;1064;Central Arkbus;1.000000;299;Arkbus
935;Katnover;543;Katnover;1.000000;20;Neu-Kibbles
936;Dredshire;63;Dredshire;1.000000;297;Dredshire
937;Barkenbadden;478;Barkenbadden;1.000000;7;Blasterian Canal
938;Kattail;477;Kattail;1.000000;18;Frankfurr
939;Kaisershafen;653;Kaisershafen;1.000000;3;Meop
940;Perawgen;1414;Perawgen;0.839286;19;Purrsia
941;Deaktiviertekamera;54;Deaktiviertekamera;1.000000;48;Ezikanien
942;Tatshire;1071;Tatshire;1.000000;296;Tatsania
943;Lebril;1063;Lebril;1.000000;300;Lebril
944;Biskuitgorod;476;Biskuitgorod;1.000000;8;Cutelogne
945;Central Arkbus;1064;Central Arkbus;1.000000;299;Arkbus
946;Barkmonts;480;Barkmonts;1.000000;22;Northern Sobakiland
947;Katza;587;Katza;0.996774;19;Purrsia
948;Duuhr Sanctuary;55;Duuhr Sanctuary;1.000000;235;Duuhr Sea
949;Duuhr Sanctuary;55;Duuhr Sanctuary;1.000000;235;Duuhr Sea
950;Kaisershafen;653;Kaisershafen;1.000000;3;Meop
951;Kaisershafen;653;Kaisershafen;1.000000;3;Meop
952;Kaisershafen;653;Kaisershafen;1.000000;3;Meop
953;Exene;575;Exene;1.000000;121;Ooooex
954;Exene;575;Exene;1.000000;121;Ooooex
955;Tatshire;1071;Tatshire;1.000000;296;Tatsania
956;Tatshire;1071;Tatshire;1.000000;296;Tatsania
957;Central Arkbus;1064;Central Arkbus;1.000000;299;Arkbus
958;Central Arkbus;1064;Central Arkbus;1.000000;299;Arkbus
959;Central Arkbus;1064;Central Arkbus;1.000000;299;Arkbus
960;Central Arkbus;1064;Central Arkbus;1.000000;299;Arkbus
961;Central Arkbus;1064;Central Arkbus;1.000000;299;Arkbus
962;Meowsden;1429;Meowsden;0.870259;13;Punchiestadt
963;Meowsden;1429;Meowsden;0.588808;13;Punchiestadt
964;Punchiestadt;583;Punchiestadt;1.000000;13;Punchiestadt
965;Punchiestadt;583;Punchiestadt;1.000000;13;Punchiestadt
966;Inner Arkbus;61;Inner Arkbus;1.000000;299;Arkbus
967;Katnover;543;Katnover;0.585421;20;Neu-Kibbles
968;Katnover;543;Katnover;0.988539;20;Neu-Kibbles
969;Neu-Loris;585;Neu-Loris;1.000000;18;Frankfurr
970;Fort Keneexno;576;Fort Keneexno;1.000000;121;Ooooex
971;Fort Keneexno;576;Fort Keneexno;1.000000;121;Ooooex
972;Fort Keneexno;576;Fort Keneexno;1.000000;121;Ooooex
973;Nord-Purrgund;479;Nord-Purrgund;1.000000;11;Pouchkinn Plains
974;Raita;66;Raita;1.000000;13;Punchiestadt
975;Raita;66;Raita;1.000000;13;Punchiestadt
976;Raita;66;Raita;1.000000;13;Punchiestadt
977;Lebril;1063;Lebril;1.000000;300;Lebril
978;Lebril;1063;Lebril;1.000000;300;Lebril
979;Lebril;1063;Lebril;1.000000;300;Lebril
980;Fort Nxeen;572;Fort Nxeen;1.000000;122;Xoeken
981;Fort Nxeen;572;Fort Nxeen;1.000000;122;Xoeken
982;Grodnogrowl;629;Grodnogrowl;1.000000;8;Cutelogne
983;Grodnogrowl;629;Grodnogrowl;1.000000;8;Cutelogne
984;Grodnogrowl;629;Grodnogrowl;1.000000;8;Cutelogne
985;Grodnogrowl;629;Grodnogrowl;1.000000;8;Cutelogne
986;Brestbone;628;Brestbone;1.000000;7;Blasterian Canal
987;Perawgen;1414;Perawgen;1.000000;19;Purrsia
988;Perawgen;1414;Perawgen;1.000000;19;Purrsia
989;Ooooex;49;Ooooex;1.000000;121;Ooooex
990;Ooooex;49;Ooooex;1.000000;121;Ooooex
991;Mewssy;645;Mewssy;0.998249;20;Neu-Kibbles
992;Neu-Atar;1459;Neu-Atar;1.000000;18;Frankfurr
993;Nord-Ataril;649;Nord-Ataril;0.683897;18;Frankfurr
994;Barkdivostok;632;Barkdivostok;1.000000;8;Cutelogne
995;Barkdivostok;632;Barkdivostok;1.000000;8;Cutelogne
996;Mimia;65;Mimia;1.000000;13;Punchiestadt
997;Mimia;65;Mimia;1.000000;13;Punchiestadt
998;Mimia;65;Mimia;1.000000;13;Punchiestadt
999;Mimia;65;Mimia;1.000000;13;Punchiestadt
1000;Perawgen;1414;Perawgen;1.000000;19;Purrsia
1001;Perawgen;1414;Perawgen;1.000000;19;Purrsia
1002;Central Arkbus;1064;Central Arkbus;1.000000;299;Arkbus
1003;Southern Lebril;64;Southern Lebril;1.000000;300;Lebril
1004;Southern Lebril;64;Southern Lebril;1.000000;300;Lebril
1005;Southern Lebril;64;Southern Lebril;1.000000;300;Lebril
1006;Southern Lebril;64;Southern Lebril;1.000000;300;Lebril
1007;Southern Lebril;64;Southern Lebril;1.000000;300;Lebril
1008;Katzi;588;Katzi;1.000000;19;Purrsia
1009;Brestbone;628;Brestbone;1.000000;7;Blasterian Canal
1010;Brestbone;628;Brestbone;1.000000;7;Blasterian Canal
1011;Brestbone;628;Brestbone;1.000000;7;Blasterian Canal
1012;Brestbone;628;Brestbone;1.000000;7;Blasterian Canal
1013;Nord-Purrgund;479;Nord-Purrgund;1.000000;11;Pouchkinn Plains
1014;Fort Keneexno;576;Fort Keneexno;1.000000;121;Ooooex
1015;Coastal Arkbus;1062;Coastal Arkbus;1.000000;299;Arkbus
1016;Dredshire;63;Dredshire;1.000000;297;Dredshire
1017;Dredshire;63;Dredshire;1.000000;297;Dredshire
1018;Dredshire;63;Dredshire;1.000000;297;Dredshire
1019;Dredshire;63;Dredshire;1.000000;297;Dredshire
1020;Dredshire;63;Dredshire;1.000000;297;Dredshire
1021;Samaruff;634;Samaruff;1.000000;22;Northern Sobakiland
1022;Drugirafa;67;Drugirafa;1.000000;256;Mercurian Gulf
1023;Drugirafa;67;Drugirafa;1.000000;256;Mercurian Gulf
1024;Drugirafa;67;Drugirafa;1.000000;256;Mercurian Gulf
1025;Samaruff;634;Samaruff;1.000000;22;Northern Sobakiland
1026;Samaruff;634;Samaruff;1.000000;22;Northern Sobakiland
1027;Samaruff;634;Samaruff;1.000000;22;Northern Sobakiland
1028;Barkmonts;480;Barkmonts;1.000000;22;Northern Sobakiland
1029;Winston;481;Winston;1.000000;47;Winston
1030;Winston;481;Winston;1.000000;47;Winston
1031;Coastal Arkbus;1062;Coastal Arkbus;1.000000;299;Arkbus
1032;Coastal Arkbus;1062;Coastal Arkbus;1.000000;299;Arkbus
1033;Coastal Arkbus;1062;Coastal Arkbus;1.000000;299;Arkbus
1034;Coastal Arkbus;1062;Coastal Arkbus;1.000000;299;Arkbus
1035;Ooooex;49;Ooooex;1.000000;121;Ooooex
1036;Ooooex;49;Ooooex;0.958647;121;Ooooex
1037;Ooooex;49;Ooooex;1.000000;121;Ooooex
1038;Serpentine Point;991;Serpentine Point;1.000000;199;Northern Enotita
1039;Punchiestadt;583;Punchiestadt;1.000000;13;Punchiestadt
1040;Haselnuss;1552;Haselnuss;1.000000;13;Punchiestadt
1041;Haselnuss;1552;Haselnuss;0.988764;13;Punchiestadt
1042;Dascinder;74;Dascinder;1.000000;14;Clermeowth
1043;Dascinder;74;Dascinder;1.000000;14;Clermeowth
1044;Rivshire;1065;Rivshire;1.000000;297;Dredshire
1045;Rivshire;1065;Rivshire;1.000000;297;Dredshire
1046;Rivshire;1065;Rivshire;1.000000;297;Dredshire
1047;Coastal Arkbus;1062;Coastal Arkbus;1.000000;299;Arkbus
1048;Coastal Arkbus;1062;Coastal Arkbus;1.000000;299;Arkbus
1049;Dobrushund;639;Dobrushund;1.000000;22;Northern Sobakiland
1050;Dobrushund;639;Dobrushund;1.000000;22;Northern Sobakiland
1051;Dobrushund;639;Dobrushund;1.000000;22;Northern Sobakiland
1052;Serpentine Point;991;Serpentine Point;1.000000;199;Northern Enotita
1053;Rattlecoast;992;Rattlecoast;1.000000;199;Northern Enotita
1054;Rattlecoast;992;Rattlecoast;0.781768;199;Northern Enotita
1055;Constrictor Mountains;68;Constrictor Mountains;0.793991;199;Northern Enotita
1056;Rattlecoast;992;Rattlecoast;0.716049;199;Northern Enotita
1057;Hissity;989;Hissity;1.000000;199;Northern Enotita
1058;Hissity;989;Hissity;1.000000;199;Northern Enotita
1059;Hissity;989;Hissity;1.000000;199;Northern Enotita
1060;Neu-Atar;1459;Neu-Atar;0.957219;18;Frankfurr
1061;Nord-Ataril;649;Nord-Ataril;0.706949;18;Frankfurr
1062;Rivshire;1065;Rivshire;1.000000;297;Dredshire
1063;Central Arkbus;1064;Central Arkbus;1.000000;299;Arkbus
1064;Central Arkbus;1064;Central Arkbus;1.000000;299;Arkbus
1065;Dobrushund;639;Dobrushund;1.000000;22;Northern Sobakiland
1066;Mewssy;645;Mewssy;1.000000;20;Neu-Kibbles
1067;Colmar;1415;Colmar;0.995249;20;Neu-Kibbles
1068;Colmar;1415;Colmar;1.000000;20;Neu-Kibbles
1069;Winston;481;Winston;0.998288;47;Winston
1070;Raita;66;Raita;1.000000;13;Punchiestadt
1071;Ataril;475;Ataril;0.564334;18;Frankfurr
1072;Ataril;475;Ataril;0.652174;18;Frankfurr
1073;Ataril;475;Ataril;1.000000;18;Frankfurr
1074;Lebril;1063;Lebril;1.000000;300;Lebril
1075;Catsden;580;Catsden;1.000000;13;Punchiestadt
1076;Catsden;580;Catsden;1.000000;13;Punchiestadt
1077;Catsden;580;Catsden;1.000000;13;Punchiestadt
1078;Catsden;580;Catsden;1.000000;13;Punchiestadt
1079;Lebril;1063;Lebril;1.000000;300;Lebril
1080;Lebril;1063;Lebril;1.000000;300;Lebril
1081;Lebril;1063;Lebril;1.000000;300;Lebril
1082;Lebril;1063;Lebril;1.000000;300;Lebril
1083;Drugirafa;67;Drugirafa;1.000000;256;Mercurian Gulf
1084;Melcey;538;Melcey;1.000000;25;Tailsbaden
1085;Stefanstadt;537;Stefanstadt;1.000000;25;Tailsbaden
1086;Stefanstadt;537;Stefanstadt;1.000000;25;Tailsbaden
1087;Stefanstadt;537;Stefanstadt;1.000000;25;Tailsbaden
1088;Stefanstadt;537;Stefanstadt;1.000000;25;Tailsbaden
1089;Süd-Purrgund;1456;Süd-Purrgund;1.000000;25;Tailsbaden
1090;Hissity;989;Hissity;0.813869;199;Northern Enotita
1091;Hissity;989;Hissity;0.877660;199;Northern Enotita
1092;Süd-Purrgund;1456;Süd-Purrgund;1.000000;25;Tailsbaden
1093;Süd-Purrgund;1456;Süd-Purrgund;1.000000;25;Tailsbaden
1094;Clawlingen;69;Clawlingen;0.850356;25;Tailsbaden
1095;Clawlingen;69;Clawlingen;1.000000;25;Tailsbaden
1096;Coastal Arkbus;1062;Coastal Arkbus;1.000000;299;Arkbus
1097;Grodnogrowl;629;Grodnogrowl;1.000000;8;Cutelogne
1098;Katnover;543;Katnover;1.000000;20;Neu-Kibbles
1099;Dredshire;63;Dredshire;1.000000;297;Dredshire
1100;Dredshire;63;Dredshire;1.000000;297;Dredshire
1101;Dredshire;63;Dredshire;1.000000;297;Dredshire
1102;Katzi;588;Katzi;1.000000;19;Purrsia
1103;Katzi;588;Katzi;1.000000;19;Purrsia
1104;Melcey;538;Melcey;0.845440;25;Tailsbaden
1105;Mimithen;1455;Mimithen;1.000000;25;Tailsbaden
1106;Southern Lebril;64;Southern Lebril;1.000000;300;Lebril
1107;Herzkat;650;Herzkat;1.000000;20;Neu-Kibbles
1108;Herzkat;650;Herzkat;1.000000;20;Neu-Kibbles
1109;Ost-Winston;70;Ost-Winston;1.000000;47;Winston
1110;Ost-Winston;70;Ost-Winston;1.000000;47;Winston
1111;Ost-Winston;70;Ost-Winston;1.000000;47;Winston
1112;Ost-Winston;70;Ost-Winston;1.000000;47;Winston
1113;Dredshire;63;Dredshire;1.000000;297;Dredshire
1114;Coastal Arkbus;1062;Coastal Arkbus;1.000000;299;Arkbus
1115;Barkzyr;635;Barkzyr;1.000000;23;Ostkreuz
1116;Barkzyr;635;Barkzyr;1.000000;23;Ostkreuz
1117;Barkzyr;635;Barkzyr;1.000000;23;Ostkreuz
1118;Barkzyr;635;Barkzyr;1.000000;23;Ostkreuz
1119;Rivshire;1065;Rivshire;1.000000;297;Dredshire
1120;Kibblebaden;542;Kibblebaden;1.000000;20;Neu-Kibbles
1121;East Hissity;1315;East Hissity;1.000000;301;Southern Enotita
1122;East Hissity;1315;East Hissity;1.000000;301;Southern Enotita
1123;East Hissity;1315;East Hissity;1.000000;301;Southern Enotita
1124;East Hissity;1315;East Hissity;1.000000;301;Southern Enotita
1125;Coastal Arkbus;1062;Coastal Arkbus;1.000000;299;Arkbus
1126;Coastal Arkbus;1062;Coastal Arkbus;1.000000;299;Arkbus
1127;Coastal Arkbus;1062;Coastal Arkbus;1.000000;299;Arkbus
1128;Dredshire;63;Dredshire;1.000000;297;Dredshire
1129;Vey;1059;Vey;1.000000;300;Lebril
1130;Bergshire;1061;Bergshire;1.000000;298;Ejac
1131;Bergshire;1061;Bergshire;1.000000;298;Ejac
1132;Bergshire;1061;Bergshire;1.000000;298;Ejac
1133;Bergshire;1061;Bergshire;1.000000;298;Ejac
1134;Infernum's Castle;73;Infernum's Castle;1.000000;235;Duuhr Sea
1135;Infernum's Castle;73;Infernum's Castle;1.000000;235;Duuhr Sea
1136;Gomelhound;640;Gomelhound;1.000000;22;Northern Sobakiland
1137;Gomelhound;640;Gomelhound;1.000000;22;Northern Sobakiland
1138;Gomelhound;640;Gomelhound;1.000000;22;Northern Sobakiland
1139;Gomelhound;640;Gomelhound;1.000000;22;Northern Sobakiland
1140;Far West Flerk;1246;Far West Flerk;1.000000;342;Nordenland
1141;Far West Flerk;1246;Far West Flerk;1.000000;342;Nordenland
1142;Far West Flerk;1246;Far West Flerk;1.000000;342;Nordenland
1143;Far West Flerk;1246;Far West Flerk;1.000000;342;Nordenland
1144;Far West Flerk;1246;Far West Flerk;1.000000;342;Nordenland
1145;Far West Flerk;1246;Far West Flerk;1.000000;342;Nordenland
1146;Süd-Purrgund;1456;Süd-Purrgund;1.000000;25;Tailsbaden
1147;Herzkat;650;Herzkat;1.000000;20;Neu-Kibbles
1148;Herzkat;650;Herzkat;1.000000;20;Neu-Kibbles
1149;South Fodaria 14;1513;South Fodaria 14;1.000000;342;Nordenland
1150;Westen-Tigar;582;Westen-Tigar;1.000000;14;Clermeowth
1151;Westen-Tigar;582;Westen-Tigar;1.000000;14;Clermeowth
1152;Westen-Tigar;582;Westen-Tigar;1.000000;14;Clermeowth
1153;Kibblebaden;542;Kibblebaden;1.000000;20;Neu-Kibbles
1154;Kibblebaden;542;Kibblebaden;1.000000;20;Neu-Kibbles
1155;Kibblebaden;542;Kibblebaden;1.000000;20;Neu-Kibbles
1156;Kibblebaden;542;Kibblebaden;0.638404;20;Neu-Kibbles
1157;Vey;1059;Vey;1.000000;300;Lebril
1158;Colmar;1415;Colmar;1.000000;20;Neu-Kibbles
1159;Far West Flerk;1246;Far West Flerk;1.000000;342;Nordenland
1160;Far West Flerk;1246;Far West Flerk;1.000000;342;Nordenland
1161;Far West Flerk;1246;Far West Flerk;1.000000;342;Nordenland
1162;Near South Flerk;1245;Near South Flerk;1.000000;344;Midflusionea3
1163;Near South Flerk;1245;Near South Flerk;0.928709;344;Midflusionea3
1164;Near South Flerk;1245;Near South Flerk;1.000000;344;Midflusionea3
1165;Near South Flerk;1245;Near South Flerk;1.000000;344;Midflusionea3
1166;Near South Flerk;1245;Near South Flerk;1.000000;344;Midflusionea3
1167;Mimithen;1455;Mimithen;1.000000;25;Tailsbaden
1168;Mimithen;1455;Mimithen;1.000000;25;Tailsbaden
1169;Copper Ridges;993;Copper Ridges;1.000000;199;Northern Enotita
1170;East Hissity;1315;East Hissity;1.000000;301;Southern Enotita
1171;Vey;1059;Vey;1.000000;300;Lebril
1172;Vey;1059;Vey;1.000000;300;Lebril
1173;Vey;1059;Vey;1.000000;300;Lebril
1174;Vey;1059;Vey;1.000000;300;Lebril
1175;Clermeowth;1447;Clermeowth;1.000000;14;Clermeowth
1176;Clermeowth;1447;Clermeowth;1.000000;14;Clermeowth
1177;Mewbiere;584;Mewbiere;0.755282;14;Clermeowth
1178;Mewbiere;584;Mewbiere;1.000000;14;Clermeowth
1179;Mewbiere;584;Mewbiere;1.000000;14;Clermeowth
1180;Mousing;1457;Mousing;1.000000;25;Tailsbaden
1181;Ejac;1060;Ejac;1.000000;298;Ejac
1182;Ejac;1060;Ejac;1.000000;298;Ejac
1183;Ejac;1060;Ejac;1.000000;298;Ejac
1184;Ejac;1060;Ejac;1.000000;298;Ejac
1185;Far West Flerk;1246;Far West Flerk;1.000000;342;Nordenland
1186;Vey;1059;Vey;1.000000;300;Lebril
1187;Vey;1059;Vey;1.000000;300;Lebril
1188;Vey;1059;Vey;1.000000;300;Lebril
1189;Ost-Winston;70;Ost-Winston;0.992701;47;Winston
1190;South Flerk;1252;South Flerk;1.000000;344;Midflusionea3
1191;South Flerk;1252;South Flerk;1.000000;344;Midflusionea3
1192;South Flerk;1252;South Flerk;0.846715;344;Midflusionea3
1193;South Flerk;1252;South Flerk;1.000000;344;Midflusionea3
1194;Dredshire;63;Dredshire;1.000000;297;Dredshire
1195;Ejac;1060;Ejac;1.000000;298;Ejac
1196;Ejac;1060;Ejac;1.000000;298;Ejac
1197;Westen-Tigar;582;Westen-Tigar;1.000000;14;Clermeowth
1198;South Fodaria 14;1513;South Fodaria 14;1.000000;342;Nordenland
1199;South Fodaria 14;1513;South Fodaria 14;1.000000;342;Nordenland
1200;Bergshire;1061;Bergshire;1.000000;298;Ejac
1201;Bergshire;1061;Bergshire;1.000000;298;Ejac
1202;Southern Lebril;64;Southern Lebril;1.000000;300;Lebril
1203;Southern Lebril;64;Southern Lebril;1.000000;300;Lebril
1204;Blasterburg;638;Blasterburg;1.000000;22;Northern Sobakiland
1205;Blasterburg;638;Blasterburg;1.000000;22;Northern Sobakiland
1206;Blasterburg;638;Blasterburg;1.000000;22;Northern Sobakiland
1207;Blasterburg;638;Blasterburg;1.000000;22;Northern Sobakiland
1208;Slithervich;990;Slithervich;1.000000;199;Northern Enotita
1209;Slithervich;990;Slithervich;1.000000;199;Northern Enotita
1210;North Slithervich;1312;North Slithervich;1.000000;301;Southern Enotita
1211;North Slithervich;1312;North Slithervich;0.809140;301;Southern Enotita
1212;North Slithervich;1312;North Slithervich;1.000000;301;Southern Enotita
1213;North Slithervich;1312;North Slithervich;0.964981;301;Southern Enotita
1214;Blasterburg;638;Blasterburg;1.000000;22;Northern Sobakiland
1215;Gomelhound;640;Gomelhound;1.000000;22;Northern Sobakiland
1216;Treciakraina;80;Treciakraina;1.000000;235;Duuhr Sea
1217;Treciakraina;80;Treciakraina;1.000000;235;Duuhr Sea
1218;Mousing;1457;Mousing;1.000000;25;Tailsbaden
1219;Mousing;1457;Mousing;1.000000;25;Tailsbaden
1220;Herzkat;650;Herzkat;1.000000;20;Neu-Kibbles
1221;Coastal Arkbus;1062;Coastal Arkbus;1.000000;299;Arkbus
1222;Coastal Arkbus;1062;Coastal Arkbus;1.000000;299;Arkbus
1223;Coastal Arkbus;1062;Coastal Arkbus;1.000000;299;Arkbus
1224;Dascinder;74;Dascinder;1.000000;14;Clermeowth
1225;Ostikar;1454;Ostikar;1.000000;25;Tailsbaden
1226;Ostikar;1454;Ostikar;0.994475;25;Tailsbaden
1227;North Tatshire;1238;North Tatshire;1.000000;343;Midflusionea2
1228;North Tatshire;1238;North Tatshire;1.000000;343;Midflusionea2
1229;North Tatshire;1238;North Tatshire;1.000000;343;Midflusionea2
1230;Ost-Winston;70;Ost-Winston;1.000000;47;Winston
1231;Neu-Kibbles;1502;Neu-Kibbles;1.000000;20;Neu-Kibbles
1232;Neu-Kibbles;1502;Neu-Kibbles;0.965201;20;Neu-Kibbles
1233;Narnburg;544;Narnburg;1.000000;20;Neu-Kibbles
1234;Narnburg;544;Narnburg;0.623786;20;Neu-Kibbles
1235;Narnburg;544;Narnburg;1.000000;20;Neu-Kibbles
1236;Slithervich;990;Slithervich;1.000000;199;Northern Enotita
1237;Kronkhanghelsk;1035;Kronkhanghelsk;1.000000;301;Southern Enotita
1238;Kronkhanghelsk;1035;Kronkhanghelsk;1.000000;301;Southern Enotita
1239;Bergshire;1061;Bergshire;1.000000;298;Ejac
1240;Carbarktsonnitz;642;Carbarktsonnitz;1.000000;23;Ostkreuz
1241;Carbarktsonnitz;642;Carbarktsonnitz;1.000000;23;Ostkreuz
1242;Carbarktsonnitz;642;Carbarktsonnitz;1.000000;23;Ostkreuz
1243;Carbarktsonnitz;642;Carbarktsonnitz;1.000000;23;Ostkreuz
1244;Copper Ridges;993;Copper Ridges;1.000000;199;Northern Enotita
1245;Vey;1059;Vey;1.000000;300;Lebril
1246;Vey;1059;Vey;1.000000;300;Lebril
1247;Vey;1059;Vey;1.000000;300;Lebril
1248;Magnetischergeschwollen;565;Magnetischergeschwollen;0.985849;47;Winston
1249;Magnetischergeschwollen;565;Magnetischergeschwollen;1.000000;47;Winston
1250;Magnetischergeschwollen;565;Magnetischergeschwollen;1.000000;47;Winston
1251;Bergshire;1061;Bergshire;1.000000;298;Ejac
1252;Gomelhound;640;Gomelhound;1.000000;22;Northern Sobakiland
1253;North Copper Ridges;1317;North Copper Ridges;1.000000;301;Southern Enotita
1254;Mousing;1457;Mousing;1.000000;25;Tailsbaden
1255;Southern Lebril;64;Southern Lebril;1.000000;300;Lebril
1256;Karnon;1450;Karnon;1.000000;20;Neu-Kibbles
1257;Karnon;1450;Karnon;1.000000;20;Neu-Kibbles
1258;Ejac;1060;Ejac;1.000000;298;Ejac
1259;South Flerk;1252;South Flerk;0.993220;344;Midflusionea3
1260;South Flerk;1252;South Flerk;1.000000;344;Midflusionea3
1261;Clermeowth;1447;Clermeowth;1.000000;14;Clermeowth
1262;North Fodaria 13;1512;North Fodaria 13;1.000000;342;Nordenland
1263;North Fodaria 13;1512;North Fodaria 13;1.000000;342;Nordenland
1264;Narnburg;544;Narnburg;0.566667;20;Neu-Kibbles
1265;Near South Flerk;1245;Near South Flerk;0.882353;344;Midflusionea3
1266;Near South Flerk;1245;Near South Flerk;0.997481;344;Midflusionea3
1267;North Fleatherwing;1308;North Fleatherwing;1.000000;142;Fleäderreich
1268;North Fleatherwing;1308;North Fleatherwing;1.000000;142;Fleäderreich
1269;North Fleatherwing;1308;North Fleatherwing;1.000000;142;Fleäderreich
1270;Ostikar;1454;Ostikar;1.000000;25;Tailsbaden
1271;South Ezikyinjatz;1318;South Ezikyinjatz;1.000000;301;Southern Enotita
1272;Dogno;636;Dogno;1.000000;23;Ostkreuz
1273;Dogno;636;Dogno;1.000000;23;Ostkreuz
1274;Dogno;636;Dogno;1.000000;23;Ostkreuz
1275;Dogno;636;Dogno;1.000000;23;Ostkreuz
1276;Clawsoule;79;Clawsoule;1.000000;20;Neu-Kibbles
1277;Clawsoule;79;Clawsoule;1.000000;20;Neu-Kibbles
1278;Bergshire;1061;Bergshire;1.000000;298;Ejac
1279;Kibblebaden;542;Kibblebaden;1.000000;20;Neu-Kibbles
1280;North Slithervich;1312;North Slithervich;0.994555;301;Southern Enotita
1281;Dogno;636;Dogno;1.000000;23;Ostkreuz
1282;Dogno;636;Dogno;1.000000;23;Ostkreuz
1283;Near West Flerk;75;Near West Flerk;0.994854;344;Midflusionea3
1284;Mewselle;535;Mewselle;1.000000;25;Tailsbaden
1285;Karnon;1450;Karnon;0.684706;20;Neu-Kibbles
1286;Clawsoule;79;Clawsoule;1.000000;20;Neu-Kibbles
1287;Near South Flerk;1245;Near South Flerk;1.000000;344;Midflusionea3
1288;Blasterburg;638;Blasterburg;1.000000;22;Northern Sobakiland
1289;Tigar;78;Tigar;1.000000;25;Tailsbaden
1290;Kibble Island;83;Kibble Island;1.000000;147;Highest Sea
1291;Kiat;581;Kiat;1.000000;14;Clermeowth
1292;Kiat;581;Kiat;1.000000;14;Clermeowth
1293;East Crabby Shores;1251;East Crabby Shores;1.000000;342;Nordenland
1294;East Crabby Shores;1251;East Crabby Shores;1.000000;342;Nordenland
1295;Kronkhanghelsk;1035;Kronkhanghelsk;1.000000;301;Southern Enotita
1296;Kronkhanghelsk;1035;Kronkhanghelsk;1.000000;301;Southern Enotita
1297;Kronkhanghelsk;1035;Kronkhanghelsk;1.000000;301;Southern Enotita
1298;Far West Flerk;1246;Far West Flerk;1.000000;342;Nordenland
1299;East Crabby Shores;1251;East Crabby Shores;1.000000;342;Nordenland
1300;East Crabby Shores;1251;East Crabby Shores;1.000000;342;Nordenland
1301;East Crabby Shores;1251;East Crabby Shores;1.000000;342;Nordenland
1302;East Crabby Shores;1251;East Crabby Shores;1.000000;342;Nordenland
1303;Kiat;581;Kiat;1.000000;14;Clermeowth
1304;Mewselle;535;Mewselle;1.000000;25;Tailsbaden
1305;Mewselle;535;Mewselle;1.000000;25;Tailsbaden
1306;Near West Flerk;75;Near West Flerk;1.000000;344;Midflusionea3
1307;Near West Flerk;75;Near West Flerk;0.923077;344;Midflusionea3
1308;Near West Flerk;75;Near West Flerk;1.000000;344;Midflusionea3
1309;Near West Flerk;75;Near West Flerk;0.981168;344;Midflusionea3
1310;Western Ejac;72;Western Ejac;1.000000;298;Ejac
1311;Western Ejac;72;Western Ejac;1.000000;298;Ejac
1312;Western Ejac;72;Western Ejac;1.000000;298;Ejac
1313;Clawlingen;69;Clawlingen;0.991597;25;Tailsbaden
1314;Clawlingen;69;Clawlingen;1.000000;25;Tailsbaden
1315;South Ezikyinjatz;1318;South Ezikyinjatz;1.000000;301;Southern Enotita
1316;South Ezikyinjatz;1318;South Ezikyinjatz;0.869565;301;Southern Enotita
1317;South Ezikyinjatz;1318;South Ezikyinjatz;1.000000;301;Southern Enotita
1318;South Ezikyinjatz;1318;South Ezikyinjatz;1.000000;301;Southern Enotita
1319;Far West Flerk;1246;Far West Flerk;1.000000;342;Nordenland
1320;Flerk;77;Flerk;0.889734;344;Midflusionea3
1321;Flerk;77;Flerk;0.997101;344;Midflusionea3
1322;Flerk;77;Flerk;0.848866;344;Midflusionea3
1323;Flerk;77;Flerk;0.992410;344;Midflusionea3
1324;Flerk;77;Flerk;1.000000;344;Midflusionea3
1325;North Tatshire;1238;North Tatshire;1.000000;343;Midflusionea2
1326;North Tatshire;1238;North Tatshire;1.000000;343;Midflusionea2
1327;North Tatshire;1238;North Tatshire;1.000000;343;Midflusionea2
1328;North Tatshire;1238;North Tatshire;1.000000;343;Midflusionea2
1329;North Tatshire;1238;North Tatshire;1.000000;343;Midflusionea2
1330;North Tatshire;1238;North Tatshire;1.000000;343;Midflusionea2
1331;Vey;1059;Vey;1.000000;300;Lebril
1332;Ejac;1060;Ejac;1.000000;298;Ejac
1333;Ejac;1060;Ejac;1.000000;298;Ejac
1334;Ejac;1060;Ejac;1.000000;298;Ejac
1335;Ejac;1060;Ejac;1.000000;298;Ejac
1336;Tigar;78;Tigar;1.000000;25;Tailsbaden
1337;Carbarktsonnitz;642;Carbarktsonnitz;1.000000;23;Ostkreuz
1338;Ezikat;564;Ezikat;1.000000;47;Winston
1339;Ezikat;564;Ezikat;0.644068;47;Winston
1340;Altenkat;95;Altenkat;1.000000;46;Felinda
1341;Parat;643;Parat;1.000000;23;Ostkreuz
1342;Flerk;77;Flerk;1.000000;344;Midflusionea3
1343;Flerk;77;Flerk;1.000000;344;Midflusionea3
1344;North Fodaria 13;1512;North Fodaria 13;1.000000;342;Nordenland
1345;North Fodaria 13;1512;North Fodaria 13;1.000000;342;Nordenland
1346;Esmestadt;644;Esmestadt;0.788095;23;Ostkreuz
1347;Meorseilles;85;Meorseilles;1.000000;23;Ostkreuz
1348;Kiat;581;Kiat;1.000000;14;Clermeowth
1349;Daskander;1452;Daskander;1.000000;25;Tailsbaden
1350;Los Kibbles;87;Los Kibbles;0.672000;27;Los Kibbles
1351;Kibblekatz;1444;Kibblekatz;1.000000;27;Los Kibbles
1352;Los Kibbles;87;Los Kibbles;0.961616;27;Los Kibbles
1353;Kibblekatz;1444;Kibblekatz;1.000000;27;Los Kibbles
1354;Sankt Mikhailsburg;482;Sankt Mikhailsburg;1.000000;22;Northern Sobakiland
1355;Sankt Mikhailsburg;482;Sankt Mikhailsburg;1.000000;22;Northern Sobakiland
1356;Sankt Mikhailsburg;482;Sankt Mikhailsburg;1.000000;22;Northern Sobakiland
1357;Sankt Mikhailsburg;482;Sankt Mikhailsburg;1.000000;22;Northern Sobakiland
1358;Gligglepaw;88;Gligglepaw;1.000000;123;Ezikatzen Sea
1359;Gligglepaw;88;Gligglepaw;1.000000;123;Ezikatzen Sea
1360;Tigar;78;Tigar;1.000000;25;Tailsbaden
1361;Tigar;78;Tigar;1.000000;25;Tailsbaden
1362;Western Ejac;72;Western Ejac;1.000000;298;Ejac
1363;Quiveria;86;Quiveria;1.000000;298;Ejac
1364;Quiveria;86;Quiveria;1.000000;298;Ejac
1365;Quiveria;86;Quiveria;1.000000;298;Ejac
1366;Quiveria;86;Quiveria;1.000000;298;Ejac
1367;Tailsbaden;84;Tailsbaden;1.000000;26;Northern Katzen Mountains
1368;Parat;643;Parat;1.000000;23;Ostkreuz
1369;Parat;643;Parat;1.000000;23;Ostkreuz
1370;Elowia;90;Elowia;1.000000;15;Elowia
1371;Elowia;90;Elowia;1.000000;15;Elowia
1372;Elowia;90;Elowia;1.000000;15;Elowia
1373;Elowia;90;Elowia;1.000000;15;Elowia
1374;Elowia;90;Elowia;1.000000;15;Elowia
1375;Kittensdorf;540;Kittensdorf;1.000000;26;Northern Katzen Mountains
1376;Kittensdorf;540;Kittensdorf;1.000000;26;Northern Katzen Mountains
1377;Binettestadt;578;Binettestadt;0.785855;15;Elowia
1378;Binettestadt;578;Binettestadt;1.000000;15;Elowia
1379;Tanba;483;Tanba;1.000000;23;Ostkreuz
1380;Tanba;483;Tanba;1.000000;23;Ostkreuz
1381;Tanba;483;Tanba;1.000000;23;Ostkreuz
1382;Tanba;483;Tanba;1.000000;23;Ostkreuz
1383;Tanba;483;Tanba;1.000000;23;Ostkreuz
1384;Daskander;1452;Daskander;0.974937;25;Tailsbaden
1385;Daskander;1452;Daskander;1.000000;25;Tailsbaden
1386;Quiveria;86;Quiveria;1.000000;298;Ejac
1387;Quiveria;86;Quiveria;1.000000;298;Ejac
1388;North Fleatherwing;1308;North Fleatherwing;1.000000;142;Fleäderreich
1389;Parat;643;Parat;1.000000;23;Ostkreuz
1390;Katzbrucken;536;Katzbrucken;1.000000;26;Northern Katzen Mountains
1391;Katzbrucken;536;Katzbrucken;1.000000;26;Northern Katzen Mountains
1392;Ezikyinjatz;1036;Ezikyinjatz;1.000000;301;Southern Enotita
1393;South Crabby Shores;1037;South Crabby Shores;1.000000;342;Nordenland
1394;Binettestadt;578;Binettestadt;1.000000;15;Elowia
1395;North Fleatherclaw;91;North Fleatherclaw;1.000000;142;Fleäderreich
1396;Stronberg;651;Stronberg;1.000000;26;Northern Katzen Mountains
1397;Stronberg;651;Stronberg;1.000000;26;Northern Katzen Mountains
1398;South Crabby Shores;1037;South Crabby Shores;1.000000;342;Nordenland
1399;South Crabby Shores;1037;South Crabby Shores;1.000000;342;Nordenland
1400;Flerk;77;Flerk;1.000000;344;Midflusionea3
1401;West Western Ejac;53;West Western Ejac;1.000000;341;Neuvoria
1402;Stronberg;651;Stronberg;1.000000;26;Northern Katzen Mountains
1403;Stronberg;651;Stronberg;1.000000;26;Northern Katzen Mountains
1404;West Western Ejac;53;West Western Ejac;0.865672;341;Neuvoria
1405;West Western Ejac;53;West Western Ejac;1.000000;341;Neuvoria
1406;West Western Ejac;53;West Western Ejac;1.000000;341;Neuvoria
1407;West Western Ejac;53;West Western Ejac;1.000000;341;Neuvoria
1408;West Western Ejac;53;West Western Ejac;1.000000;341;Neuvoria
1409;Ezikyinjatz;1036;Ezikyinjatz;1.000000;301;Southern Enotita
1410;Ezikyinjatz;1036;Ezikyinjatz;1.000000;301;Southern Enotita
1411;Ezikyinjatz;1036;Ezikyinjatz;1.000000;301;Southern Enotita
1412;Ezikyinjatz;1036;Ezikyinjatz;1.000000;301;Southern Enotita
1413;Crabby Shores;76;Crabby Shores;1.000000;302;Crabby Shores
1414;Crabby Shores;76;Crabby Shores;1.000000;302;Crabby Shores
1415;Konnon;579;Konnon;1.000000;15;Elowia
1416;Altenkat;95;Altenkat;0.648352;46;Felinda
1417;South Central Ezicania;1244;South Central Ezicania;1.000000;343;Midflusionea2
1418;South Central Ezicania;1244;South Central Ezicania;1.000000;343;Midflusionea2
1419;Mount Fleather;82;Mount Fleather;1.000000;142;Fleäderreich
1420;Mount Fleather;82;Mount Fleather;1.000000;142;Fleäderreich
1421;Mogiluff;637;Mogiluff;1.000000;23;Ostkreuz
1422;Mogiluff;637;Mogiluff;1.000000;23;Ostkreuz
1423;Konnon;579;Konnon;1.000000;15;Elowia
1424;Mogiluff;637;Mogiluff;1.000000;23;Ostkreuz
1425;Mogiluff;637;Mogiluff;1.000000;23;Ostkreuz
1426;Mogiluff;637;Mogiluff;1.000000;23;Ostkreuz
1427;Western Ejac;72;Western Ejac;1.000000;298;Ejac
1428;Western Ejac;72;Western Ejac;1.000000;298;Ejac
1429;Western Ejac;72;Western Ejac;1.000000;298;Ejac
1430;Katzbrucken;536;Katzbrucken;1.000000;26;Northern Katzen Mountains
1431;Katzbrucken;536;Katzbrucken;1.000000;26;Northern Katzen Mountains
1432;Tailsbaden;84;Tailsbaden;1.000000;26;Northern Katzen Mountains
1433;South Crabby Shores;1037;South Crabby Shores;1.000000;342;Nordenland
1434;Near West Flerk;75;Near West Flerk;1.000000;344;Midflusionea3
1435;Kufa;1536;Kufa;1.000000;301;Southern Enotita
1436;Crabby Shores;76;Crabby Shores;1.000000;302;Crabby Shores
1437;Crabby Shores;76;Crabby Shores;1.000000;302;Crabby Shores
1438;Crabby Shores;76;Crabby Shores;1.000000;302;Crabby Shores
1439;Mount Fleather;82;Mount Fleather;1.000000;142;Fleäderreich
1440;Mount Fleather;82;Mount Fleather;1.000000;142;Fleäderreich
1441;Mount Fleather;82;Mount Fleather;1.000000;142;Fleäderreich
1442;Kibblekatz;1444;Kibblekatz;1.000000;27;Los Kibbles
1443;Pawrdeaux;577;Pawrdeaux;1.000000;15;Elowia
1444;Pawrdeaux;577;Pawrdeaux;1.000000;15;Elowia
1445;Pawrdeaux;577;Pawrdeaux;0.597403;15;Elowia
1446;Wina;283;Wina;1.000000;15;Elowia
1447;Wina;283;Wina;0.997506;15;Elowia
1448;Near North Flerk;81;Near North Flerk;1.000000;343;Midflusionea2
1449;Sankt Mikhailsburg;482;Sankt Mikhailsburg;1.000000;22;Northern Sobakiland
1450;Kittensdorf;540;Kittensdorf;1.000000;26;Northern Katzen Mountains
1451;Binettestadt;578;Binettestadt;1.000000;15;Elowia
1452;Binettestadt;578;Binettestadt;1.000000;15;Elowia
1453;Kufa;1536;Kufa;1.000000;301;Southern Enotita
1454;Kufa;1536;Kufa;1.000000;301;Southern Enotita
1455;Kufa;1536;Kufa;1.000000;301;Southern Enotita
1456;Western Ejac;72;Western Ejac;1.000000;298;Ejac
1457;Western Ejac;72;Western Ejac;1.000000;298;Ejac
1458;Kittensdorf;540;Kittensdorf;1.000000;26;Northern Katzen Mountains
1459;Kittensdorf;540;Kittensdorf;1.000000;26;Northern Katzen Mountains
1460;West Flerk;1225;West Flerk;1.000000;345;Midflusionea4
1461;West Flerk;1225;West Flerk;1.000000;345;Midflusionea4
1462;West Flerk;1225;West Flerk;0.990521;345;Midflusionea4
1463;West Flerk;1225;West Flerk;0.990676;345;Midflusionea4
1464;West Flerk;1225;West Flerk;1.000000;345;Midflusionea4
1465;Near North Flerk;81;Near North Flerk;0.997680;343;Midflusionea2
1466;Near North Flerk;81;Near North Flerk;0.840206;343;Midflusionea2
1467;Taikara;1453;Taikara;1.000000;26;Northern Katzen Mountains
1468;East Central Ezicania;1243;East Central Ezicania;0.994949;341;Neuvoria
1469;Stronberg;651;Stronberg;1.000000;26;Northern Katzen Mountains
1470;Kronkishes Enonita;71;Kronkishes Enonita;1.000000;301;Southern Enotita
1471;Kronkishes Enonita;71;Kronkishes Enonita;1.000000;301;Southern Enotita
1472;Kibbleshores;560;Kibbleshores;1.000000;27;Los Kibbles
1473;Kibbleshores;560;Kibbleshores;1.000000;27;Los Kibbles
1474;Kibbleshores;560;Kibbleshores;1.000000;27;Los Kibbles
1475;South Yinjatzbereich;1216;South Yinjatzbereich;1.000000;342;Nordenland
1476;South Yinjatzbereich;1216;South Yinjatzbereich;1.000000;342;Nordenland
1477;South Yinjatzbereich;1216;South Yinjatzbereich;1.000000;342;Nordenland
1478;South Yinjatzbereich;1216;South Yinjatzbereich;1.000000;342;Nordenland
1479;South Central Ezicania;1244;South Central Ezicania;1.000000;343;Midflusionea2
1480;South Central Ezicania;1244;South Central Ezicania;1.000000;343;Midflusionea2
1481;Quiveria;86;Quiveria;1.000000;298;Ejac
1482;Quiveria;86;Quiveria;1.000000;298;Ejac
1483;Quiveria;86;Quiveria;1.000000;298;Ejac
1484;Quiveria;86;Quiveria;1.000000;298;Ejac
1485;Meopastadt;1451;Meopastadt;0.745921;17;Meopinstaat
1486;Meopastadt;1451;Meopastadt;1.000000;17;Meopinstaat
1487;North Flerk;1254;North Flerk;1.000000;345;Midflusionea4
1488;South Fleatherwing;1307;South Fleatherwing;1.000000;142;Fleäderreich
1489;South Fleatherwing;1307;South Fleatherwing;1.000000;142;Fleäderreich
1490;South Fleatherwing;1307;South Fleatherwing;1.000000;142;Fleäderreich
1491;Luzienskatz;1510;Luzienskatz;1.000000;302;Crabby Shores
1492;Krorilsk;93;Krorilsk;1.000000;302;Crabby Shores
1493;Konnon;579;Konnon;1.000000;15;Elowia
1494;Krorilsk;93;Krorilsk;1.000000;302;Crabby Shores
1495;Krorilsk;93;Krorilsk;1.000000;302;Crabby Shores
1496;Kibbleshores;560;Kibbleshores;1.000000;27;Los Kibbles
1497;Far West Fodaria 5;1534;Far West Fodaria 5;1.000000;302;Crabby Shores
1498;Far West Fodaria 5;1534;Far West Fodaria 5;1.000000;302;Crabby Shores
1499;Far West Fodaria 5;1534;Far West Fodaria 5;1.000000;302;Crabby Shores
1500;Far West Fodaria 5;1534;Far West Fodaria 5;1.000000;302;Crabby Shores
1501;Luzienskatz;1510;Luzienskatz;1.000000;302;Crabby Shores
1502;Luzienskatz;1510;Luzienskatz;1.000000;302;Crabby Shores
1503;Luzienskatz;1510;Luzienskatz;1.000000;302;Crabby Shores
1504;Luzienskatz;1510;Luzienskatz;1.000000;302;Crabby Shores
1505;South Yinjatzbereich;1216;South Yinjatzbereich;1.000000;342;Nordenland
1506;East Central Ezicania;1243;East Central Ezicania;1.000000;341;Neuvoria
1507;East Central Ezicania;1243;East Central Ezicania;1.000000;341;Neuvoria
1508;East Central Ezicania;1243;East Central Ezicania;1.000000;341;Neuvoria
1509;West Temperia 1;1515;West Temperia 1;1.000000;301;Southern Enotita
1510;West Temperia 1;1515;West Temperia 1;1.000000;301;Southern Enotita
1511;West Temperia 1;1515;West Temperia 1;1.000000;301;Southern Enotita
1512;Altenkat;95;Altenkat;1.000000;46;Felinda
1513;East Central Ezicania;1243;East Central Ezicania;1.000000;341;Neuvoria
1514;Quiveria;86;Quiveria;1.000000;298;Ejac
1515;Quiveria;86;Quiveria;1.000000;298;Ejac
1516;Quiveria;86;Quiveria;1.000000;298;Ejac
1517;Meopinstaat;94;Meopinstaat;0.632860;17;Meopinstaat
1518;Meopastadt;1451;Meopastadt;1.000000;17;Meopinstaat
1519;Mewport;551;Mewport;1.000000;46;Felinda
1520;Mewport;551;Mewport;1.000000;46;Felinda
1521;Mewport;551;Mewport;0.994681;46;Felinda
1522;South Yinjatzbereich;1216;South Yinjatzbereich;0.740385;342;Nordenland
1523;Stronya;89;Stronya;1.000000;26;Northern Katzen Mountains
1524;Stronya;89;Stronya;1.000000;26;Northern Katzen Mountains
1525;West Flerk;1225;West Flerk;1.000000;345;Midflusionea4
1526;Near North Flerk;81;Near North Flerk;1.000000;343;Midflusionea2
1527;Near North Flerk;81;Near North Flerk;1.000000;343;Midflusionea2
1528;Pawrdeaux;577;Pawrdeaux;1.000000;15;Elowia
1529;North Flerk;1254;North Flerk;1.000000;345;Midflusionea4
1530;South Fleatherwing;1307;South Fleatherwing;1.000000;142;Fleäderreich
1531;Binettestadt;578;Binettestadt;1.000000;15;Elowia
1532;Binettestadt;578;Binettestadt;1.000000;15;Elowia
1533;Taikara;1453;Taikara;0.771044;26;Northern Katzen Mountains
1534;Taikara;1453;Taikara;0.925072;26;Northern Katzen Mountains
1535;Becatlingen;539;Becatlingen;0.660714;26;Northern Katzen Mountains
1536;Kufa;1536;Kufa;1.000000;301;Southern Enotita
1537;West Flerk;1225;West Flerk;1.000000;345;Midflusionea4
1538;West Flerk;1225;West Flerk;1.000000;345;Midflusionea4
1539;Mogiluff;484;Mogiluff;1.000000;21;Pawscow
1540;Mogiluff;484;Mogiluff;1.000000;21;Pawscow
1541;Konnon;579;Konnon;1.000000;15;Elowia
1542;Konnon;579;Konnon;1.000000;15;Elowia
1543;Altenkat;95;Altenkat;1.000000;46;Felinda
1544;Kaiserburg 2;1435;Kaiserburg 2;1.000000;17;Meopinstaat
1545;Stronya;89;Stronya;1.000000;26;Northern Katzen Mountains
1546;Stronya;89;Stronya;1.000000;26;Northern Katzen Mountains
1547;Stronya;89;Stronya;1.000000;26;Northern Katzen Mountains
1548;Kronkishes Enonita;71;Kronkishes Enonita;1.000000;301;Southern Enotita
1549;Meopinstaat;94;Meopinstaat;1.000000;17;Meopinstaat
1550;Meopinstaat;94;Meopinstaat;1.000000;17;Meopinstaat
1551;Mewport;551;Mewport;1.000000;46;Felinda
1552;East Temperia 15;1514;East Temperia 15;0.995789;301;Southern Enotita
1553;Near Fodaria 12;1511;Near Fodaria 12;1.000000;302;Crabby Shores
1554;Pawscow;485;Pawscow;1.000000;21;Pawscow
1555;Luzienskatz;1510;Luzienskatz;1.000000;302;Crabby Shores
1556;South Yinjatzbereich;1216;South Yinjatzbereich;1.000000;342;Nordenland
1557;South Yinjatzbereich;1216;South Yinjatzbereich;1.000000;342;Nordenland
1558;North Flerk;1254;North Flerk;1.000000;345;Midflusionea4
1559;Sankt Mikhailsburg;482;Sankt Mikhailsburg;1.000000;22;Northern Sobakiland
1560;North Flerk;1254;North Flerk;1.000000;345;Midflusionea4
1561;North Flerk;1254;North Flerk;1.000000;345;Midflusionea4
1562;Katzbrucken;536;Katzbrucken;1.000000;26;Northern Katzen Mountains
1563;Kittyshores;97;Kittyshores;1.000000;27;Los Kibbles
1564;Felinda;98;Felinda;1.000000;46;Felinda
1565;Felinda;98;Felinda;1.000000;46;Felinda
1566;Felinda;98;Felinda;1.000000;46;Felinda
1567;East Temperia 15;1514;East Temperia 15;1.000000;301;Southern Enotita
1568;East Temperia 15;1514;East Temperia 15;1.000000;301;Southern Enotita
1569;Near Fodaria 6;1535;Near Fodaria 6;0.934605;302;Crabby Shores
1570;Near Fodaria 6;1535;Near Fodaria 6;1.000000;302;Crabby Shores
1571;Near Fodaria 6;1535;Near Fodaria 6;1.000000;302;Crabby Shores
1572;Kittyshores;97;Kittyshores;1.000000;27;Los Kibbles
1573;Kittyshores;97;Kittyshores;1.000000;27;Los Kibbles
1574;Kittyshores;97;Kittyshores;1.000000;27;Los Kibbles
1575;Kittyshores;97;Kittyshores;0.997783;27;Los Kibbles
1576;Pawscow;485;Pawscow;1.000000;21;Pawscow
1577;Pawscow;485;Pawscow;1.000000;21;Pawscow
1578;Pawscow;485;Pawscow;1.000000;21;Pawscow
1579;Pawscow;485;Pawscow;1.000000;21;Pawscow
1580;Katchester;1410;Katchester;1.000000;15;Elowia
1581;Katchester;1410;Katchester;1.000000;15;Elowia
1582;Mielstadt;488;Mielstadt;0.896657;16;Auralia
1583;Mielstadt;488;Mielstadt;1.000000;16;Auralia
1584;Mielstadt;488;Mielstadt;1.000000;16;Auralia
1585;Stronya;89;Stronya;0.950820;26;Northern Katzen Mountains
1586;Neu-Pawrio;1553;Neu-Pawrio;1.000000;27;Los Kibbles
1587;Neu-Pawrio;1553;Neu-Pawrio;1.000000;27;Los Kibbles
1588;South Fleatherclaw;100;South Fleatherclaw;1.000000;142;Fleäderreich
1589;South Fleatherclaw;100;South Fleatherclaw;1.000000;142;Fleäderreich
1590;Near Fodaria 12;1511;Near Fodaria 12;1.000000;302;Crabby Shores
1591;Near Fodaria 12;1511;Near Fodaria 12;1.000000;302;Crabby Shores
1592;Near Fodaria 12;1511;Near Fodaria 12;1.000000;302;Crabby Shores
1593;East Central Ezicania;1243;East Central Ezicania;1.000000;341;Neuvoria
1594;East Central Ezicania;1243;East Central Ezicania;1.000000;341;Neuvoria
1595;Kaiserburg 2;1435;Kaiserburg 2;1.000000;17;Meopinstaat
1596;Kaiserburg 2;1435;Kaiserburg 2;1.000000;17;Meopinstaat
1597;West Temperia 1;1515;West Temperia 1;1.000000;301;Southern Enotita
1598;Humusenski;1038;Humusenski;1.000000;307;Yinjatzbereich
1599;Near Fodaria 12;1511;Near Fodaria 12;1.000000;302;Crabby Shores
1600;South Yinjatzbereich;1216;South Yinjatzbereich;1.000000;342;Nordenland
1601;Near North Flerk;81;Near North Flerk;1.000000;343;Midflusionea2
1602;Mogiluff;484;Mogiluff;1.000000;21;Pawscow
1603;Mogiluff;484;Mogiluff;1.000000;21;Pawscow
1604;Mogiluff;484;Mogiluff;1.000000;21;Pawscow
1605;Mogiluff;484;Mogiluff;1.000000;21;Pawscow
1606;Ostmeopin;521;Ostmeopin;1.000000;17;Meopinstaat
1607;Ostmeopin;521;Ostmeopin;0.996774;17;Meopinstaat
1608;Ostmeopin;521;Ostmeopin;1.000000;17;Meopinstaat
1609;Humusenski;1533;Humusenski;1.000000;307;Yinjatzbereich
1610;Humusenski;1533;Humusenski;1.000000;307;Yinjatzbereich
1611;Humusenski;1533;Humusenski;1.000000;307;Yinjatzbereich
1612;Katzkat;523;Katzkat;1.000000;17;Meopinstaat
1613;Katzkat;523;Katzkat;1.000000;17;Meopinstaat
1614;Felinda;98;Felinda;1.000000;46;Felinda
1615;Near North Western Ejac;101;Near North Western Ejac;0.890675;341;Neuvoria
1616;Near North Western Ejac;101;Near North Western Ejac;1.000000;341;Neuvoria
1617;Mewdu Mush;553;Mewdu Mush;1.000000;44;Catpine Range
1618;Mewdu Mush;553;Mewdu Mush;1.000000;44;Catpine Range
1619;Mewverest;103;Mewverest;1.000000;44;Catpine Range
1620;Mewverest;103;Mewverest;0.992390;44;Catpine Range
1621;Mewverest;103;Mewverest;1.000000;44;Catpine Range
1622;Mewverest;103;Mewverest;1.000000;44;Catpine Range
1623;Humusenski;1038;Humusenski;1.000000;307;Yinjatzbereich
1624;Humusenski;1038;Humusenski;1.000000;307;Yinjatzbereich
1625;West Northern Heart Mountains;1265;West Northern Heart Mountains;1.000000;1;Flusionea
1626;West Northern Heart Mountains;1265;West Northern Heart Mountains;0.836735;1;Flusionea
1627;West Northern Heart Mountains;1265;West Northern Heart Mountains;1.000000;1;Flusionea
1628;Central Ezicania;102;Central Ezicania;1.000000;1;Flusionea
1629;Central Ezicania;102;Central Ezicania;1.000000;1;Flusionea
1630;Katzhaus;104;Katzhaus;1.000000;45;Struken
1631;Katzhaus;104;Katzhaus;1.000000;45;Struken
1632;Katzhaus;104;Katzhaus;1.000000;45;Struken
1633;West Northern Heart Mountains;1265;West Northern Heart Mountains;1.000000;1;Flusionea
1634;West Northern Heart Mountains;1265;West Northern Heart Mountains;0.993865;1;Flusionea
1635;Herdeath;1436;Herdeath;0.995349;26;Northern Katzen Mountains
1636;Katzhaus;104;Katzhaus;1.000000;45;Struken
1637;Katzhaus;104;Katzhaus;1.000000;45;Struken
1638;Cathy;541;Cathy;0.805296;27;Los Kibbles
1639;Mewverest;103;Mewverest;1.000000;44;Catpine Range
1640;Upper Kronkia 3;1517;Upper Kronkia 3;1.000000;200;Amfibien
1641;Upper Kronkia 3;1517;Upper Kronkia 3;1.000000;200;Amfibien
1642;Upper Kronkia 3;1517;Upper Kronkia 3;1.000000;200;Amfibien
1643;Shripenstadt;1316;Shripenstadt;1.000000;200;Amfibien
1644;East Central Ezicania;1243;East Central Ezicania;1.000000;341;Neuvoria
1645;Kittenia;1409;Kittenia;0.920398;16;Auralia
1646;Kittenia;1409;Kittenia;1.000000;16;Auralia
1647;Kittenia;1409;Kittenia;1.000000;16;Auralia
1648;Kittenia;1409;Kittenia;1.000000;16;Auralia
1649;Upper Kronkia 3;1517;Upper Kronkia 3;1.000000;200;Amfibien
1650;East Yinjatzbereich;1218;East Yinjatzbereich;1.000000;346;Midflusionea5
1651;East Yinjatzbereich;1218;East Yinjatzbereich;1.000000;346;Midflusionea5
1652;East Yinjatzbereich;1218;East Yinjatzbereich;1.000000;346;Midflusionea5
1653;South Northern Ezicania;1217;South Northern Ezicania;1.000000;346;Midflusionea5
1654;Central Ezicania;102;Central Ezicania;0.998047;1;Flusionea
1655;Kittenia;106;Kittenia;1.000000;16;Auralia
1656;Meoshores;486;Meoshores;1.000000;27;Los Kibbles
1657;Meoshores;486;Meoshores;1.000000;27;Los Kibbles
1658;Meoshores;486;Meoshores;1.000000;27;Los Kibbles
1659;Meoshores;486;Meoshores;1.000000;27;Los Kibbles
1660;Meoshores;486;Meoshores;1.000000;27;Los Kibbles
1661;Katzkat;523;Katzkat;1.000000;17;Meopinstaat
1662;Katzkat;523;Katzkat;1.000000;17;Meopinstaat
1663;Stronya;89;Stronya;1.000000;26;Northern Katzen Mountains
1664;East Yinjatzbereich;1218;East Yinjatzbereich;1.000000;346;Midflusionea5
1665;South Northern Ezicania;1217;South Northern Ezicania;1.000000;346;Midflusionea5
1666;South Northern Ezicania;1217;South Northern Ezicania;1.000000;346;Midflusionea5
1667;South Northern Ezicania;1217;South Northern Ezicania;0.997375;346;Midflusionea5
1668;Kittville;1411;Kittville;1.000000;16;Auralia
1669;Mielstadt;488;Mielstadt;1.000000;16;Auralia
1670;Pawcegi;616;Pawcegi;1.000000;140;Krokatzia
1671;Pawcegi;616;Pawcegi;1.000000;140;Krokatzia
1672;West Northern Heart Mountains;1265;West Northern Heart Mountains;1.000000;1;Flusionea
1673;Kittville;1411;Kittville;1.000000;16;Auralia
1674;Kittville;1411;Kittville;1.000000;16;Auralia
1675;Kittenia;106;Kittenia;1.000000;16;Auralia
1676;Kittenia;106;Kittenia;1.000000;16;Auralia
1677;Kittenia;106;Kittenia;1.000000;16;Auralia
1678;Ostmeopin;521;Ostmeopin;1.000000;17;Meopinstaat
1679;Becatlingen;539;Becatlingen;1.000000;26;Northern Katzen Mountains
1680;Odabin;108;Odabin;1.000000;140;Krokatzia
1681;Odabin;108;Odabin;1.000000;140;Krokatzia
1682;Near Praw 15;1499;Near Praw 15;0.764957;140;Krokatzia
1683;Near Praw 15;1499;Near Praw 15;1.000000;140;Krokatzia
1684;Kaiserland;109;Kaiserland;1.000000;140;Krokatzia
1685;Kaiserland;109;Kaiserland;0.927063;140;Krokatzia
1686;Far West Praw 14;1498;Far West Praw 14;0.923077;140;Krokatzia
1687;Far West Praw 14;1498;Far West Praw 14;0.756806;140;Krokatzia
1688;Near North Western Ejac;101;Near North Western Ejac;1.000000;341;Neuvoria
1689;Pawscow;485;Pawscow;1.000000;21;Pawscow
1690;Neu-Pawrio;1553;Neu-Pawrio;0.587224;27;Los Kibbles
1691;Shripenstadt;1316;Shripenstadt;1.000000;200;Amfibien
1692;Shripenstadt;1316;Shripenstadt;1.000000;200;Amfibien
1693;Katzberg;557;Katzberg;1.000000;38;Meownich
1694;Kattailsburg;1516;Kattailsburg;1.000000;200;Amfibien
1695;Kattailsburg;1516;Kattailsburg;1.000000;200;Amfibien
1696;Kattailsburg;1516;Kattailsburg;1.000000;200;Amfibien
1697;Humusenski;1533;Humusenski;1.000000;307;Yinjatzbereich
1698;Humusenski;1533;Humusenski;1.000000;307;Yinjatzbereich
1699;South Northern Ezicania;1217;South Northern Ezicania;0.997506;346;Midflusionea5
1700;South Northern Ezicania;1217;South Northern Ezicania;1.000000;346;Midflusionea5
1701;South Northern Ezicania;1217;South Northern Ezicania;1.000000;346;Midflusionea5
1702;Near North Western Ejac;101;Near North Western Ejac;1.000000;341;Neuvoria
1703;Near North Western Ejac;101;Near North Western Ejac;1.000000;341;Neuvoria
1704;Nordkraben;1046;Nordkraben;1.000000;200;Amfibien
1705;Humusenski;1038;Humusenski;1.000000;307;Yinjatzbereich
1706;Humusenski;1038;Humusenski;1.000000;307;Yinjatzbereich
1707;Humusenski;1038;Humusenski;1.000000;307;Yinjatzbereich
1708;Pawcegi;616;Pawcegi;1.000000;140;Krokatzia
1709;Pawcegi;616;Pawcegi;1.000000;140;Krokatzia
1710;Pawcegi;616;Pawcegi;1.000000;140;Krokatzia
1711;Near East Northern Ezicania;1266;Near East Northern Ezicania;1.000000;347;Midflusionea6
1712;Mewdu Mush;553;Mewdu Mush;1.000000;44;Catpine Range
1713;Mewdu Mush;553;Mewdu Mush;0.666667;44;Catpine Range
1714;Kaiserburg;1427;Kaiserburg;1.000000;27;Los Kibbles
1715;Kaiserburg;1427;Kaiserburg;1.000000;27;Los Kibbles
1716;South Northern Ezicania;1217;South Northern Ezicania;1.000000;346;Midflusionea5
1717;South Northern Ezicania;1217;South Northern Ezicania;0.772477;346;Midflusionea5
1718;Near East Northern Heart Mountains;1269;Near East Northern Heart Mountains;1.000000;1;Flusionea
1719;Near East Northern Heart Mountains;1269;Near East Northern Heart Mountains;1.000000;1;Flusionea
1720;Herdeath;1436;Herdeath;1.000000;26;Northern Katzen Mountains
1721;Herdeath;1436;Herdeath;1.000000;26;Northern Katzen Mountains
1722;North Kronkia 7;1476;North Kronkia 7;1.000000;200;Amfibien
1723;North Kronkia 7;1476;North Kronkia 7;1.000000;200;Amfibien
1724;North Kronkia 7;1476;North Kronkia 7;1.000000;200;Amfibien
1725;North Kronkia 7;1476;North Kronkia 7;1.000000;200;Amfibien
1726;East Yinjatzbereich;1218;East Yinjatzbereich;1.000000;346;Midflusionea5
1727;Altestadt;522;Altestadt;1.000000;17;Meopinstaat
1728;Altestadt;522;Altestadt;1.000000;17;Meopinstaat
1729;Altestadt;522;Altestadt;1.000000;17;Meopinstaat
1730;Altestadt;522;Altestadt;1.000000;17;Meopinstaat
1731;Altestadt;522;Altestadt;1.000000;17;Meopinstaat
1732;Cathy;541;Cathy;1.000000;27;Los Kibbles
1733;Cathy;541;Cathy;1.000000;27;Los Kibbles
1734;Nordkraben;1046;Nordkraben;1.000000;200;Amfibien
1735;Nordkraben;1046;Nordkraben;1.000000;200;Amfibien
1736;Kittenia;106;Kittenia;1.000000;16;Auralia
1737;Mewdar;111;Mewdar;1.000000;45;Struken
1738;Mewdar;111;Mewdar;1.000000;45;Struken
1739;Mewdar;111;Mewdar;1.000000;45;Struken
1740;Near East Northern Ezicania;1266;Near East Northern Ezicania;1.000000;347;Midflusionea6
1741;Near East Northern Ezicania;1266;Near East Northern Ezicania;1.000000;347;Midflusionea6
1742;Near East Northern Ezicania;1266;Near East Northern Ezicania;1.000000;347;Midflusionea6
1743;Near East Northern Ezicania;1266;Near East Northern Ezicania;0.986940;347;Midflusionea6
1744;Near East Northern Ezicania;1266;Near East Northern Ezicania;1.000000;347;Midflusionea6
1745;Northern Heart Mountains;1361;Northern Heart Mountains;1.000000;1;Flusionea
1746;Mirbel;99;Mirbel;1.000000;27;Los Kibbles
1747;Mirbel;99;Mirbel;1.000000;27;Los Kibbles
1748;Katzkat;523;Katzkat;1.000000;17;Meopinstaat
1749;Kokodesa;1484;Kokodesa;1.000000;307;Yinjatzbereich
1750;Kokodesa;1484;Kokodesa;1.000000;307;Yinjatzbereich
1751;Kokodesa;1484;Kokodesa;1.000000;307;Yinjatzbereich
1752;Mewbet;552;Mewbet;1.000000;44;Catpine Range
1753;Floslo;921;Floslo;1.000000;208;Eastern Sueno Del Sol
1754;Floslo;921;Floslo;1.000000;208;Eastern Sueno Del Sol
1755;Floslo;921;Floslo;1.000000;208;Eastern Sueno Del Sol
1756;Floslo;921;Floslo;1.000000;208;Eastern Sueno Del Sol
1757;Trondelague;922;Trondelague;1.000000;207;Western Sueno Del Sol
1758;Trondelague;922;Trondelague;1.000000;207;Western Sueno Del Sol
1759;Trondelague;922;Trondelague;1.000000;207;Western Sueno Del Sol
1760;Tailgorod;641;Tailgorod;1.000000;21;Pawscow
1761;Tailgorod;641;Tailgorod;1.000000;21;Pawscow
1762;Tailgorod;641;Tailgorod;1.000000;21;Pawscow
1763;Mirbel;99;Mirbel;0.998054;27;Los Kibbles
1764;Mirbel;99;Mirbel;1.000000;27;Los Kibbles
1765;Katzberg;557;Katzberg;1.000000;38;Meownich
1766;Katzberg;557;Katzberg;1.000000;38;Meownich
1767;Katzberg;557;Katzberg;1.000000;38;Meownich
1768;Neukitberg;113;Neukitberg;1.000000;44;Catpine Range
1769;South Northern Ezicania;1217;South Northern Ezicania;1.000000;346;Midflusionea5
1770;North Western Ejac;114;North Western Ejac;1.000000;340;Puffiland12
1771;North Western Ejac;114;North Western Ejac;1.000000;340;Puffiland12
1772;North Western Ejac;114;North Western Ejac;1.000000;340;Puffiland12
1773;Mewdar;111;Mewdar;1.000000;45;Struken
1774;East Yinjatzbereich;1218;East Yinjatzbereich;1.000000;346;Midflusionea5
1775;Neukitberg;113;Neukitberg;1.000000;44;Catpine Range
1776;Neukitberg;113;Neukitberg;1.000000;44;Catpine Range
1777;Celstor;563;Celstor;1.000000;140;Krokatzia
1778;Cathy;541;Cathy;1.000000;27;Los Kibbles
1779;South Kronkia 8;1477;South Kronkia 8;1.000000;200;Amfibien
1780;Kaiserburg;1427;Kaiserburg;1.000000;27;Los Kibbles
1781;Kaiserburg;1427;Kaiserburg;0.858051;27;Los Kibbles
1782;East Yinjatzbereich;1218;East Yinjatzbereich;1.000000;346;Midflusionea5
1783;Tailgorod;641;Tailgorod;1.000000;21;Pawscow
1784;Tailgorod;641;Tailgorod;1.000000;21;Pawscow
1785;Kattailsburg;1516;Kattailsburg;1.000000;200;Amfibien
1786;Kittville;1411;Kittville;1.000000;16;Auralia
1787;Kokodesa;1484;Kokodesa;1.000000;307;Yinjatzbereich
1788;Kokodesa;1484;Kokodesa;1.000000;307;Yinjatzbereich
1789;Northern Heart Mountains;1361;Northern Heart Mountains;1.000000;1;Flusionea
1790;Northern Heart Mountains;1361;Northern Heart Mountains;1.000000;1;Flusionea
1791;Near East Northern Heart Mountains;1269;Near East Northern Heart Mountains;1.000000;1;Flusionea
1792;Near East Northern Heart Mountains;1269;Near East Northern Heart Mountains;1.000000;1;Flusionea
1793;Near East Northern Heart Mountains;1269;Near East Northern Heart Mountains;1.000000;1;Flusionea
1794;Near East Northern Heart Mountains;1269;Near East Northern Heart Mountains;1.000000;1;Flusionea
1795;Auralia;1408;Auralia;1.000000;16;Auralia
1796;Stri;511;Stri;1.000000;30;Itchiloo
1797;Kittenia;1409;Kittenia;1.000000;16;Auralia
1798;Mewverest;103;Mewverest;1.000000;44;Catpine Range
1799;Auralia;1408;Auralia;1.000000;16;Auralia
1800;Stri;511;Stri;1.000000;30;Itchiloo
1801;Stri;511;Stri;1.000000;30;Itchiloo
1802;Stri;511;Stri;1.000000;30;Itchiloo
1803;Odabin;108;Odabin;0.841549;140;Krokatzia
1804;Near Praw 15;1499;Near Praw 15;0.964706;140;Krokatzia
1805;Near North Western Ejac;101;Near North Western Ejac;1.000000;341;Neuvoria
1806;Northern Heart Mountains;1361;Northern Heart Mountains;1.000000;1;Flusionea
1807;Near East Northern Heart Mountains;1269;Near East Northern Heart Mountains;1.000000;1;Flusionea
1808;East Northern Heart Mountains;1236;East Northern Heart Mountains;1.000000;340;Puffiland12
1809;East Northern Heart Mountains;1236;East Northern Heart Mountains;1.000000;340;Puffiland12
1810;East Northern Heart Mountains;1236;East Northern Heart Mountains;1.000000;340;Puffiland12
1811;East Northern Heart Mountains;1236;East Northern Heart Mountains;1.000000;340;Puffiland12
1812;East Northern Heart Mountains;1236;East Northern Heart Mountains;1.000000;340;Puffiland12
1813;North Quiveria;1090;North Quiveria;1.000000;337;Puffiland9
1814;North Quiveria;1090;North Quiveria;1.000000;337;Puffiland9
1815;North Quiveria;1090;North Quiveria;1.000000;337;Puffiland9
1816;North Quiveria;1090;North Quiveria;1.000000;337;Puffiland9
1817;North Quiveria;1090;North Quiveria;1.000000;337;Puffiland9
1818;North Quiveria;1090;North Quiveria;1.000000;337;Puffiland9
1819;Sankt Krokersburg;105;Sankt Krokersburg;1.000000;200;Amfibien
1820;Sankt Krokersburg;105;Sankt Krokersburg;1.000000;200;Amfibien
1821;Nordkraben;1046;Nordkraben;1.000000;200;Amfibien
1822;Nordkraben;1046;Nordkraben;1.000000;200;Amfibien
1823;Far East Fodaria 1;1485;Far East Fodaria 1;1.000000;307;Yinjatzbereich
1824;Far East Fodaria 1;1485;Far East Fodaria 1;1.000000;307;Yinjatzbereich
1825;Mewdar;111;Mewdar;1.000000;45;Struken
1826;North Quiveria;1090;North Quiveria;1.000000;337;Puffiland9
1827;North Katzil;527;North Katzil;1.000000;36;Katzen Hills
1828;North Katzil;527;North Katzil;1.000000;36;Katzen Hills
1829;North Katzil;527;North Katzil;1.000000;36;Katzen Hills
1830;Kibblesben;1419;Kibblesben;1.000000;37;Solagnaw
1831;Meownich;110;Meownich;1.000000;38;Meownich
1832;Meownich;110;Meownich;1.000000;38;Meownich
1833;Meownich;110;Meownich;1.000000;38;Meownich
1834;Neu-Meowleans;1407;Neu-Meowleans;1.000000;16;Auralia
1835;Neu-Meowleans;1407;Neu-Meowleans;1.000000;16;Auralia
1836;Neu-Meowleans;1407;Neu-Meowleans;1.000000;16;Auralia
1837;Neu-Meowleans;1407;Neu-Meowleans;0.997976;16;Auralia
1838;Elowineapolis;520;Elowineapolis;1.000000;16;Auralia
1839;Elowineapolis;520;Elowineapolis;1.000000;16;Auralia
1840;Elowineapolis;520;Elowineapolis;1.000000;16;Auralia
1841;Solagnaw;1437;Solagnaw;1.000000;37;Solagnaw
1842;Solagnaw;1437;Solagnaw;0.997947;37;Solagnaw
1843;Far West Praw 14;1498;Far West Praw 14;1.000000;140;Krokatzia
1844;Far West Praw 14;1498;Far West Praw 14;1.000000;140;Krokatzia
1845;South Kronkia 8;1477;South Kronkia 8;1.000000;200;Amfibien
1846;South Kronkia 8;1477;South Kronkia 8;1.000000;200;Amfibien
1847;Mewzley;116;Mewzley;1.000000;16;Auralia
1848;Mewzley;116;Mewzley;1.000000;16;Auralia
1849;Mewzley;116;Mewzley;1.000000;16;Auralia
1850;Solagnaw;1437;Solagnaw;1.000000;37;Solagnaw
1851;Near South Northern Ezicania;1219;Near South Northern Ezicania;1.000000;346;Midflusionea5
1852;West Kibblesben;1443;West Kibblesben;1.000000;37;Solagnaw
1853;West Kibblesben;1443;West Kibblesben;1.000000;37;Solagnaw
1854;Mewbet;552;Mewbet;1.000000;44;Catpine Range
1855;Far West Fodaria 2;1486;Far West Fodaria 2;1.000000;307;Yinjatzbereich
1856;Near South Northern Ezicania;1219;Near South Northern Ezicania;1.000000;346;Midflusionea5
1857;East Yinjatzbereich;1218;East Yinjatzbereich;0.752577;346;Midflusionea5
1858;Neubelkan;489;Neubelkan;1.000000;208;Eastern Sueno Del Sol
1859;Neubelkan;489;Neubelkan;1.000000;208;Eastern Sueno Del Sol
1860;Neubelkan;489;Neubelkan;1.000000;208;Eastern Sueno Del Sol
1861;Auralia;1408;Auralia;1.000000;16;Auralia
1862;Auralia;1408;Auralia;1.000000;16;Auralia
1863;Shripenstadt;1316;Shripenstadt;1.000000;200;Amfibien
1864;Shranglien;1487;Shranglien;1.000000;200;Amfibien
1865;Shranglien;1487;Shranglien;1.000000;200;Amfibien
1866;Shranglien;1487;Shranglien;1.000000;200;Amfibien
1867;Grönawgen;519;Grönawgen;1.000000;16;Auralia
1868;Grönawgen;519;Grönawgen;1.000000;16;Auralia
1869;Grönawgen;519;Grönawgen;0.839943;16;Auralia
1870;Grönawgen;519;Grönawgen;1.000000;16;Auralia
1871;Neukitberg;113;Neukitberg;1.000000;44;Catpine Range
1872;Celstor;563;Celstor;1.000000;140;Krokatzia
1873;Celstor;563;Celstor;1.000000;140;Krokatzia
1874;North Western Ejac;114;North Western Ejac;1.000000;340;Puffiland12
1875;North Western Ejac;114;North Western Ejac;1.000000;340;Puffiland12
1876;Kibblesben;1419;Kibblesben;1.000000;37;Solagnaw
1877;Kibblesben;1419;Kibblesben;1.000000;37;Solagnaw
1878;Far East Fodaria 1;1485;Far East Fodaria 1;1.000000;307;Yinjatzbereich
1879;Far East Fodaria 1;1485;Far East Fodaria 1;1.000000;307;Yinjatzbereich
1880;Far East Fodaria 1;1485;Far East Fodaria 1;1.000000;307;Yinjatzbereich
1881;Far South Lokout;1089;Far South Lokout;1.000000;337;Puffiland9
1882;Far South Lokout;1089;Far South Lokout;1.000000;337;Puffiland9
1883;Far South Lokout;1089;Far South Lokout;1.000000;337;Puffiland9
1884;Struken;121;Struken;1.000000;45;Struken
1885;Meowcerne;554;Meowcerne;1.000000;45;Struken
1886;Struken;121;Struken;1.000000;45;Struken
1887;Trondelague;922;Trondelague;1.000000;207;Western Sueno Del Sol
1888;Lynxsi;122;Lynxsi;1.000000;38;Meownich
1889;Far West Lokout 3;1091;Far West Lokout 3;1.000000;339;Puffiland11
1890;Far West Lokout 3;1091;Far West Lokout 3;1.000000;339;Puffiland11
1891;Far West Lokout 3;1091;Far West Lokout 3;1.000000;339;Puffiland11
1892;Far West Lokout 3;1091;Far West Lokout 3;1.000000;339;Puffiland11
1893;Far West Lokout 3;1091;Far West Lokout 3;1.000000;339;Puffiland11
1894;Stri;511;Stri;1.000000;30;Itchiloo
1895;Waimern;123;Waimern;1.000000;120;Bryumen
1896;Waimern;123;Waimern;1.000000;120;Bryumen
1897;Neu-Meowleans;1407;Neu-Meowleans;1.000000;16;Auralia
1898;West Kibblesben;1443;West Kibblesben;0.992991;37;Solagnaw
1899;West Kibblesben;1443;West Kibblesben;1.000000;37;Solagnaw
1900;Northern Ezicania;92;Northern Ezicania;1.000000;347;Midflusionea6
1901;Northern Ezicania;92;Northern Ezicania;1.000000;347;Midflusionea6
1902;Northern Ezicania;92;Northern Ezicania;1.000000;347;Midflusionea6
1903;Northern Ezicania;92;Northern Ezicania;1.000000;347;Midflusionea6
1904;Northern Ezicania;92;Northern Ezicania;1.000000;347;Midflusionea6
1905;Northern Ezicania;92;Northern Ezicania;1.000000;347;Midflusionea6
1906;Mirbel;99;Mirbel;1.000000;27;Los Kibbles
1907;Far West Fodaria 2;1486;Far West Fodaria 2;1.000000;307;Yinjatzbereich
1908;Far West Fodaria 2;1486;Far West Fodaria 2;1.000000;307;Yinjatzbereich
1909;Far West Fodaria 2;1486;Far West Fodaria 2;1.000000;307;Yinjatzbereich
1910;Far West Fodaria 2;1486;Far West Fodaria 2;1.000000;307;Yinjatzbereich
1911;East Northern Heart Mountains;1236;East Northern Heart Mountains;1.000000;340;Puffiland12
1912;East Northern Heart Mountains;1236;East Northern Heart Mountains;1.000000;340;Puffiland12
1913;East Northern Heart Mountains;1236;East Northern Heart Mountains;1.000000;340;Puffiland12
1914;Far South Lokout;1089;Far South Lokout;1.000000;337;Puffiland9
1915;Far South Lokout;1089;Far South Lokout;1.000000;337;Puffiland9
1916;Mewzley;116;Mewzley;1.000000;16;Auralia
1917;Sud-Solagnaw;118;Sud-Solagnaw;1.000000;37;Solagnaw
1918;Sud-Solagnaw;118;Sud-Solagnaw;1.000000;37;Solagnaw
1919;Lunre;615;Lunre;1.000000;140;Krokatzia
1920;Lunre;615;Lunre;1.000000;140;Krokatzia
1921;Lunre;615;Lunre;1.000000;140;Krokatzia
1922;Lunre;615;Lunre;1.000000;140;Krokatzia
1923;Near North Northern Heart Mountains;1263;Near North Northern Heart Mountains;0.997951;1;Flusionea
1924;Near North Northern Heart Mountains;1263;Near North Northern Heart Mountains;0.938389;1;Flusionea
1925;Near North Northern Heart Mountains;1263;Near North Northern Heart Mountains;1.000000;1;Flusionea
1926;Near East Northern Heart Mountains;1269;Near East Northern Heart Mountains;1.000000;1;Flusionea
1927;Near East Northern Heart Mountains;1269;Near East Northern Heart Mountains;1.000000;1;Flusionea
1928;Meownich;110;Meownich;1.000000;38;Meownich
1929;Struken;121;Struken;1.000000;45;Struken
1930;West Northern Ezicania;107;West Northern Ezicania;1.000000;346;Midflusionea5
1931;Mount Kitts;558;Mount Kitts;1.000000;44;Catpine Range
1932;Mount Kitts;558;Mount Kitts;1.000000;44;Catpine Range
1933;North Western Ejac;114;North Western Ejac;1.000000;340;Puffiland12
1934;North Western Ejac;114;North Western Ejac;1.000000;340;Puffiland12
1935;Neubelkan;489;Neubelkan;1.000000;208;Eastern Sueno Del Sol
1936;Meowcerne;554;Meowcerne;1.000000;45;Struken
1937;Lower Kronkia 13;1542;Lower Kronkia 13;1.000000;200;Amfibien
1938;Lynxsi;122;Lynxsi;1.000000;38;Meownich
1939;Channecy;556;Channecy;1.000000;44;Catpine Range
1940;South Kronkia 8;1477;South Kronkia 8;1.000000;200;Amfibien
1941;Far West Lokout 3;1091;Far West Lokout 3;1.000000;339;Puffiland11
1942;Vestefoldij;112;Vestefoldij;1.000000;207;Western Sueno Del Sol
1943;Vestefoldij;112;Vestefoldij;1.000000;207;Western Sueno Del Sol
1944;Vestefoldij;112;Vestefoldij;1.000000;207;Western Sueno Del Sol
1945;Lower Kronkia 13;1542;Lower Kronkia 13;0.501266;200;Amfibien
1946;North Kronkia 4;1488;North Kronkia 4;1.000000;200;Amfibien
1947;Lower Kronkia 13;1542;Lower Kronkia 13;1.000000;200;Amfibien
1948;Lower Kronkia 13;1542;Lower Kronkia 13;0.828947;200;Amfibien
1949;West Northern Ezicania;107;West Northern Ezicania;1.000000;346;Midflusionea5
1950;West Northern Ezicania;107;West Northern Ezicania;1.000000;346;Midflusionea5
1951;West Northern Ezicania;107;West Northern Ezicania;1.000000;346;Midflusionea5
1952;West Northern Ezicania;107;West Northern Ezicania;1.000000;346;Midflusionea5
1953;Grönawgen;519;Grönawgen;1.000000;16;Auralia
1954;Lunre;615;Lunre;1.000000;140;Krokatzia
1955;Waimern;123;Waimern;1.000000;120;Bryumen
1956;Waimern;123;Waimern;1.000000;120;Bryumen
1957;Waimern;123;Waimern;1.000000;120;Bryumen
1958;Rossevanejt;923;Rossevanejt;1.000000;207;Western Sueno Del Sol
1959;Elowineapolis;520;Elowineapolis;1.000000;16;Auralia
1960;Elowineapolis;520;Elowineapolis;1.000000;16;Auralia
1961;Katzil;1428;Katzil;1.000000;36;Katzen Hills
1962;Katzil;1428;Katzil;1.000000;36;Katzen Hills
1963;Mount Kitts;558;Mount Kitts;1.000000;44;Catpine Range
1964;Mount Kitts;558;Mount Kitts;1.000000;44;Catpine Range
1965;Celstor;563;Celstor;1.000000;140;Krokatzia
1966;Shromar;618;Shromar;1.000000;120;Bryumen
1967;Shromar;618;Shromar;1.000000;120;Bryumen
1968;Shranglien;1487;Shranglien;1.000000;200;Amfibien
1969;Yasnbrask;1039;Yasnbrask;1.000000;308;Aleksis
1970;Yasnbrask;1039;Yasnbrask;1.000000;308;Aleksis
1971;South Kronkia 2;1501;South Kronkia 2;1.000000;120;Bryumen
1972;South Kronkia 2;1501;South Kronkia 2;1.000000;120;Bryumen
1973;Far East Fodaria 1;1485;Far East Fodaria 1;1.000000;307;Yinjatzbereich
1974;Near North Northern Heart Mountains;1263;Near North Northern Heart Mountains;1.000000;1;Flusionea
1975;Near North Northern Heart Mountains;1263;Near North Northern Heart Mountains;1.000000;1;Flusionea
1976;Mimifell;1405;Mimifell;1.000000;30;Itchiloo
1977;Mimifell;1405;Mimifell;1.000000;30;Itchiloo
1978;Mimifell;1405;Mimifell;1.000000;30;Itchiloo
1979;Mimifell;1405;Mimifell;1.000000;30;Itchiloo
1980;Mimifell;1405;Mimifell;1.000000;30;Itchiloo
1981;Ost-Lynxsi;487;Ost-Lynxsi;1.000000;38;Meownich
1982;Channecy;556;Channecy;1.000000;44;Catpine Range
1983;Channecy;556;Channecy;1.000000;44;Catpine Range
1984;Sankt Krokersburg;105;Sankt Krokersburg;1.000000;200;Amfibien
1985;Far East Lokout 3;1084;Far East Lokout 3;1.000000;331;Puffiland3
1986;Far East Lokout 3;1084;Far East Lokout 3;1.000000;331;Puffiland3
1987;Far East Lokout 3;1084;Far East Lokout 3;1.000000;331;Puffiland3
1988;Far East Lokout 3;1084;Far East Lokout 3;1.000000;331;Puffiland3
1989;Gathills;517;Gathills;1.000000;30;Itchiloo
1990;Gathills;517;Gathills;1.000000;30;Itchiloo
1991;Gathills;517;Gathills;1.000000;30;Itchiloo
1992;Meowcerne;554;Meowcerne;1.000000;45;Struken
1993;North Northern Heart Mountains;210;North Northern Heart Mountains;1.000000;360;Midflusionea19
1994;North Northern Heart Mountains;210;North Northern Heart Mountains;0.902490;360;Midflusionea19
1995;North Northern Heart Mountains;210;North Northern Heart Mountains;1.000000;360;Midflusionea19
1996;North Northern Heart Mountains;210;North Northern Heart Mountains;1.000000;360;Midflusionea19
1997;North Northern Heart Mountains;210;North Northern Heart Mountains;1.000000;360;Midflusionea19
1998;Rat;1417;Rat;1.000000;36;Katzen Hills
1999;Rat;1417;Rat;1.000000;36;Katzen Hills
2000;North Quiveria;1090;North Quiveria;1.000000;337;Puffiland9
2001;Sud-Solagnaw;118;Sud-Solagnaw;0.941278;37;Solagnaw
2002;Sud-Solagnaw;118;Sud-Solagnaw;1.000000;37;Solagnaw
2003;Kronknoyarskien;1044;Kronknoyarskien;1.000000;200;Amfibien
2004;Yasnbrask;1039;Yasnbrask;1.000000;308;Aleksis
2005;Yasnbrask;1039;Yasnbrask;1.000000;308;Aleksis
2006;Far West Lokout 3;1091;Far West Lokout 3;1.000000;339;Puffiland11
2007;Far East Lokout 3;1084;Far East Lokout 3;1.000000;331;Puffiland3
2008;Kibblesben;1419;Kibblesben;1.000000;37;Solagnaw
2009;Kibblesben;1419;Kibblesben;1.000000;37;Solagnaw
2010;Meownich;110;Meownich;1.000000;38;Meownich
2011;Meowcerne;554;Meowcerne;1.000000;45;Struken
2012;Meowcerne;554;Meowcerne;1.000000;45;Struken
2013;Meowcerne;554;Meowcerne;1.000000;45;Struken
2014;Lunre;615;Lunre;1.000000;140;Krokatzia
2015;Near North Northern Heart Mountains;1263;Near North Northern Heart Mountains;1.000000;1;Flusionea
2016;Rossevanejt;923;Rossevanejt;1.000000;207;Western Sueno Del Sol
2017;Rossevanejt;923;Rossevanejt;1.000000;207;Western Sueno Del Sol
2018;Rossevanejt;923;Rossevanejt;1.000000;207;Western Sueno Del Sol
2019;Belkansavet;918;Belkansavet;1.000000;209;Belkansavet
2020;Belkansavet;918;Belkansavet;1.000000;209;Belkansavet
2021;Katzil;119;Katzil;1.000000;36;Katzen Hills
2022;Ost-Lynxsi;487;Ost-Lynxsi;1.000000;38;Meownich
2023;South Lokout;125;South Lokout;1.000000;337;Puffiland9
2024;South Lokout;125;South Lokout;1.000000;337;Puffiland9
2025;South Lokout;125;South Lokout;1.000000;337;Puffiland9
2026;North Western Ejac;114;North Western Ejac;1.000000;340;Puffiland12
2027;Far South Lokout;1089;Far South Lokout;1.000000;337;Puffiland9
2028;Darwinsball;1442;Darwinsball;0.837709;36;Katzen Hills
2029;Far East Praw 13;1497;Far East Praw 13;1.000000;140;Krokatzia
2030;Far East Praw 13;1497;Far East Praw 13;1.000000;140;Krokatzia
2031;Far East Praw 13;1497;Far East Praw 13;1.000000;140;Krokatzia
2032;Gathills;517;Gathills;1.000000;30;Itchiloo
2033;Gathills;517;Gathills;1.000000;30;Itchiloo
2034;Southern Ezicania;127;Southern Ezicania;1.000000;237;Tiefland
2035;Southern Ezicania;127;Southern Ezicania;1.000000;237;Tiefland
2036;Southern Ezicania;127;Southern Ezicania;1.000000;237;Tiefland
2037;Southern Ezicania;127;Southern Ezicania;1.000000;237;Tiefland
2038;Southern Ezicania;127;Southern Ezicania;1.000000;237;Tiefland
2039;Luchsi;559;Luchsi;1.000000;38;Meownich
2040;Basquerud;926;Basquerud;1.000000;208;Eastern Sueno Del Sol
2041;Solar Valley;117;Solar Valley;1.000000;140;Krokatzia
2042;Solar Valley;117;Solar Valley;1.000000;140;Krokatzia
2043;Basquerud;926;Basquerud;1.000000;208;Eastern Sueno Del Sol
2044;Basquerud;926;Basquerud;1.000000;208;Eastern Sueno Del Sol
2045;Lynxsi;122;Lynxsi;1.000000;38;Meownich
2046;Lynxsi;122;Lynxsi;1.000000;38;Meownich
2047;Ost-Lynxsi;487;Ost-Lynxsi;1.000000;38;Meownich
2048;Ost-Lynxsi;487;Ost-Lynxsi;1.000000;38;Meownich
2049;Struken;121;Struken;1.000000;45;Struken
2050;Struken;121;Struken;1.000000;45;Struken
2051;South Kronkia 8;1477;South Kronkia 8;0.987879;200;Amfibien
2052;Kronknoyarskien;1044;Kronknoyarskien;1.000000;200;Amfibien
2053;North Northern Heart Mountains;210;North Northern Heart Mountains;1.000000;360;Midflusionea19
2054;North Northern Heart Mountains;210;North Northern Heart Mountains;1.000000;360;Midflusionea19
2055;North Northern Heart Mountains;210;North Northern Heart Mountains;1.000000;360;Midflusionea19
2056;North Northern Heart Mountains;210;North Northern Heart Mountains;1.000000;360;Midflusionea19
2057;Sankt Krokersburg;105;Sankt Krokersburg;1.000000;200;Amfibien
2058;Sankt Krokersburg;105;Sankt Krokersburg;1.000000;200;Amfibien
2059;Nord-Amphisk;120;Nord-Amphisk;1.000000;200;Amfibien
2060;North Quiveria;1090;North Quiveria;1.000000;337;Puffiland9
2061;Meostadt;562;Meostadt;0.987277;30;Itchiloo
2062;Meostadt;562;Meostadt;0.913495;30;Itchiloo
2063;Süd-Auralien;115;Süd-Auralien;1.000000;30;Itchiloo
2064;Süd-Auralien;115;Süd-Auralien;0.965318;30;Itchiloo
2065;Süd-Auralien;115;Süd-Auralien;1.000000;30;Itchiloo
2066;Gathills;517;Gathills;1.000000;30;Itchiloo
2067;Shromar;618;Shromar;1.000000;120;Bryumen
2068;Shromar;618;Shromar;1.000000;120;Bryumen
2069;Far West Lokout 3;1091;Far West Lokout 3;1.000000;339;Puffiland11
2070;Darwinsball;1442;Darwinsball;1.000000;36;Katzen Hills
2071;Near South Lokout;1342;Near South Lokout;1.000000;337;Puffiland9
2072;Near South Lokout;1342;Near South Lokout;1.000000;337;Puffiland9
2073;Far East Lokout 3;1084;Far East Lokout 3;1.000000;331;Puffiland3
2074;Varinka;614;Varinka;1.000000;140;Krokatzia
2075;Varinka;614;Varinka;1.000000;140;Krokatzia
2076;Varinka;614;Varinka;1.000000;140;Krokatzia
2077;Varinka;614;Varinka;1.000000;140;Krokatzia
2078;Temenice;917;Temenice;1.000000;209;Belkansavet
2079;Katzil;119;Katzil;1.000000;36;Katzen Hills
2080;Northeastern Grand Hills;525;Northeastern Grand Hills;0.518812;36;Katzen Hills
2081;Northeastern Grand Hills;525;Northeastern Grand Hills;0.848765;36;Katzen Hills
2082;South Kronkia 2;1501;South Kronkia 2;1.000000;120;Bryumen
2083;South Kronkia 2;1501;South Kronkia 2;1.000000;120;Bryumen
2084;Far West Fodaria 2;1486;Far West Fodaria 2;1.000000;307;Yinjatzbereich
2085;East Northern Ezicania;1264;East Northern Ezicania;1.000000;347;Midflusionea6
2086;Channecy;556;Channecy;1.000000;44;Catpine Range
2087;Nord-Amphisk;120;Nord-Amphisk;1.000000;200;Amfibien
2088;Nord-Amphisk;120;Nord-Amphisk;1.000000;200;Amfibien
2089;Nord-Amphisk;120;Nord-Amphisk;1.000000;200;Amfibien
2090;West Northern Ezicania;107;West Northern Ezicania;1.000000;346;Midflusionea5
2091;Blasteropolis;490;Blasteropolis;1.000000;21;Pawscow
2092;Blasteropolis;490;Blasteropolis;1.000000;21;Pawscow
2093;Blasteropolis;490;Blasteropolis;1.000000;21;Pawscow
2094;Blasteropolis;490;Blasteropolis;1.000000;21;Pawscow
2095;Blasteropolis;490;Blasteropolis;1.000000;21;Pawscow
2096;Lunre;615;Lunre;1.000000;140;Krokatzia
2097;Kronkienstadt;1541;Kronkienstadt;1.000000;200;Amfibien
2098;Kronkienstadt;1541;Kronkienstadt;1.000000;200;Amfibien
2099;Kronkienstadt;1541;Kronkienstadt;0.988067;200;Amfibien
2100;West Northern Ezicania;107;West Northern Ezicania;1.000000;346;Midflusionea5
2101;North Western Ejac;114;North Western Ejac;1.000000;340;Puffiland12
2102;Far East Lokout 6;1082;Far East Lokout 6;1.000000;331;Puffiland3
2103;Far East Lokout 6;1082;Far East Lokout 6;1.000000;331;Puffiland3
2104;Far East Lokout 6;1082;Far East Lokout 6;1.000000;331;Puffiland3
2105;Rat;1417;Rat;1.000000;36;Katzen Hills
2106;Rat;1417;Rat;1.000000;36;Katzen Hills
2107;Rat;1417;Rat;1.000000;36;Katzen Hills
2108;Rossevanejt;923;Rossevanejt;1.000000;207;Western Sueno Del Sol
2109;Luchsi;559;Luchsi;1.000000;38;Meownich
2110;Meowcerne;554;Meowcerne;1.000000;45;Struken
2111;Sudstruken;555;Sudstruken;1.000000;45;Struken
2112;Sudstruken;555;Sudstruken;1.000000;45;Struken
2113;Sudstruken;555;Sudstruken;1.000000;45;Struken
2114;Shromar;618;Shromar;1.000000;120;Bryumen
2115;Shromar;618;Shromar;1.000000;120;Bryumen
2116;Shromar;618;Shromar;1.000000;120;Bryumen
2117;Kronknoyarskien;1044;Kronknoyarskien;1.000000;200;Amfibien
2118;Near South Lokout;1342;Near South Lokout;1.000000;337;Puffiland9
2119;Magnitokronsk;128;Magnitokronsk;1.000000;303;Amphisk
2120;Magnitokronsk;128;Magnitokronsk;1.000000;303;Amphisk
2121;Magnitokronsk;128;Magnitokronsk;1.000000;303;Amphisk
2122;Magnitokronsk;128;Magnitokronsk;1.000000;303;Amphisk
2123;Far East Praw 13;1497;Far East Praw 13;1.000000;140;Krokatzia
2124;Far East Lokout 3;1084;Far East Lokout 3;1.000000;331;Puffiland3
2125;Far East Lokout 6;1082;Far East Lokout 6;1.000000;331;Puffiland3
2126;Waimern;123;Waimern;1.000000;120;Bryumen
2127;North Kronkia 4;1488;North Kronkia 4;0.518072;200;Amfibien
2128;South Lokout;125;South Lokout;1.000000;337;Puffiland9
2129;Basquerud;926;Basquerud;1.000000;208;Eastern Sueno Del Sol
2130;Basquerud;926;Basquerud;1.000000;208;Eastern Sueno Del Sol
2131;Basquerud;926;Basquerud;1.000000;208;Eastern Sueno Del Sol
2132;Far West Lokout 5;1240;Far West Lokout 5;1.000000;340;Puffiland12
2133;Far West Lokout 5;1240;Far West Lokout 5;1.000000;340;Puffiland12
2134;White Peaks Valley;528;White Peaks Valley;1.000000;36;Katzen Hills
2135;White Peaks Valley;528;White Peaks Valley;1.000000;36;Katzen Hills
2136;White Peaks Valley;528;White Peaks Valley;0.590517;36;Katzen Hills
2137;Solar Valley;117;Solar Valley;1.000000;140;Krokatzia
2138;Solar Valley;117;Solar Valley;1.000000;140;Krokatzia
2139;East Fodaria 6;1550;East Fodaria 6;0.782772;309;Greater Bundengrad
2140;East Fodaria 6;1550;East Fodaria 6;1.000000;309;Greater Bundengrad
2141;East Fodaria 6;1550;East Fodaria 6;1.000000;309;Greater Bundengrad
2142;Near North Northern Ezicania;1220;Near North Northern Ezicania;1.000000;348;Midflusionea7
2143;Near North Northern Ezicania;1220;Near North Northern Ezicania;1.000000;348;Midflusionea7
2144;Near North Northern Ezicania;1220;Near North Northern Ezicania;1.000000;348;Midflusionea7
2145;East Northern Ezicania;1264;East Northern Ezicania;1.000000;347;Midflusionea6
2146;East Northern Ezicania;1264;East Northern Ezicania;1.000000;347;Midflusionea6
2147;East Northern Ezicania;1264;East Northern Ezicania;0.971360;347;Midflusionea6
2148;East Northern Ezicania;1264;East Northern Ezicania;1.000000;347;Midflusionea6
2149;Katnemasse;549;Katnemasse;1.000000;42;Gruyettburg
2150;Katnemasse;549;Katnemasse;1.000000;42;Gruyettburg
2151;Solar Valley;117;Solar Valley;1.000000;140;Krokatzia
2152;Solar Valley;117;Solar Valley;1.000000;140;Krokatzia
2153;Philroen;124;Philroen;1.000000;120;Bryumen
2154;Far West Lokout 5;1240;Far West Lokout 5;1.000000;340;Puffiland12
2155;Far West Lokout 5;1240;Far West Lokout 5;1.000000;340;Puffiland12
2156;Far West Lokout 5;1240;Far West Lokout 5;1.000000;340;Puffiland12
2157;Far West Lokout 5;1240;Far West Lokout 5;1.000000;340;Puffiland12
2158;Far West Lokout 5;1240;Far West Lokout 5;1.000000;340;Puffiland12
2159;Far West Lokout 3;1091;Far West Lokout 3;1.000000;339;Puffiland11
2160;Far West Lokout 3;1091;Far West Lokout 3;1.000000;339;Puffiland11
2161;Hopplandesk;924;Hopplandesk;1.000000;207;Western Sueno Del Sol
2162;Hopplandesk;924;Hopplandesk;1.000000;207;Western Sueno Del Sol
2163;South Fodaria 5;1549;South Fodaria 5;1.000000;309;Greater Bundengrad
2164;South Fodaria 5;1549;South Fodaria 5;1.000000;309;Greater Bundengrad
2165;South Fodaria 5;1549;South Fodaria 5;1.000000;309;Greater Bundengrad
2166;Roghalande;925;Roghalande;0.785582;207;Western Sueno Del Sol
2167;Roghalande;925;Roghalande;1.000000;207;Western Sueno Del Sol
2168;Roghalande;925;Roghalande;1.000000;207;Western Sueno Del Sol
2169;Roghalande;925;Roghalande;1.000000;207;Western Sueno Del Sol
2170;Far East Lokout 6;1082;Far East Lokout 6;1.000000;331;Puffiland3
2171;Far East Lokout 6;1082;Far East Lokout 6;1.000000;331;Puffiland3
2172;Far East Lokout 6;1082;Far East Lokout 6;1.000000;331;Puffiland3
2173;Far East Lokout 6;1082;Far East Lokout 6;1.000000;331;Puffiland3
2174;Hopplandesk;924;Hopplandesk;1.000000;207;Western Sueno Del Sol
2175;Belkansavet;918;Belkansavet;1.000000;209;Belkansavet
2176;Belkansavet;918;Belkansavet;1.000000;209;Belkansavet
2177;Lionlakstadt;548;Lionlakstadt;1.000000;42;Gruyettburg
2178;Lionlakstadt;548;Lionlakstadt;1.000000;42;Gruyettburg
2179;Lionlakstadt;548;Lionlakstadt;1.000000;42;Gruyettburg
2180;Lionlakstadt;548;Lionlakstadt;1.000000;42;Gruyettburg
2181;South Fodaria 5;1549;South Fodaria 5;1.000000;309;Greater Bundengrad
2182;Near South Lokout;1342;Near South Lokout;1.000000;337;Puffiland9
2183;Zentralpraw;1420;Zentralpraw;1.000000;37;Solagnaw
2184;Zentralpraw;1420;Zentralpraw;1.000000;37;Solagnaw
2185;Zentralpraw;1420;Zentralpraw;0.985047;37;Solagnaw
2186;South Fodaria 5;1549;South Fodaria 5;1.000000;309;Greater Bundengrad
2187;Near South Lokout;1342;Near South Lokout;1.000000;337;Puffiland9
2188;Far North Northern Heart Mountains;1268;Far North Northern Heart Mountains;1.000000;360;Midflusionea19
2189;Far North Northern Heart Mountains;1268;Far North Northern Heart Mountains;1.000000;360;Midflusionea19
2190;Far North Northern Heart Mountains;1268;Far North Northern Heart Mountains;1.000000;360;Midflusionea19
2191;Far North Northern Heart Mountains;1268;Far North Northern Heart Mountains;1.000000;360;Midflusionea19
2192;Far North Northern Heart Mountains;1268;Far North Northern Heart Mountains;1.000000;360;Midflusionea19
2193;Süd-Auralien;115;Süd-Auralien;1.000000;30;Itchiloo
2194;Near South Lokout;1342;Near South Lokout;1.000000;337;Puffiland9
2195;Near South Lokout;1342;Near South Lokout;1.000000;337;Puffiland9
2196;Meterhills;133;Meterhills;1.000000;37;Solagnaw
2197;Meterhills;133;Meterhills;1.000000;37;Solagnaw
2198;East Northern Ezicania;1264;East Northern Ezicania;0.997947;347;Midflusionea6
2199;East Northern Ezicania;1264;East Northern Ezicania;1.000000;347;Midflusionea6
2200;Meowzan;1539;Meowzan;0.998305;308;Aleksis
2201;Temenice;917;Temenice;1.000000;209;Belkansavet
2202;Temenice;917;Temenice;1.000000;209;Belkansavet
2203;Philroen;124;Philroen;1.000000;120;Bryumen
2204;Felstigerfels;138;Felstigerfels;1.000000;30;Itchiloo
2205;Yasnodrien;1540;Yasnodrien;1.000000;308;Aleksis
2206;Yasnodrien;1540;Yasnodrien;1.000000;308;Aleksis
2207;Yasnodrien;1540;Yasnodrien;1.000000;308;Aleksis
2208;Yasnodrien;1540;Yasnodrien;1.000000;308;Aleksis
2209;Far North Northern Heart Mountains 3;1235;Far North Northern Heart Mountains 3;1.000000;360;Midflusionea19
2210;Chawrnihiv;1480;Chawrnihiv;1.000000;308;Aleksis
2211;Chawrnihiv;1480;Chawrnihiv;1.000000;308;Aleksis
2212;Chawrnihiv;1480;Chawrnihiv;1.000000;308;Aleksis
2213;Chawrnihiv;1480;Chawrnihiv;0.819095;308;Aleksis
2214;Hopplandesk;924;Hopplandesk;1.000000;207;Western Sueno Del Sol
2215;Hopplandesk;924;Hopplandesk;1.000000;207;Western Sueno Del Sol
2216;Bojnika Coast;126;Bojnika Coast;1.000000;210;Bojnika
2217;Bojnika Coast;126;Bojnika Coast;1.000000;210;Bojnika
2218;Bojnika Coast;126;Bojnika Coast;1.000000;210;Bojnika
2219;Bojnika Coast;126;Bojnika Coast;1.000000;210;Bojnika
2220;Katnemasse;549;Katnemasse;1.000000;42;Gruyettburg
2221;Katnemasse;549;Katnemasse;1.000000;42;Gruyettburg
2222;Katnemasse;549;Katnemasse;1.000000;42;Gruyettburg
2223;Katnemasse;549;Katnemasse;1.000000;42;Gruyettburg
2224;Luchsi;559;Luchsi;1.000000;38;Meownich
2225;North Kronkia 1;1500;North Kronkia 1;1.000000;120;Bryumen
2226;North Kronkia 1;1500;North Kronkia 1;1.000000;120;Bryumen
2227;Meowzan;1539;Meowzan;1.000000;308;Aleksis
2228;Meowzan;1539;Meowzan;1.000000;308;Aleksis
2229;Far North Northern Heart Mountains 3;1235;Far North Northern Heart Mountains 3;0.844512;360;Midflusionea19
2230;Far North Northern Heart Mountains 3;1235;Far North Northern Heart Mountains 3;1.000000;360;Midflusionea19
2231;Far North Northern Heart Mountains 3;1235;Far North Northern Heart Mountains 3;1.000000;360;Midflusionea19
2232;Felstigerfels;138;Felstigerfels;1.000000;30;Itchiloo
2233;Felstigerfels;138;Felstigerfels;1.000000;30;Itchiloo
2234;Teragaron;617;Teragaron;1.000000;120;Bryumen
2235;Teragaron;617;Teragaron;1.000000;120;Bryumen
2236;Teragaron;617;Teragaron;1.000000;120;Bryumen
2237;Teragaron;617;Teragaron;1.000000;120;Bryumen
2238;Teragaron;617;Teragaron;1.000000;120;Bryumen
2239;Mimifell;1405;Mimifell;1.000000;30;Itchiloo
2240;Lionlakstadt;548;Lionlakstadt;1.000000;42;Gruyettburg
2241;Shroom Valley;619;Shroom Valley;1.000000;120;Bryumen
2242;Southern Ezicania;127;Southern Ezicania;1.000000;237;Tiefland
2243;Southern Ezicania;127;Southern Ezicania;1.000000;237;Tiefland
2244;Praw;1418;Praw;1.000000;36;Katzen Hills
2245;Philroen;124;Philroen;1.000000;120;Bryumen
2246;South Fodaria 5;1549;South Fodaria 5;1.000000;309;Greater Bundengrad
2247;East Fodaria 6;1550;East Fodaria 6;0.776680;309;Greater Bundengrad
2248;East Fodaria 6;1550;East Fodaria 6;1.000000;309;Greater Bundengrad
2249;Belkansavet;918;Belkansavet;1.000000;209;Belkansavet
2250;Near East Southern Ezicania;139;Near East Southern Ezicania;1.000000;237;Tiefland
2251;Near East Southern Ezicania;139;Near East Southern Ezicania;1.000000;237;Tiefland
2252;Northern Ezicania;92;Northern Ezicania;0.986745;347;Midflusionea6
2253;Near East Lokout;1333;Near East Lokout;1.000000;334;Puffiland6
2254;Near East Lokout;1333;Near East Lokout;1.000000;334;Puffiland6
2255;Far East Lokout 3;1084;Far East Lokout 3;1.000000;331;Puffiland3
2256;Elteriak;1406;Elteriak;1.000000;30;Itchiloo
2257;Zentralpraw;1420;Zentralpraw;1.000000;37;Solagnaw
2258;Near East Southern Ezicania;139;Near East Southern Ezicania;1.000000;237;Tiefland
2259;Near East Southern Ezicania;139;Near East Southern Ezicania;1.000000;237;Tiefland
2260;Near East Southern Ezicania;139;Near East Southern Ezicania;1.000000;237;Tiefland
2261;Near East Southern Ezicania;139;Near East Southern Ezicania;1.000000;237;Tiefland
2262;Felstigerfels;138;Felstigerfels;1.000000;30;Itchiloo
2263;Felstigerfels;138;Felstigerfels;1.000000;30;Itchiloo
2264;Salamandria;1479;Salamandria;1.000000;303;Amphisk
2265;Salamandria;1479;Salamandria;1.000000;303;Amphisk
2266;Salamandria;1479;Salamandria;1.000000;303;Amphisk
2267;Far West Lokout 3;1091;Far West Lokout 3;1.000000;339;Puffiland11
2268;Felstigerfels;138;Felstigerfels;1.000000;30;Itchiloo
2269;Felstigerfels;138;Felstigerfels;1.000000;30;Itchiloo
2270;Felstigerfels;138;Felstigerfels;1.000000;30;Itchiloo
2271;Shroom Valley;619;Shroom Valley;1.000000;120;Bryumen
2272;Shroom Valley;619;Shroom Valley;1.000000;120;Bryumen
2273;Near North Northern Ezicania;1220;Near North Northern Ezicania;1.000000;348;Midflusionea7
2274;Near North Northern Ezicania;1220;Near North Northern Ezicania;1.000000;348;Midflusionea7
2275;Near North Northern Ezicania;1220;Near North Northern Ezicania;1.000000;348;Midflusionea7
2276;Praw;1418;Praw;1.000000;36;Katzen Hills
2277;Praw;1418;Praw;1.000000;36;Katzen Hills
2278;Praw;1418;Praw;1.000000;36;Katzen Hills
2279;West Meterhills;526;West Meterhills;1.000000;36;Katzen Hills
2280;West Meterhills;526;West Meterhills;1.000000;36;Katzen Hills
2281;West Meterhills;526;West Meterhills;1.000000;36;Katzen Hills
2282;Catka;135;Catka;0.921569;43;Lionita
2283;Catka;135;Catka;1.000000;43;Lionita
2284;Catka;135;Catka;1.000000;43;Lionita
2285;Lorisgrad;1043;Lorisgrad;1.000000;303;Amphisk
2286;Lorisgrad;1043;Lorisgrad;1.000000;303;Amphisk
2287;Lorisgrad;1043;Lorisgrad;1.000000;303;Amphisk
2288;West Lokout;1092;West Lokout;1.000000;339;Puffiland11
2289;West Lokout;1092;West Lokout;1.000000;339;Puffiland11
2290;West Lokout;1092;West Lokout;1.000000;339;Puffiland11
2291;West Lokout;1092;West Lokout;1.000000;339;Puffiland11
2292;West Lokout;1092;West Lokout;1.000000;339;Puffiland11
2293;Far East Lokout 6;1082;Far East Lokout 6;1.000000;331;Puffiland3
2294;West Meterhills;526;West Meterhills;1.000000;36;Katzen Hills
2295;Grüyettburg;131;Grüyettburg;1.000000;42;Gruyettburg
2296;Grüyettburg;131;Grüyettburg;1.000000;42;Gruyettburg
2297;Near North Northern Ezicania;1220;Near North Northern Ezicania;1.000000;348;Midflusionea7
2298;Near North Northern Ezicania;1220;Near North Northern Ezicania;1.000000;348;Midflusionea7
2299;Near North Northern Ezicania;1220;Near North Northern Ezicania;1.000000;348;Midflusionea7
2300;Catka;135;Catka;1.000000;43;Lionita
2301;Shroom Valley;619;Shroom Valley;0.984940;120;Bryumen
2302;Meowzan;1539;Meowzan;1.000000;308;Aleksis
2303;Ezicania Pass;141;Ezicania Pass;1.000000;237;Tiefland
2304;Ezicania Pass;141;Ezicania Pass;1.000000;237;Tiefland
2305;Northeastern Grand Hills;525;Northeastern Grand Hills;1.000000;36;Katzen Hills
2306;Northeastern Grand Hills;525;Northeastern Grand Hills;1.000000;36;Katzen Hills
2307;Northeastern Grand Hills;525;Northeastern Grand Hills;1.000000;36;Katzen Hills
2308;Far North Northern Heart Mountains;1268;Far North Northern Heart Mountains;0.994141;360;Midflusionea19
2309;Lionsbach;132;Lionsbach;1.000000;42;Gruyettburg
2310;Philroen;124;Philroen;1.000000;120;Bryumen
2311;Hopplandesk;924;Hopplandesk;1.000000;207;Western Sueno Del Sol
2312;Crimmatz;1468;Crimmatz;1.000000;36;Katzen Hills
2313;North Kronkia 1;1500;North Kronkia 1;1.000000;120;Bryumen
2314;North Kronkia 1;1500;North Kronkia 1;1.000000;120;Bryumen
2315;Lokout;137;Lokout;1.000000;336;Puffiland8
2316;Lokout;137;Lokout;1.000000;336;Puffiland8
2317;Lokout;137;Lokout;1.000000;336;Puffiland8
2318;Lokout;137;Lokout;1.000000;336;Puffiland8
2319;Lokout;137;Lokout;1.000000;336;Puffiland8
2320;Lokout;137;Lokout;1.000000;336;Puffiland8
2321;Near East Lokout;1333;Near East Lokout;1.000000;334;Puffiland6
2322;Near East Lokout;1333;Near East Lokout;1.000000;334;Puffiland6
2323;Aluminitas;611;Aluminitas;1.000000;303;Amphisk
2324;Lokout;137;Lokout;1.000000;336;Puffiland8
2325;Lokout;137;Lokout;1.000000;336;Puffiland8
2326;Temenice;917;Temenice;1.000000;209;Belkansavet
2327;Western Grand Hills;136;Western Grand Hills;1.000000;36;Katzen Hills
2328;Western Grand Hills;136;Western Grand Hills;1.000000;36;Katzen Hills
2329;Western Grand Hills;136;Western Grand Hills;1.000000;36;Katzen Hills
2330;Kattnecy;550;Kattnecy;1.000000;43;Lionita
2331;Far West Lokout 5;1240;Far West Lokout 5;1.000000;340;Puffiland12
2332;Far West Lokout 5;1240;Far West Lokout 5;1.000000;340;Puffiland12
2333;Far East Lokout 5;1344;Far East Lokout 5;1.000000;331;Puffiland3
2334;Far East Lokout 5;1344;Far East Lokout 5;1.000000;331;Puffiland3
2335;Far East Lokout 5;1344;Far East Lokout 5;1.000000;331;Puffiland3
2336;Far East Lokout 5;1344;Far East Lokout 5;1.000000;331;Puffiland3
2337;Hoffstadt;915;Hoffstadt;1.000000;209;Belkansavet
2338;Hoffstadt;915;Hoffstadt;1.000000;209;Belkansavet
2339;Kattnecy;550;Kattnecy;1.000000;43;Lionita
2340;Kattnecy;550;Kattnecy;1.000000;43;Lionita
2341;Lionsbach;132;Lionsbach;1.000000;42;Gruyettburg
2342;Lionsbach;132;Lionsbach;1.000000;42;Gruyettburg
2343;Lionsbach;132;Lionsbach;0.997167;42;Gruyettburg
2344;Varinka;614;Varinka;1.000000;140;Krokatzia
2345;Far North Northern Heart Mountains 3;1235;Far North Northern Heart Mountains 3;1.000000;360;Midflusionea19
2346;Far North Northern Heart Mountains 3;1235;Far North Northern Heart Mountains 3;1.000000;360;Midflusionea19
2347;Chawrnihiv;1480;Chawrnihiv;1.000000;308;Aleksis
2348;Near East Lokout;1333;Near East Lokout;1.000000;334;Puffiland6
2349;South Cize;144;South Cize;1.000000;237;Tiefland
2350;South Cize;144;South Cize;1.000000;237;Tiefland
2351;South Cize;144;South Cize;1.000000;237;Tiefland
2352;South Cize;144;South Cize;1.000000;237;Tiefland
2353;Crimmatz;1468;Crimmatz;1.000000;36;Katzen Hills
2354;Crimmatz;1468;Crimmatz;1.000000;36;Katzen Hills
2355;Crimmatz;1468;Crimmatz;1.000000;36;Katzen Hills
2356;Western Shroom Hills;1012;Western Shroom Hills;1.000000;290;Sanguine Hills
2357;Western Shroom Hills;1012;Western Shroom Hills;1.000000;290;Sanguine Hills
2358;West Lokout;1092;West Lokout;1.000000;339;Puffiland11
2359;West Lokout;1092;West Lokout;1.000000;339;Puffiland11
2360;Meterhills;133;Meterhills;1.000000;37;Solagnaw
2361;Meterhills;133;Meterhills;1.000000;37;Solagnaw
2362;West Lokout;1092;West Lokout;1.000000;339;Puffiland11
2363;West Lokout;1092;West Lokout;1.000000;339;Puffiland11
2364;Far East Lokout 6;1082;Far East Lokout 6;1.000000;331;Puffiland3
2365;Elteriak;1406;Elteriak;1.000000;30;Itchiloo
2366;Elteriak;1406;Elteriak;1.000000;30;Itchiloo
2367;Elteriak;1406;Elteriak;1.000000;30;Itchiloo
2368;Elteriak;1406;Elteriak;1.000000;30;Itchiloo
2369;Northeastern Grand Hills;525;Northeastern Grand Hills;1.000000;36;Katzen Hills
2370;Praw;1418;Praw;1.000000;36;Katzen Hills
2371;Katnemasse;549;Katnemasse;1.000000;42;Gruyettburg
2372;Janglastadt;546;Janglastadt;1.000000;43;Lionita
2373;Janglastadt;546;Janglastadt;1.000000;43;Lionita
2374;Janglastadt;546;Janglastadt;1.000000;43;Lionita
2375;Kattnecy;550;Kattnecy;1.000000;43;Lionita
2376;Kattnecy;550;Kattnecy;1.000000;43;Lionita
2377;Fort Bear;1261;Fort Bear;1.000000;360;Midflusionea19
2378;Fort Bear;1261;Fort Bear;1.000000;360;Midflusionea19
2379;South Katezic;130;South Katezic;1.000000;359;Midflusionea18
2380;East Lokout;1335;East Lokout;1.000000;334;Puffiland6
2381;East Lokout;1335;East Lokout;1.000000;334;Puffiland6
2382;Near North Ezicania Pass;145;Near North Ezicania Pass;1.000000;237;Tiefland
2383;Near North Ezicania Pass;145;Near North Ezicania Pass;1.000000;237;Tiefland
2384;Near North Ezicania Pass;145;Near North Ezicania Pass;1.000000;237;Tiefland
2385;North Southern Ezicania;148;North Southern Ezicania;1.000000;237;Tiefland
2386;North Southern Ezicania;148;North Southern Ezicania;0.978114;237;Tiefland
2387;Shroomfluss;1011;Shroomfluss;1.000000;290;Sanguine Hills
2388;Western Shroom Hills;1012;Western Shroom Hills;1.000000;290;Sanguine Hills
2389;Shroomfluss;1011;Shroomfluss;1.000000;290;Sanguine Hills
2390;Magnitokronk;1478;Magnitokronk;1.000000;303;Amphisk
2391;Magnitokronk;1478;Magnitokronk;1.000000;303;Amphisk
2392;Magnitokronk;1478;Magnitokronk;1.000000;303;Amphisk
2393;Magnitokronk;1478;Magnitokronk;1.000000;303;Amphisk
2394;East Lokout;1335;East Lokout;1.000000;334;Puffiland6
2395;Hoffstadt;915;Hoffstadt;0.785859;209;Belkansavet
2396;Roquajevo;916;Roquajevo;1.000000;209;Belkansavet
2397;West Meterhills;526;West Meterhills;1.000000;36;Katzen Hills
2398;Catka;135;Catka;1.000000;43;Lionita
2399;North Northern Ezicania;1267;North Northern Ezicania;1.000000;349;Midflusionea8
2400;North Northern Ezicania;1267;North Northern Ezicania;1.000000;349;Midflusionea8
2401;South Katezic;130;South Katezic;1.000000;359;Midflusionea18
2402;South Katezic;130;South Katezic;1.000000;359;Midflusionea18
2403;South Katezic;130;South Katezic;1.000000;359;Midflusionea18
2404;South Katezic;130;South Katezic;1.000000;359;Midflusionea18
2405;South Katezic;130;South Katezic;1.000000;359;Midflusionea18
2406;South Katezic;130;South Katezic;1.000000;359;Midflusionea18
2407;East Northern Ezicania;1264;East Northern Ezicania;1.000000;347;Midflusionea6
2408;Itchiloo;140;Itchiloo;1.000000;30;Itchiloo
2409;Itchiloo;140;Itchiloo;1.000000;30;Itchiloo
2410;Itchiloo;140;Itchiloo;1.000000;30;Itchiloo
2411;Itchiloo;140;Itchiloo;1.000000;30;Itchiloo
2412;Itchiloo;140;Itchiloo;1.000000;30;Itchiloo
2413;Itchiloo;140;Itchiloo;1.000000;30;Itchiloo
2414;Grüyettburg;131;Grüyettburg;1.000000;42;Gruyettburg
2415;Grüyettburg;131;Grüyettburg;1.000000;42;Gruyettburg
2416;Grüyettburg;131;Grüyettburg;1.000000;42;Gruyettburg
2417;Fort Bear;1261;Fort Bear;1.000000;360;Midflusionea19
2418;Fort Bear;1261;Fort Bear;1.000000;360;Midflusionea19
2419;Fort Bear;1261;Fort Bear;1.000000;360;Midflusionea19
2420;Far East Lokout 5;1344;Far East Lokout 5;1.000000;331;Puffiland3
2421;Cuddlezone;142;Cuddlezone;1.000000;36;Katzen Hills
2422;Cuddlezone;142;Cuddlezone;1.000000;36;Katzen Hills
2423;Cuddlezone;142;Cuddlezone;1.000000;36;Katzen Hills
2424;Katzenfluss;146;Katzenfluss;1.000000;129;Sudflutstadt
2425;Bojnika Coast;126;Bojnika Coast;1.000000;210;Bojnika
2426;Brambaceg;561;Brambaceg;1.000000;120;Bryumen
2427;Brambaceg;561;Brambaceg;1.000000;120;Bryumen
2428;Saltlarenstadt;1041;Saltlarenstadt;1.000000;308;Aleksis
2429;Saltlarenstadt;1041;Saltlarenstadt;1.000000;308;Aleksis
2430;Saltlarenstadt;1041;Saltlarenstadt;1.000000;308;Aleksis
2431;Saltlarenstadt;1041;Saltlarenstadt;0.992268;308;Aleksis
2432;East Lokout;1335;East Lokout;1.000000;334;Puffiland6
2433;Western Grand Hills;136;Western Grand Hills;1.000000;36;Katzen Hills
2434;Janglastadt;546;Janglastadt;1.000000;43;Lionita
2435;Katzenfluss;146;Katzenfluss;1.000000;129;Sudflutstadt
2436;Katzenfluss;146;Katzenfluss;1.000000;129;Sudflutstadt
2437;Katzenfluss;146;Katzenfluss;0.808197;129;Sudflutstadt
2438;Western Shroom Hills;1012;Western Shroom Hills;1.000000;290;Sanguine Hills
2439;Salamandria;1479;Salamandria;1.000000;303;Amphisk
2440;Gross-Amphisk;202;Gross-Amphisk;1.000000;303;Amphisk
2441;Gross-Amphisk;202;Gross-Amphisk;1.000000;303;Amphisk
2442;Gross-Amphisk;202;Gross-Amphisk;1.000000;303;Amphisk
2443;West Greater Bundengrad;1049;West Greater Bundengrad;1.000000;308;Aleksis
2444;West Greater Bundengrad;1049;West Greater Bundengrad;1.000000;308;Aleksis
2445;West Greater Bundengrad;1049;West Greater Bundengrad;1.000000;308;Aleksis
2446;Far North Northern Heart Mountains;1268;Far North Northern Heart Mountains;1.000000;360;Midflusionea19
2447;Near East Southern Ezicania;139;Near East Southern Ezicania;1.000000;237;Tiefland
2448;Lionsbach;132;Lionsbach;1.000000;42;Gruyettburg
2449;Lionsbach;132;Lionsbach;1.000000;42;Gruyettburg
2450;Western Shroom Hills;1012;Western Shroom Hills;1.000000;290;Sanguine Hills
2451;Aluminitas;611;Aluminitas;1.000000;303;Amphisk
2452;Mushile;516;Mushile;1.000000;30;Itchiloo
2453;Mushile;516;Mushile;1.000000;30;Itchiloo
2454;Mushile;516;Mushile;1.000000;30;Itchiloo
2455;Brambaceg;561;Brambaceg;1.000000;120;Bryumen
2456;Brambaceg;561;Brambaceg;1.000000;120;Bryumen
2457;Mushile;516;Mushile;1.000000;30;Itchiloo
2458;Sudflutstadt;597;Sudflutstadt;1.000000;129;Sudflutstadt
2459;Eastern Shroom Hills;1009;Eastern Shroom Hills;1.000000;290;Sanguine Hills
2460;Eastern Shroom Hills;1009;Eastern Shroom Hills;1.000000;290;Sanguine Hills
2461;Eastern Shroom Hills;1009;Eastern Shroom Hills;1.000000;290;Sanguine Hills
2462;Eastern Shroom Hills;1009;Eastern Shroom Hills;1.000000;290;Sanguine Hills
2463;Eastern Shroom Hills;1009;Eastern Shroom Hills;1.000000;290;Sanguine Hills
2464;Bojnika Mountains;919;Bojnika Mountains;1.000000;210;Bojnika
2465;Cuddlezone;142;Cuddlezone;1.000000;36;Katzen Hills
2466;Cuddlezone;142;Cuddlezone;1.000000;36;Katzen Hills
2467;Cuddlezone;142;Cuddlezone;1.000000;36;Katzen Hills
2468;Grüyettburg;131;Grüyettburg;1.000000;42;Gruyettburg
2469;Catka;135;Catka;1.000000;43;Lionita
2470;Saltlarenstadt;1481;Saltlarenstadt;1.000000;308;Aleksis
2471;Saltlarenstadt;1481;Saltlarenstadt;1.000000;308;Aleksis
2472;Saltlarenstadt;1481;Saltlarenstadt;0.997701;308;Aleksis
2473;Greater Bundengrad;1313;Greater Bundengrad;1.000000;309;Greater Bundengrad
2474;Greater Bundengrad;1313;Greater Bundengrad;1.000000;309;Greater Bundengrad
2475;Greater Bundengrad;1313;Greater Bundengrad;1.000000;309;Greater Bundengrad
2476;Far East Lokout 8;1081;Far East Lokout 8;1.000000;330;Puffiland2
2477;Far East Lokout 8;1081;Far East Lokout 8;1.000000;330;Puffiland2
2478;Far East Lokout 8;1081;Far East Lokout 8;1.000000;330;Puffiland2
2479;Southeastern Grand Hills;524;Southeastern Grand Hills;1.000000;36;Katzen Hills
2480;Southeastern Grand Hills;524;Southeastern Grand Hills;1.000000;36;Katzen Hills
2481;Southeastern Grand Hills;524;Southeastern Grand Hills;1.000000;36;Katzen Hills
2482;Southeastern Grand Hills;524;Southeastern Grand Hills;1.000000;36;Katzen Hills
2483;Crimmatz;1468;Crimmatz;0.580247;36;Katzen Hills
2484;Shroomfluss;1011;Shroomfluss;1.000000;290;Sanguine Hills
2485;Khesedien;150;Khesedien;1.000000;213;Oredsk
2486;Oredsk Outskirts;903;Oredsk Outskirts;1.000000;213;Oredsk
2487;Khesedien;150;Khesedien;0.542406;213;Oredsk
2488;Khesedien;150;Khesedien;1.000000;213;Oredsk
2489;Oredsk Outskirts;903;Oredsk Outskirts;0.730382;213;Oredsk
2490;Khesedien;150;Khesedien;1.000000;213;Oredsk
2491;Brambaceg;561;Brambaceg;1.000000;120;Bryumen
2492;Badrock;981;Badrock;1.000000;286;The Dish
2493;Badrock;981;Badrock;1.000000;286;The Dish
2494;Lokout;137;Lokout;1.000000;336;Puffiland8
2495;Cheet;1412;Cheet;1.000000;36;Katzen Hills
2496;Cheet;1412;Cheet;1.000000;36;Katzen Hills
2497;Cheet;1412;Cheet;1.000000;36;Katzen Hills
2498;Cheet;1412;Cheet;1.000000;36;Katzen Hills
2499;Cheet;1412;Cheet;1.000000;36;Katzen Hills
2500;Cheet;1412;Cheet;1.000000;36;Katzen Hills
2501;North Northern Ezicania;1267;North Northern Ezicania;1.000000;349;Midflusionea8
2502;North Northern Ezicania;1267;North Northern Ezicania;0.967925;349;Midflusionea8
2503;Fort Bear;1261;Fort Bear;1.000000;360;Midflusionea19
2504;Eibel;1446;Eibel;1.000000;43;Lionita
2505;Sudflutstadt;597;Sudflutstadt;1.000000;129;Sudflutstadt
2506;Sudflutstadt;597;Sudflutstadt;0.600000;129;Sudflutstadt
2507;East Northern Svitanok Desert;1224;East Northern Svitanok Desert;1.000000;348;Midflusionea7
2508;East Northern Svitanok Desert;1224;East Northern Svitanok Desert;1.000000;348;Midflusionea7
2509;Katstone;545;Katstone;1.000000;43;Lionita
2510;Katstone;545;Katstone;1.000000;43;Lionita
2511;Katstone;545;Katstone;1.000000;43;Lionita
2512;Katstone;545;Katstone;1.000000;43;Lionita
2513;Katstone;545;Katstone;1.000000;43;Lionita
2514;Katstone;545;Katstone;1.000000;43;Lionita
2515;Katstone;545;Katstone;1.000000;43;Lionita
2516;Katstone;545;Katstone;1.000000;43;Lionita
2517;Sanguine Hills;143;Sanguine Hills;1.000000;290;Sanguine Hills
2518;Sanguine Hills;143;Sanguine Hills;1.000000;290;Sanguine Hills
2519;Badrock;981;Badrock;1.000000;286;The Dish
2520;Badrock;981;Badrock;1.000000;286;The Dish
2521;Warm Springs;129;Warm Springs;1.000000;358;Midflusionea17
2522;Janglastadt;546;Janglastadt;1.000000;43;Lionita
2523;Janglastadt;546;Janglastadt;1.000000;43;Lionita
2524;Janglastadt;546;Janglastadt;1.000000;43;Lionita
2525;Magnitokronsk;1045;Magnitokronsk;1.000000;303;Amphisk
2526;Magnitokronsk;1045;Magnitokronsk;1.000000;303;Amphisk
2527;Magnitokronsk;1045;Magnitokronsk;1.000000;303;Amphisk
2528;Near North Northern Ezicania;1220;Near North Northern Ezicania;1.000000;348;Midflusionea7
2529;Warm Springs;129;Warm Springs;1.000000;358;Midflusionea17
2530;Near West Lokout;1087;Near West Lokout;1.000000;336;Puffiland8
2531;Near West Lokout;1087;Near West Lokout;1.000000;336;Puffiland8
2532;Near North Ezicania Pass;145;Near North Ezicania Pass;1.000000;237;Tiefland
2533;Fort Bear;1261;Fort Bear;1.000000;360;Midflusionea19
2534;South Katezic;130;South Katezic;1.000000;359;Midflusionea18
2535;Far West Lokout 4;1093;Far West Lokout 4;1.000000;338;Puffiland10
2536;Far West Lokout 4;1093;Far West Lokout 4;1.000000;338;Puffiland10
2537;Far East Lokout 4;1083;Far East Lokout 4;1.000000;334;Puffiland6
2538;Far East Lokout 4;1083;Far East Lokout 4;1.000000;334;Puffiland6
2539;Bojnika Mountains;919;Bojnika Mountains;1.000000;210;Bojnika
2540;Bojnika Mountains;919;Bojnika Mountains;1.000000;210;Bojnika
2541;Bojnika Mountains;919;Bojnika Mountains;1.000000;210;Bojnika
2542;Roquajevo;916;Roquajevo;1.000000;209;Belkansavet
2543;Mushile;516;Mushile;1.000000;30;Itchiloo
2544;Mushile;516;Mushile;1.000000;30;Itchiloo
2545;Eibel;1446;Eibel;1.000000;43;Lionita
2546;Eibel;1446;Eibel;1.000000;43;Lionita
2547;Eibel;1446;Eibel;1.000000;43;Lionita
2548;Eibel;1446;Eibel;1.000000;43;Lionita
2549;Itchiloo;140;Itchiloo;0.670659;30;Itchiloo
2550;Warm Springs;129;Warm Springs;1.000000;358;Midflusionea17
2551;Warm Springs;129;Warm Springs;1.000000;358;Midflusionea17
2552;Saltille;1445;Saltille;1.000000;42;Gruyettburg
2553;Saltille;1445;Saltille;1.000000;42;Gruyettburg
2554;Saltille;1445;Saltille;1.000000;42;Gruyettburg
2555;Saltille;1445;Saltille;1.000000;42;Gruyettburg
2556;Saltille;1445;Saltille;1.000000;42;Gruyettburg
2557;Greater Bundengrad;1313;Greater Bundengrad;1.000000;309;Greater Bundengrad
2558;Kijovt;149;Kijovt;1.000000;309;Greater Bundengrad
2559;Kijovt;149;Kijovt;1.000000;309;Greater Bundengrad
2560;Northern Nerva;920;Northern Nerva;1.000000;210;Bojnika
2561;Northern Nerva;920;Northern Nerva;1.000000;210;Bojnika
2562;Northern Nerva;920;Northern Nerva;1.000000;210;Bojnika
2563;Northern Nerva;920;Northern Nerva;1.000000;210;Bojnika
2564;Northern Nerva;920;Northern Nerva;1.000000;210;Bojnika
2565;Ost-Kattailwald;1010;Ost-Kattailwald;1.000000;290;Sanguine Hills
2566;Ost-Kattailwald;1010;Ost-Kattailwald;1.000000;290;Sanguine Hills
2567;Ost-Kattailwald;1010;Ost-Kattailwald;1.000000;290;Sanguine Hills
2568;Ost-Kattailwald;1010;Ost-Kattailwald;1.000000;290;Sanguine Hills
2569;West Greater Bundengrad;1049;West Greater Bundengrad;1.000000;308;Aleksis
2570;Southeastern Grand Hills;524;Southeastern Grand Hills;1.000000;36;Katzen Hills
2571;Saltlarenstadt;1481;Saltlarenstadt;1.000000;308;Aleksis
2572;Kijovt;149;Kijovt;1.000000;309;Greater Bundengrad
2573;Kijovt;149;Kijovt;1.000000;309;Greater Bundengrad
2574;Near West Lokout;1087;Near West Lokout;1.000000;336;Puffiland8
2575;Cheet;1412;Cheet;1.000000;36;Katzen Hills
2576;Kijovt;149;Kijovt;1.000000;309;Greater Bundengrad
2577;Far East Lokout;1086;Far East Lokout;1.000000;334;Puffiland6
2578;Far East Lokout;1086;Far East Lokout;1.000000;334;Puffiland6
2579;Far East Lokout;1086;Far East Lokout;1.000000;334;Puffiland6
2580;Far East Lokout;1086;Far East Lokout;1.000000;334;Puffiland6
2581;Funghrène;1242;Funghrène;1.000000;330;Puffiland2
2582;Funghrène;1242;Funghrène;1.000000;330;Puffiland2
2583;Funghrène;1242;Funghrène;1.000000;330;Puffiland2
2584;Funghrène;1242;Funghrène;1.000000;330;Puffiland2
2585;West Lokout;1092;West Lokout;1.000000;339;Puffiland11
2586;Sanguine Hills;143;Sanguine Hills;1.000000;290;Sanguine Hills
2587;Sanguine Hills;143;Sanguine Hills;1.000000;290;Sanguine Hills
2588;Sanguine Hills;143;Sanguine Hills;1.000000;290;Sanguine Hills
2589;Bearsonport;1262;Bearsonport;1.000000;349;Midflusionea8
2590;Bearsonport;1262;Bearsonport;1.000000;349;Midflusionea8
2591;Mushile;516;Mushile;1.000000;30;Itchiloo
2592;Near South Cize;901;Near South Cize;1.000000;239;Northern Altaria
2593;Near South Cize;901;Near South Cize;1.000000;239;Northern Altaria
2594;Near South Cize;901;Near South Cize;1.000000;239;Northern Altaria
2595;Northern Svitanok Desert;1247;Northern Svitanok Desert;1.000000;348;Midflusionea7
2596;Northern Svitanok Desert;1247;Northern Svitanok Desert;1.000000;348;Midflusionea7
2597;Northern Svitanok Desert;1247;Northern Svitanok Desert;1.000000;348;Midflusionea7
2598;Northern Svitanok Desert;1247;Northern Svitanok Desert;1.000000;348;Midflusionea7
2599;Northern Svitanok Desert;1247;Northern Svitanok Desert;1.000000;348;Midflusionea7
2600;Northern Svitanok Desert;1247;Northern Svitanok Desert;1.000000;348;Midflusionea7
2601;Northern Svitanok Desert;1247;Northern Svitanok Desert;1.000000;348;Midflusionea7
2602;Far East Lokout 8;1081;Far East Lokout 8;1.000000;330;Puffiland2
2603;North Ezicania Pass;1152;North Ezicania Pass;1.000000;239;Northern Altaria
2604;North Ezicania Pass;1152;North Ezicania Pass;1.000000;239;Northern Altaria
2605;North Ezicania Pass;1152;North Ezicania Pass;1.000000;239;Northern Altaria
2606;Sanguine Hills;143;Sanguine Hills;1.000000;290;Sanguine Hills
2607;Northern Svitanok Desert;1247;Northern Svitanok Desert;1.000000;348;Midflusionea7
2608;Far East Lokout 10;1080;Far East Lokout 10;1.000000;330;Puffiland2
2609;Far East Lokout 10;1080;Far East Lokout 10;1.000000;330;Puffiland2
2610;Far East Lokout 10;1080;Far East Lokout 10;1.000000;330;Puffiland2
2611;Far East Lokout 10;1080;Far East Lokout 10;1.000000;330;Puffiland2
2612;Far East Lokout 10;1080;Far East Lokout 10;1.000000;330;Puffiland2
2613;Oredsk Megapolis;902;Oredsk Megapolis;1.000000;213;Oredsk
2614;Oredsk Megapolis;902;Oredsk Megapolis;0.608586;213;Oredsk
2615;Sumadikat;904;Sumadikat;1.000000;213;Oredsk
2616;Oredsk Megapolis;902;Oredsk Megapolis;1.000000;213;Oredsk
2617;Mushile;516;Mushile;1.000000;30;Itchiloo
2618;Far West Lokout 4;1093;Far West Lokout 4;1.000000;338;Puffiland10
2619;Far West Lokout 4;1093;Far West Lokout 4;1.000000;338;Puffiland10
2620;Far West Lokout 4;1093;Far West Lokout 4;1.000000;338;Puffiland10
2621;Far West Lokout 4;1093;Far West Lokout 4;1.000000;338;Puffiland10
2622;Far West Lokout 4;1093;Far West Lokout 4;1.000000;338;Puffiland10
2623;Far West Lokout 4;1093;Far West Lokout 4;1.000000;338;Puffiland10
2624;West Fodaria 16;1546;West Fodaria 16;0.641343;308;Aleksis
2625;West Fodaria 16;1546;West Fodaria 16;1.000000;308;Aleksis
2626;Kijovt;149;Kijovt;1.000000;309;Greater Bundengrad
2627;Lyuin;153;Lyuin;1.000000;43;Lionita
2628;Lyuin;153;Lyuin;1.000000;43;Lionita
2629;Lyuin;153;Lyuin;1.000000;43;Lionita
2630;Lyuin;153;Lyuin;1.000000;43;Lionita
2631;Lyuin;153;Lyuin;1.000000;43;Lionita
2632;Wialletstadt;599;Wialletstadt;1.000000;129;Sudflutstadt
2633;Wialletstadt;599;Wialletstadt;0.536530;129;Sudflutstadt
2634;Magnitokronsk;1045;Magnitokronsk;1.000000;303;Amphisk
2635;Magnitokronsk;1045;Magnitokronsk;1.000000;303;Amphisk
2636;West Fodaria 16;1546;West Fodaria 16;1.000000;308;Aleksis
2637;Near North Lokout;1329;Near North Lokout;1.000000;336;Puffiland8
2638;Near North Lokout;1329;Near North Lokout;1.000000;336;Puffiland8
2639;Near North Lokout;1329;Near North Lokout;1.000000;336;Puffiland8
2640;Near North Lokout;1329;Near North Lokout;1.000000;336;Puffiland8
2641;Southeastern Grand Hills;524;Southeastern Grand Hills;1.000000;36;Katzen Hills
2642;Ost-Kattailwald;1010;Ost-Kattailwald;1.000000;290;Sanguine Hills
2643;North Ezicania Pass;1152;North Ezicania Pass;1.000000;239;Northern Altaria
2644;Warm Springs;129;Warm Springs;1.000000;358;Midflusionea17
2645;Warm Springs;129;Warm Springs;1.000000;358;Midflusionea17
2646;Warm Springs;129;Warm Springs;1.000000;358;Midflusionea17
2647;Ghyatte;1341;Ghyatte;1.000000;330;Puffiland2
2648;Funghrène;1242;Funghrène;1.000000;330;Puffiland2
2649;Funghrène;1242;Funghrène;1.000000;330;Puffiland2
2650;Khesedien;150;Khesedien;1.000000;213;Oredsk
2651;Bojnika Mountains;919;Bojnika Mountains;1.000000;210;Bojnika
2652;Near South Cize;901;Near South Cize;1.000000;239;Northern Altaria
2653;Pawstion;159;Pawstion;1.000000;41;Feline Frontier
2654;Pawstion;159;Pawstion;1.000000;41;Feline Frontier
2655;Pawstion;159;Pawstion;1.000000;41;Feline Frontier
2656;Pawstion;159;Pawstion;1.000000;41;Feline Frontier
2657;Pawstion;159;Pawstion;1.000000;41;Feline Frontier
2658;Pawstion;159;Pawstion;1.000000;41;Feline Frontier
2659;Pawstion;159;Pawstion;1.000000;41;Feline Frontier
2660;Pawstion;159;Pawstion;1.000000;41;Feline Frontier
2661;Dol Viiras;994;Dol Viiras;1.000000;287;Stone Kolechia
2662;Dol Viiras;994;Dol Viiras;1.000000;287;Stone Kolechia
2663;Dol Viiras;994;Dol Viiras;1.000000;287;Stone Kolechia
2664;Bramballia;982;Bramballia;1.000000;286;The Dish
2665;Bramballia;982;Bramballia;1.000000;286;The Dish
2666;Badrock;981;Badrock;1.000000;286;The Dish
2667;Far West Lokout;1339;Far West Lokout;1.000000;336;Puffiland8
2668;Far West Lokout;1339;Far West Lokout;1.000000;336;Puffiland8
2669;Far West Lokout;1339;Far West Lokout;1.000000;336;Puffiland8
2670;Eastern Shroom Hills;1009;Eastern Shroom Hills;1.000000;290;Sanguine Hills
2671;East Northern Svitanok Desert;1224;East Northern Svitanok Desert;1.000000;348;Midflusionea7
2672;East Northern Svitanok Desert;1224;East Northern Svitanok Desert;1.000000;348;Midflusionea7
2673;East Northern Svitanok Desert;1224;East Northern Svitanok Desert;1.000000;348;Midflusionea7
2674;East Northern Svitanok Desert;1224;East Northern Svitanok Desert;1.000000;348;Midflusionea7
2675;Far East Lokout 4;1083;Far East Lokout 4;1.000000;334;Puffiland6
2676;Far East Lokout 4;1083;Far East Lokout 4;1.000000;334;Puffiland6
2677;Far East Lokout 4;1083;Far East Lokout 4;1.000000;334;Puffiland6
2678;Uststadt;910;Uststadt;1.000000;215;Crngrad
2679;Uststadt;910;Uststadt;1.000000;215;Crngrad
2680;Bramballia;982;Bramballia;1.000000;286;The Dish
2681;Urscid Hollows;1253;Urscid Hollows;1.000000;349;Midflusionea8
2682;Urscid Hollows;1253;Urscid Hollows;1.000000;349;Midflusionea8
2683;Warm Springs;129;Warm Springs;1.000000;358;Midflusionea17
2684;Urscid Hollows;1253;Urscid Hollows;0.593381;349;Midflusionea8
2685;Urscid Hollows;1253;Urscid Hollows;1.000000;349;Midflusionea8
2686;Old Bearia;1237;Old Bearia;1.000000;359;Midflusionea18
2687;Zentraloshien;930;Zentraloshien;1.000000;215;Crngrad
2688;Zentraloshien;930;Zentraloshien;1.000000;215;Crngrad
2689;Zentraloshien;930;Zentraloshien;1.000000;215;Crngrad
2690;Zentraloshien;930;Zentraloshien;1.000000;215;Crngrad
2691;Lower Fodaria 13;1482;Lower Fodaria 13;1.000000;310;Hydronien
2692;Lower Fodaria 4;1518;Lower Fodaria 4;0.689320;309;Greater Bundengrad
2693;Lower Fodaria 4;1518;Lower Fodaria 4;1.000000;309;Greater Bundengrad
2694;Bundengrad;1519;Bundengrad;0.849845;309;Greater Bundengrad
2695;Zentraloshien;930;Zentraloshien;1.000000;215;Crngrad
2696;Uststadt;910;Uststadt;1.000000;215;Crngrad
2697;Uststadt;910;Uststadt;1.000000;215;Crngrad
2698;Uststadt;910;Uststadt;1.000000;215;Crngrad
2699;Atarstadt;515;Atarstadt;1.000000;31;Lionsburg
2700;Atarstadt;515;Atarstadt;1.000000;31;Lionsburg
2701;Atarstadt;515;Atarstadt;1.000000;31;Lionsburg
2702;East Northern Svitanok Desert;1224;East Northern Svitanok Desert;1.000000;348;Midflusionea7
2703;Purrarienstadt;1413;Purrarienstadt;1.000000;31;Lionsburg
2704;Purrarienstadt;1413;Purrarienstadt;1.000000;31;Lionsburg
2705;Purrarienstadt;1413;Purrarienstadt;1.000000;31;Lionsburg
2706;Purrarienstadt;1413;Purrarienstadt;1.000000;31;Lionsburg
2707;Purrarienstadt;1413;Purrarienstadt;0.854452;31;Lionsburg
2708;Ghyatte;1341;Ghyatte;1.000000;330;Puffiland2
2709;Ost-Pawstion;492;Ost-Pawstion;1.000000;41;Feline Frontier
2710;Ost-Pawstion;492;Ost-Pawstion;1.000000;41;Feline Frontier
2711;Ost-Pawstion;492;Ost-Pawstion;1.000000;41;Feline Frontier
2712;Ost-Pawstion;492;Ost-Pawstion;1.000000;41;Feline Frontier
2713;Ost-Pawstion;492;Ost-Pawstion;1.000000;41;Feline Frontier
2714;Ost-Pawstion;492;Ost-Pawstion;1.000000;41;Feline Frontier
2715;Titanus;610;Titanus;1.000000;132;Valaros
2716;Titanus;610;Titanus;1.000000;132;Valaros
2717;Badrock;981;Badrock;1.000000;286;The Dish
2718;Badrock;981;Badrock;1.000000;286;The Dish
2719;Northern Svitanok Desert;1247;Northern Svitanok Desert;1.000000;348;Midflusionea7
2720;Sudflutstadt;597;Sudflutstadt;1.000000;129;Sudflutstadt
2721;Nharsus;995;Nharsus;0.793951;287;Stone Kolechia
2722;Nharsus;995;Nharsus;0.995327;287;Stone Kolechia
2723;Nharsus;995;Nharsus;0.665979;287;Stone Kolechia
2724;Ulzulgukh;996;Ulzulgukh;1.000000;287;Stone Kolechia
2725;Ulzulgukh;996;Ulzulgukh;0.886199;287;Stone Kolechia
2726;Ulzulgukh;996;Ulzulgukh;1.000000;287;Stone Kolechia
2727;Ghyatte;1341;Ghyatte;1.000000;330;Puffiland2
2728;Atarstadt;515;Atarstadt;1.000000;31;Lionsburg
2729;Atarstadt;515;Atarstadt;1.000000;31;Lionsburg
2730;Kattailwald;598;Kattailwald;1.000000;129;Sudflutstadt
2731;Kattailwald;598;Kattailwald;1.000000;129;Sudflutstadt
2732;Kattailwald;598;Kattailwald;1.000000;129;Sudflutstadt
2733;Srednjezemland;491;Srednjezemland;1.000000;213;Oredsk
2734;Srednjezemland;491;Srednjezemland;1.000000;213;Oredsk
2735;Srednjezemland;491;Srednjezemland;1.000000;213;Oredsk
2736;Srednjezemland;491;Srednjezemland;1.000000;213;Oredsk
2737;Meadrech;1438;Meadrech;1.000000;43;Lionita
2738;Meadrech;1438;Meadrech;1.000000;43;Lionita
2739;Meadrech;1438;Meadrech;1.000000;43;Lionita
2740;Meadrech;1438;Meadrech;1.000000;43;Lionita
2741;Meadrech;1438;Meadrech;0.987715;43;Lionita
2742;Magnitokronsk;1045;Magnitokronsk;0.791519;303;Amphisk
2743;East Ost-Hydronien;1047;East Ost-Hydronien;1.000000;310;Hydronien
2744;Kibblestadt;518;Kibblestadt;1.000000;31;Lionsburg
2745;Lower Catalia 10;1554;Lower Catalia 10;1.000000;39;Catburg
2746;Lower Catalia 10;1554;Lower Catalia 10;1.000000;39;Catburg
2747;Lower Catalia 10;1554;Lower Catalia 10;1.000000;39;Catburg
2748;Lower Catalia 10;1554;Lower Catalia 10;0.997506;39;Catburg
2749;Lower Catalia 10;1554;Lower Catalia 10;1.000000;39;Catburg
2750;Old Bearia;1237;Old Bearia;1.000000;359;Midflusionea18
2751;Old Bearia;1237;Old Bearia;1.000000;359;Midflusionea18
2752;Old Bearia;1237;Old Bearia;1.000000;359;Midflusionea18
2753;Near West Lokout;1087;Near West Lokout;1.000000;336;Puffiland8
2754;Near West Lokout;1087;Near West Lokout;1.000000;336;Puffiland8
2755;Northern Crngrad;186;Northern Crngrad;1.000000;215;Crngrad
2756;Northern Crngrad;186;Northern Crngrad;1.000000;215;Crngrad
2757;Northern Crngrad;186;Northern Crngrad;1.000000;215;Crngrad
2758;Scratchausen;1430;Scratchausen;1.000000;39;Catburg
2759;Scratchausen;1430;Scratchausen;1.000000;39;Catburg
2760;Scratchausen;1430;Scratchausen;1.000000;39;Catburg
2761;East Ost-Hydronien;1047;East Ost-Hydronien;1.000000;310;Hydronien
2762;East Ost-Hydronien;1047;East Ost-Hydronien;1.000000;310;Hydronien
2763;Tripuffli;1332;Tripuffli;1.000000;334;Puffiland6
2764;Tripuffli;1332;Tripuffli;1.000000;334;Puffiland6
2765;Tripuffli;1332;Tripuffli;1.000000;334;Puffiland6
2766;Kibblestadt;518;Kibblestadt;1.000000;31;Lionsburg
2767;Kibblestadt;518;Kibblestadt;1.000000;31;Lionsburg
2768;Kibblestadt;518;Kibblestadt;1.000000;31;Lionsburg
2769;Catburg;168;Catburg;1.000000;39;Catburg
2770;Catburg;168;Catburg;1.000000;39;Catburg
2771;Catburg;168;Catburg;0.863158;39;Catburg
2772;Catburg;168;Catburg;1.000000;39;Catburg
2773;Near South Cize;901;Near South Cize;1.000000;239;Northern Altaria
2774;Far West Lokout;1339;Far West Lokout;1.000000;336;Puffiland8
2775;Scratchausen;1430;Scratchausen;1.000000;39;Catburg
2776;Lower Fodaria 4;1518;Lower Fodaria 4;1.000000;309;Greater Bundengrad
2777;Bundengrad;1519;Bundengrad;0.828413;309;Greater Bundengrad
2778;Griffinville;1256;Griffinville;1.000000;358;Midflusionea17
2779;Griffinville;1256;Griffinville;1.000000;358;Midflusionea17
2780;Old Bearia;1237;Old Bearia;1.000000;359;Midflusionea18
2781;Old Bearia;1237;Old Bearia;1.000000;359;Midflusionea18
2782;Old Bearia;1237;Old Bearia;1.000000;359;Midflusionea18
2783;Near North Lokout;1329;Near North Lokout;1.000000;336;Puffiland8
2784;Near North Lokout;1329;Near North Lokout;1.000000;336;Puffiland8
2785;Nerva;907;Nerva;1.000000;214;Nerva
2786;Nerva;907;Nerva;1.000000;214;Nerva
2787;Nerva;907;Nerva;1.000000;214;Nerva
2788;Titanus;610;Titanus;1.000000;132;Valaros
2789;Titanus;610;Titanus;1.000000;132;Valaros
2790;Yhabarovsk;1545;Yhabarovsk;1.000000;309;Greater Bundengrad
2791;Yhabarovsk;1545;Yhabarovsk;1.000000;309;Greater Bundengrad
2792;Yhabarovsk;1545;Yhabarovsk;1.000000;309;Greater Bundengrad
2793;Yhabarovsk;1545;Yhabarovsk;1.000000;309;Greater Bundengrad
2794;Honey Pass;1255;Honey Pass;1.000000;351;Midflusionea10
2795;Honey Pass;1255;Honey Pass;1.000000;351;Midflusionea10
2796;Honey Pass;1255;Honey Pass;1.000000;351;Midflusionea10
2797;Far West Lokout 4;1093;Far West Lokout 4;1.000000;338;Puffiland10
2798;Griffinville;1256;Griffinville;1.000000;358;Midflusionea17
2799;Griffinville;1256;Griffinville;1.000000;358;Midflusionea17
2800;Tripuffli;1332;Tripuffli;1.000000;334;Puffiland6
2801;Tripuffli;1332;Tripuffli;1.000000;334;Puffiland6
2802;Far North Ezicania Pass;160;Far North Ezicania Pass;1.000000;239;Northern Altaria
2803;Far North Ezicania Pass;160;Far North Ezicania Pass;0.986079;239;Northern Altaria
2804;West Cize;1151;West Cize;0.816754;239;Northern Altaria
2805;Sanguine Hills;143;Sanguine Hills;1.000000;290;Sanguine Hills
2806;Kronkozavodsk;166;Kronkozavodsk;1.000000;304;Kronkstaat
2807;Kronkozavodsk;166;Kronkozavodsk;0.768946;304;Kronkstaat
2808;Kronkozavodsk;166;Kronkozavodsk;1.000000;304;Kronkstaat
2809;Kronezh;1495;Kronezh;1.000000;304;Kronkstaat
2810;Kronezh;1495;Kronezh;0.527163;304;Kronkstaat
2811;Kronezh;1495;Kronezh;1.000000;304;Kronkstaat
2812;Lower Fodaria 13;1482;Lower Fodaria 13;1.000000;310;Hydronien
2813;Lower Fodaria 13;1482;Lower Fodaria 13;1.000000;310;Hydronien
2814;Far East Lokout 4;1083;Far East Lokout 4;1.000000;334;Puffiland6
2815;Sumadikat;904;Sumadikat;1.000000;213;Oredsk
2816;Sumadikat;904;Sumadikat;1.000000;213;Oredsk
2817;Nerva;907;Nerva;1.000000;214;Nerva
2818;Nerva;907;Nerva;1.000000;214;Nerva
2819;Far North Ezicania Pass;160;Far North Ezicania Pass;1.000000;239;Northern Altaria
2820;Badrock;981;Badrock;1.000000;286;The Dish
2821;Warm Springs;129;Warm Springs;1.000000;358;Midflusionea17
2822;Kattailwald;598;Kattailwald;1.000000;129;Sudflutstadt
2823;Khakhabad;997;Khakhabad;1.000000;287;Stone Kolechia
2824;Titanus;610;Titanus;1.000000;132;Valaros
2825;Lower Catalia;169;Lower Catalia;1.000000;39;Catburg
2826;Lower Catalia;169;Lower Catalia;1.000000;39;Catburg
2827;Titanus;610;Titanus;1.000000;132;Valaros
2828;Far South Fodaria 9;1508;Far South Fodaria 9;1.000000;310;Hydronien
2829;Far South Fodaria 9;1508;Far South Fodaria 9;1.000000;310;Hydronien
2830;Dol Viiras;994;Dol Viiras;1.000000;287;Stone Kolechia
2831;Far South Fodaria 12;1496;Far South Fodaria 12;0.845996;304;Kronkstaat
2832;Far South Fodaria 12;1496;Far South Fodaria 12;0.879921;304;Kronkstaat
2833;Kronkozavodsk;1543;Kronkozavodsk;1.000000;304;Kronkstaat
2834;Kronkozavodsk;1543;Kronkozavodsk;1.000000;304;Kronkstaat
2835;Kronkozavodsk;1543;Kronkozavodsk;0.653670;304;Kronkstaat
2836;Gvin Tharun;998;Gvin Tharun;1.000000;287;Stone Kolechia
2837;Gvin Tharun;998;Gvin Tharun;1.000000;287;Stone Kolechia
2838;Khakhabad;997;Khakhabad;1.000000;287;Stone Kolechia
2839;Khakhabad;997;Khakhabad;1.000000;287;Stone Kolechia
2840;Yhabarovsk;1545;Yhabarovsk;1.000000;309;Greater Bundengrad
2841;Yhabarovsk;1545;Yhabarovsk;1.000000;309;Greater Bundengrad
2842;Kronkozavodsk;1042;Kronkozavodsk;1.000000;304;Kronkstaat
2843;Kronkozavodsk;1042;Kronkozavodsk;1.000000;304;Kronkstaat
2844;Far South Fodaria 15;1544;Far South Fodaria 15;1.000000;304;Kronkstaat
2845;Far South Fodaria 15;1544;Far South Fodaria 15;0.774112;304;Kronkstaat
2846;Far South Fodaria 15;1544;Far South Fodaria 15;1.000000;304;Kronkstaat
2847;The Dish;979;The Dish;1.000000;286;The Dish
2848;The Dish;979;The Dish;1.000000;286;The Dish
2849;The Dish;979;The Dish;1.000000;286;The Dish
2850;The Dish;979;The Dish;1.000000;286;The Dish
2851;The Dish;979;The Dish;1.000000;286;The Dish
2852;South Svitankovia;1221;South Svitankovia;1.000000;351;Midflusionea10
2853;South Svitankovia;1221;South Svitankovia;1.000000;351;Midflusionea10
2854;Atarstadt;515;Atarstadt;1.000000;31;Lionsburg
2855;Big Rock;1258;Big Rock;1.000000;358;Midflusionea17
2856;Near West Lokout;1087;Near West Lokout;1.000000;336;Puffiland8
2857;Near West Lokout;1087;Near West Lokout;1.000000;336;Puffiland8
2858;Near North Lokout;1329;Near North Lokout;1.000000;336;Puffiland8
2859;Cize;158;Cize;1.000000;239;Northern Altaria
2860;Cize;158;Cize;1.000000;239;Northern Altaria
2861;Far East Fodaria 10;1509;Far East Fodaria 10;1.000000;310;Hydronien
2862;Far East Fodaria 10;1509;Far East Fodaria 10;1.000000;310;Hydronien
2863;Pincarograd;1531;Pincarograd;1.000000;311;Zikua
2864;Pincarograd;1531;Pincarograd;1.000000;311;Zikua
2865;Far North Ezicania Pass 3;182;Far North Ezicania Pass 3;1.000000;239;Northern Altaria
2866;Far North Ezicania Pass 3;182;Far North Ezicania Pass 3;1.000000;239;Northern Altaria
2867;Far North Ezicania Pass 3;182;Far North Ezicania Pass 3;1.000000;239;Northern Altaria
2868;Far North Ezicania Pass 3;182;Far North Ezicania Pass 3;1.000000;239;Northern Altaria
2869;Purrarienstadt;1413;Purrarienstadt;1.000000;31;Lionsburg
2870;Far West Lokout 4;1093;Far West Lokout 4;1.000000;338;Puffiland10
2871;Far South Fodaria 12;1496;Far South Fodaria 12;1.000000;304;Kronkstaat
2872;Grande Qualie;179;Grande Qualie;1.000000;138;Eastern Sun Sea
2873;Grande Qualie;179;Grande Qualie;1.000000;138;Eastern Sun Sea
2874;Grande Qualie;179;Grande Qualie;1.000000;138;Eastern Sun Sea
2875;Atarilla;156;Atarilla;1.000000;31;Lionsburg
2876;Atarilla;156;Atarilla;1.000000;31;Lionsburg
2877;Atarilla;156;Atarilla;1.000000;31;Lionsburg
2878;Atarilla;156;Atarilla;1.000000;31;Lionsburg
2879;Scratchausen;1430;Scratchausen;1.000000;39;Catburg
2880;Gepardien;174;Gepardien;1.000000;41;Feline Frontier
2881;Gepardien;174;Gepardien;1.000000;41;Feline Frontier
2882;Gepardien;174;Gepardien;1.000000;41;Feline Frontier
2883;Gepardien;174;Gepardien;1.000000;41;Feline Frontier
2884;Gepardien;174;Gepardien;1.000000;41;Feline Frontier
2885;East Ost-Hydronien;1047;East Ost-Hydronien;1.000000;310;Hydronien
2886;Kroassiciti;934;Kroassiciti;1.000000;214;Nerva
2887;Kroassiciti;934;Kroassiciti;1.000000;214;Nerva
2888;Kroassiciti;934;Kroassiciti;1.000000;214;Nerva
2889;Kroassiciti;934;Kroassiciti;1.000000;214;Nerva
2890;Titanus;610;Titanus;1.000000;132;Valaros
2891;Far South Fodaria 9;1508;Far South Fodaria 9;1.000000;310;Hydronien
2892;Far South Fodaria 9;1508;Far South Fodaria 9;1.000000;310;Hydronien
2893;Far South Fodaria 9;1508;Far South Fodaria 9;1.000000;310;Hydronien
2894;Banata;905;Banata;1.000000;212;Chesedgrad
2895;Chesedgrad;906;Chesedgrad;0.944828;212;Chesedgrad
2896;Chesedgrad;906;Chesedgrad;0.629371;212;Chesedgrad
2897;Kibblestadt;518;Kibblestadt;1.000000;31;Lionsburg
2898;Iorn;165;Iorn;1.000000;132;Valaros
2899;Iorn;165;Iorn;1.000000;132;Valaros
2900;Iorn;165;Iorn;1.000000;132;Valaros
2901;Iorn;165;Iorn;0.961259;132;Valaros
2902;Stollparche;151;Stollparche;1.000000;286;The Dish
2903;Banata;905;Banata;1.000000;212;Chesedgrad
2904;Banata;905;Banata;1.000000;212;Chesedgrad
2905;Hofungi;175;Hofungi;1.000000;338;Puffiland10
2906;Hofungi;175;Hofungi;1.000000;338;Puffiland10
2907;North Lokout;162;North Lokout;1.000000;336;Puffiland8
2908;North Lokout;162;North Lokout;1.000000;336;Puffiland8
2909;North Lokout;162;North Lokout;1.000000;336;Puffiland8
2910;North Lokout;162;North Lokout;1.000000;336;Puffiland8
2911;Kibblesplein;513;Kibblesplein;1.000000;31;Lionsburg
2912;Kibblesplein;513;Kibblesplein;1.000000;31;Lionsburg
2913;Kibblesplein;513;Kibblesplein;1.000000;31;Lionsburg
2914;Kibblesplein;513;Kibblesplein;1.000000;31;Lionsburg
2915;Kibblesplein;513;Kibblesplein;1.000000;31;Lionsburg
2916;South Svitankovia;1221;South Svitankovia;1.000000;351;Midflusionea10
2917;Big Rock;1258;Big Rock;1.000000;358;Midflusionea17
2918;Big Rock;1258;Big Rock;1.000000;358;Midflusionea17
2919;Big Rock;1258;Big Rock;1.000000;358;Midflusionea17
2920;Far North Lokout 3;1330;Far North Lokout 3;1.000000;332;Puffiland4
2921;Far North Lokout 3;1330;Far North Lokout 3;1.000000;332;Puffiland4
2922;Far North Lokout 3;1330;Far North Lokout 3;1.000000;332;Puffiland4
2923;Far North Lokout 3;1330;Far North Lokout 3;1.000000;332;Puffiland4
2924;Far North Lokout 3;1330;Far North Lokout 3;1.000000;332;Puffiland4
2925;D.U.G.A. Array;914;D.U.G.A. Array;1.000000;219;Propania
2926;D.U.G.A. Array;914;D.U.G.A. Array;1.000000;219;Propania
2927;D.U.G.A. Array;914;D.U.G.A. Array;0.768349;219;Propania
2928;Ulzulgukh;996;Ulzulgukh;1.000000;287;Stone Kolechia
2929;Srednjezemland;491;Srednjezemland;1.000000;213;Oredsk
2930;West Cize;1151;West Cize;0.996503;239;Northern Altaria
2931;West Cize;1151;West Cize;0.994490;239;Northern Altaria
2932;Lionsburg;173;Lionsburg;1.000000;31;Lionsburg
2933;Lionsburg;173;Lionsburg;1.000000;31;Lionsburg
2934;Lionsburg;173;Lionsburg;1.000000;31;Lionsburg
2935;Lionsburg;173;Lionsburg;1.000000;31;Lionsburg
2936;Lionsburg;173;Lionsburg;1.000000;31;Lionsburg
2937;East Neminia 9;1538;East Neminia 9;1.000000;131;Nitros
2938;Far South Amphibia 6;1520;Far South Amphibia 6;1.000000;311;Zikua
2939;Far South Amphibia 6;1520;Far South Amphibia 6;1.000000;311;Zikua
2940;Honey Pass;1255;Honey Pass;1.000000;351;Midflusionea10
2941;Honey Pass;1255;Honey Pass;1.000000;351;Midflusionea10
2942;Old Bearia;1237;Old Bearia;1.000000;359;Midflusionea18
2943;Far East Lokout 7;1340;Far East Lokout 7;1.000000;332;Puffiland4
2944;Far East Lokout 7;1340;Far East Lokout 7;1.000000;332;Puffiland4
2945;Moushruque;1338;Moushruque;1.000000;330;Puffiland2
2946;Moushruque;1338;Moushruque;1.000000;330;Puffiland2
2947;Moushruque;1338;Moushruque;1.000000;330;Puffiland2
2948;Moushruque;1338;Moushruque;1.000000;330;Puffiland2
2949;Far North Fodaria 14;1483;Far North Fodaria 14;1.000000;310;Hydronien
2950;Far North Fodaria 14;1483;Far North Fodaria 14;1.000000;310;Hydronien
2951;Far North Fodaria 14;1483;Far North Fodaria 14;1.000000;310;Hydronien
2952;Bobbian Plains;937;Bobbian Plains;1.000000;220;Alraxia
2953;Bobbian Plains;937;Bobbian Plains;1.000000;220;Alraxia
2954;Bobbian Plains;937;Bobbian Plains;1.000000;220;Alraxia
2955;Bobbian Plains;937;Bobbian Plains;1.000000;220;Alraxia
2956;Bobbian Plains;937;Bobbian Plains;1.000000;220;Alraxia
2957;Kibblesplein;513;Kibblesplein;1.000000;31;Lionsburg
2958;Stollparche;151;Stollparche;1.000000;286;The Dish
2959;Stollparche;151;Stollparche;1.000000;286;The Dish
2960;Stollparche;151;Stollparche;1.000000;286;The Dish
2961;Big Rock;1258;Big Rock;1.000000;358;Midflusionea17
2962;Far North Lokout;1094;Far North Lokout;1.000000;336;Puffiland8
2963;Banaplanina;493;Banaplanina;1.000000;212;Chesedgrad
2964;Banaplanina;493;Banaplanina;1.000000;212;Chesedgrad
2965;Scratchausen;1430;Scratchausen;1.000000;39;Catburg
2966;Catburg;168;Catburg;1.000000;39;Catburg
2967;Mittelmewxico;534;Mittelmewxico;1.000000;39;Catburg
2968;Mittelmewxico;534;Mittelmewxico;1.000000;39;Catburg
2969;Mittelmewxico;534;Mittelmewxico;1.000000;39;Catburg
2970;Meowfelde;496;Meowfelde;1.000000;40;Meowfelde
2971;Meowfelde;496;Meowfelde;1.000000;40;Meowfelde
2972;Meowfelde;496;Meowfelde;1.000000;40;Meowfelde
2973;Meowfelde;496;Meowfelde;1.000000;40;Meowfelde
2974;Meowfelde;496;Meowfelde;1.000000;40;Meowfelde
2975;Meowfelde;496;Meowfelde;1.000000;40;Meowfelde
2976;Far North Fodaria 14;1483;Far North Fodaria 14;1.000000;310;Hydronien
2977;Grossgato;529;Grossgato;1.000000;32;Neu-Mewxico
2978;Grossgato;529;Grossgato;1.000000;32;Neu-Mewxico
2979;Santepij;909;Santepij;1.000000;215;Crngrad
2980;Santepij;909;Santepij;1.000000;215;Crngrad
2981;Santepij;909;Santepij;1.000000;215;Crngrad
2982;Santepij;909;Santepij;1.000000;215;Crngrad
2983;Cize;158;Cize;1.000000;239;Northern Altaria
2984;Cize;158;Cize;0.745882;239;Northern Altaria
2985;Lower Catalia;169;Lower Catalia;1.000000;39;Catburg
2986;Griffinville;1256;Griffinville;1.000000;358;Midflusionea17
2987;Far East Lokout 7;1340;Far East Lokout 7;1.000000;332;Puffiland4
2988;Far East Lokout 7;1340;Far East Lokout 7;1.000000;332;Puffiland4
2989;Far East Lokout 7;1340;Far East Lokout 7;1.000000;332;Puffiland4
2990;Bassaitte;933;Bassaitte;1.000000;212;Chesedgrad
2991;Mazhuddar;1006;Mazhuddar;1.000000;287;Stone Kolechia
2992;Mazhuddar;1006;Mazhuddar;1.000000;287;Stone Kolechia
2993;Mazhuddar;1006;Mazhuddar;1.000000;287;Stone Kolechia
2994;New Bearia;1259;New Bearia;1.000000;356;Midflusionea15
2995;New Bearia;1259;New Bearia;1.000000;356;Midflusionea15
2996;Hofungi;175;Hofungi;1.000000;338;Puffiland10
2997;Iorn;165;Iorn;1.000000;132;Valaros
2998;Feedwater;983;Feedwater;0.642697;285;Bramble Basins
2999;Feedwater;983;Feedwater;1.000000;285;Bramble Basins
3000;Feedwater;983;Feedwater;1.000000;285;Bramble Basins
3001;Flusojdina;178;Flusojdina;1.000000;214;Nerva
3002;Cize;158;Cize;1.000000;239;Northern Altaria
3003;Cize;158;Cize;0.570621;239;Northern Altaria
3004;Far East Lokout 9;1241;Far East Lokout 9;1.000000;329;Puffiland1
3005;Far East Lokout 9;1241;Far East Lokout 9;1.000000;329;Puffiland1
3006;Far East Lokout 9;1241;Far East Lokout 9;1.000000;329;Puffiland1
3007;Far East Lokout 9;1241;Far East Lokout 9;1.000000;329;Puffiland1
3008;Far East Lokout 9;1241;Far East Lokout 9;1.000000;329;Puffiland1
3009;Far East Lokout 9;1241;Far East Lokout 9;1.000000;329;Puffiland1
3010;Alabaster;1537;Alabaster;1.000000;131;Nitros
3011;Alabaster;1537;Alabaster;1.000000;131;Nitros
3012;Mazhuddar;1006;Mazhuddar;1.000000;287;Stone Kolechia
3013;Far North Lokout;1094;Far North Lokout;1.000000;336;Puffiland8
3014;Mittelmewxico;534;Mittelmewxico;1.000000;39;Catburg
3015;Iorn;165;Iorn;1.000000;132;Valaros
3016;South Svitankovia;1221;South Svitankovia;1.000000;351;Midflusionea10
3017;South Svitankovia;1221;South Svitankovia;1.000000;351;Midflusionea10
3018;Big Rock;1258;Big Rock;1.000000;358;Midflusionea17
3019;Lyuinwald;547;Lyuinwald;1.000000;41;Feline Frontier
3020;Lyuinwald;547;Lyuinwald;1.000000;41;Feline Frontier
3021;Lyuinwald;547;Lyuinwald;1.000000;41;Feline Frontier
3022;Sapiniere;911;Sapiniere;1.000000;215;Crngrad
3023;Sapiniere;911;Sapiniere;1.000000;215;Crngrad
3024;Sapiniere;911;Sapiniere;1.000000;215;Crngrad
3025;Soutzic;164;Soutzic;1.000000;219;Propania
3026;Soutzic;164;Soutzic;1.000000;219;Propania
3027;Soutzic;164;Soutzic;1.000000;219;Propania
3028;Jonesbearo;170;Jonesbearo;1.000000;355;Midflusionea14
3029;Flusojdina;178;Flusojdina;1.000000;214;Nerva
3030;Flusojdina;178;Flusojdina;1.000000;214;Nerva
3031;Svitankovia;1248;Svitankovia;1.000000;350;Midflusionea9
3032;Svitankovia;1248;Svitankovia;1.000000;350;Midflusionea9
3033;Svitankovia;1248;Svitankovia;1.000000;350;Midflusionea9
3034;Svitankovia;1248;Svitankovia;1.000000;350;Midflusionea9
3035;East Katezic;1097;East Katezic;1.000000;338;Puffiland10
3036;Gepardenhausen;1469;Gepardenhausen;1.000000;41;Feline Frontier
3037;Gepardenhausen;1469;Gepardenhausen;1.000000;41;Feline Frontier
3038;Central Svitanok Desert;1249;Central Svitanok Desert;1.000000;350;Midflusionea9
3039;Flusojdina;178;Flusojdina;0.845528;214;Nerva
3040;Flusojdina;178;Flusojdina;1.000000;214;Nerva
3041;West Cize;1151;West Cize;1.000000;239;Northern Altaria
3042;Grossgato;529;Grossgato;0.994550;32;Neu-Mewxico
3043;Grossgato;529;Grossgato;1.000000;32;Neu-Mewxico
3044;Grossgato;529;Grossgato;1.000000;32;Neu-Mewxico
3045;Grossgato;529;Grossgato;1.000000;32;Neu-Mewxico
3046;Hofungi;175;Hofungi;1.000000;338;Puffiland10
3047;Bassaitte;933;Bassaitte;1.000000;212;Chesedgrad
3048;Bassaitte;933;Bassaitte;1.000000;212;Chesedgrad
3049;Crngrad Megapolis;908;Crngrad Megapolis;1.000000;215;Crngrad
3050;Crngrad Megapolis;908;Crngrad Megapolis;1.000000;215;Crngrad
3051;Crngrad Megapolis;908;Crngrad Megapolis;1.000000;215;Crngrad
3052;Crngrad Megapolis;908;Crngrad Megapolis;1.000000;215;Crngrad
3053;Lower Catalia;169;Lower Catalia;0.988327;39;Catburg
3054;Gvin Tharun;998;Gvin Tharun;1.000000;287;Stone Kolechia
3055;Gvin Tharun;998;Gvin Tharun;1.000000;287;Stone Kolechia
3056;Atarilla;156;Atarilla;1.000000;31;Lionsburg
3057;Atarilla;156;Atarilla;1.000000;31;Lionsburg
3058;Pincarograd;1531;Pincarograd;1.000000;311;Zikua
3059;Pincarograd;1531;Pincarograd;1.000000;311;Zikua
3060;East Cize;1157;East Cize;1.000000;241;Hyphaeicia
3061;East Cize;1157;East Cize;1.000000;241;Hyphaeicia
3062;East Cize;1157;East Cize;1.000000;241;Hyphaeicia
3063;East Cize;1157;East Cize;1.000000;241;Hyphaeicia
3064;East Cize;1157;East Cize;1.000000;241;Hyphaeicia
3065;East Neminia 9;1538;East Neminia 9;0.745484;131;Nitros
3066;East Neminia 9;1538;East Neminia 9;1.000000;131;Nitros
3067;Alabaster;1537;Alabaster;1.000000;131;Nitros
3068;Alabaster;1537;Alabaster;1.000000;131;Nitros
3069;Far South Amphibia 6;1520;Far South Amphibia 6;1.000000;311;Zikua
3070;New Bearia;1259;New Bearia;1.000000;356;Midflusionea15
3071;New Bearia;1259;New Bearia;1.000000;356;Midflusionea15
3072;East Katezic;1097;East Katezic;1.000000;338;Puffiland10
3073;East Katezic;1097;East Katezic;1.000000;338;Puffiland10
3074;East Katezic;1097;East Katezic;1.000000;338;Puffiland10
3075;Far East Lokout 7;1340;Far East Lokout 7;1.000000;332;Puffiland4
3076;Feedwater;983;Feedwater;1.000000;285;Bramble Basins
3077;New Bearia;1259;New Bearia;1.000000;356;Midflusionea15
3078;Svitankovia;1248;Svitankovia;1.000000;350;Midflusionea9
3079;Svitankovia;1248;Svitankovia;1.000000;350;Midflusionea9
3080;Svitankovia;1248;Svitankovia;1.000000;350;Midflusionea9
3081;Far South Amphibia 6;1520;Far South Amphibia 6;1.000000;311;Zikua
3082;Far South Amphibia 6;1520;Far South Amphibia 6;1.000000;311;Zikua
3083;North Lokout;162;North Lokout;1.000000;336;Puffiland8
3084;North Lokout;162;North Lokout;1.000000;336;Puffiland8
3085;North Lokout;162;North Lokout;1.000000;336;Puffiland8
3086;Kleinberg;533;Kleinberg;1.000000;40;Meowfelde
3087;Kleinberg;533;Kleinberg;1.000000;40;Meowfelde
3088;Kleinberg;533;Kleinberg;1.000000;40;Meowfelde
3089;Kleinberg;533;Kleinberg;1.000000;40;Meowfelde
3090;Valaros;609;Valaros;1.000000;132;Valaros
3091;Vhi Bramokh;1004;Vhi Bramokh;1.000000;289;Sand Kolechia
3092;Vhi Bramokh;1004;Vhi Bramokh;0.965909;289;Sand Kolechia
3093;Vhi Bramokh;1004;Vhi Bramokh;1.000000;289;Sand Kolechia
3094;Central Svitanok Desert;1249;Central Svitanok Desert;1.000000;350;Midflusionea9
3095;Central Svitanok Desert;1249;Central Svitanok Desert;1.000000;350;Midflusionea9
3096;Central Svitanok Desert;1249;Central Svitanok Desert;1.000000;350;Midflusionea9
3097;Central Svitanok Desert;1249;Central Svitanok Desert;1.000000;350;Midflusionea9
3098;North Arlenisk;913;North Arlenisk;1.000000;219;Propania
3099;North Arlenisk;913;North Arlenisk;1.000000;219;Propania
3100;North Arlenisk;913;North Arlenisk;1.000000;219;Propania
3101;North Arlenisk;913;North Arlenisk;1.000000;219;Propania
3102;Gepardenhausen;1469;Gepardenhausen;1.000000;41;Feline Frontier
3103;Gepardenhausen;1469;Gepardenhausen;0.995893;41;Feline Frontier
3104;Tirh Khaz'dan;1005;Tirh Khaz'dan;0.991416;287;Stone Kolechia
3105;Tirh Khaz'dan;1005;Tirh Khaz'dan;1.000000;287;Stone Kolechia
3106;Tirh Khaz'dan;1005;Tirh Khaz'dan;1.000000;287;Stone Kolechia
3107;Upper Fodaria 15;1529;Upper Fodaria 15;1.000000;304;Kronkstaat
3108;Upper Fodaria 15;1529;Upper Fodaria 15;1.000000;304;Kronkstaat
3109;Upper Fodaria 15;1529;Upper Fodaria 15;1.000000;304;Kronkstaat
3110;Far East Fodaria 10;1509;Far East Fodaria 10;1.000000;310;Hydronien
3111;Far East Fodaria 10;1509;Far East Fodaria 10;1.000000;310;Hydronien
3112;Far East Fodaria 10;1509;Far East Fodaria 10;1.000000;310;Hydronien
3113;Far East Fodaria 10;1509;Far East Fodaria 10;1.000000;310;Hydronien
3114;Moushruque;1338;Moushruque;1.000000;330;Puffiland2
3115;Banaplanina;493;Banaplanina;1.000000;212;Chesedgrad
3116;Jonesbearo;170;Jonesbearo;1.000000;355;Midflusionea14
3117;Jonesbearo;170;Jonesbearo;1.000000;355;Midflusionea14
3118;Jonesbearo;170;Jonesbearo;1.000000;355;Midflusionea14
3119;Vhi Bramokh;1004;Vhi Bramokh;1.000000;289;Sand Kolechia
3120;Epoustouflant;1167;Epoustouflant;1.000000;141;Rustalia
3121;Epoustouflant;1167;Epoustouflant;1.000000;141;Rustalia
3122;East Svitankovia;1232;East Svitankovia;1.000000;351;Midflusionea10
3123;Summerdale;1257;Summerdale;1.000000;351;Midflusionea10
3124;Summerdale;1257;Summerdale;1.000000;351;Midflusionea10
3125;Far South Fodaria 9;1508;Far South Fodaria 9;1.000000;310;Hydronien
3126;Far North Lokout;1094;Far North Lokout;1.000000;336;Puffiland8
3127;Far North Lokout;1094;Far North Lokout;1.000000;336;Puffiland8
3128;Zorud Tal;999;Zorud Tal;1.000000;288;Red Kolechia
3129;Zorud Tal;999;Zorud Tal;0.607692;288;Red Kolechia
3130;Zorud Tal;999;Zorud Tal;0.992509;288;Red Kolechia
3131;Kerm;1527;Kerm;1.000000;304;Kronkstaat
3132;East Katezic;1097;East Katezic;1.000000;338;Puffiland10
3133;Mittelmewxico;534;Mittelmewxico;1.000000;39;Catburg
3134;Kerm;1527;Kerm;1.000000;304;Kronkstaat
3135;Kerm;1527;Kerm;1.000000;304;Kronkstaat
3136;Kerm;1527;Kerm;1.000000;304;Kronkstaat
3137;Kerm;1527;Kerm;1.000000;304;Kronkstaat
3138;Roquatzia;191;Roquatzia;1.000000;31;Lionsburg
3139;Roquatzia;191;Roquatzia;1.000000;31;Lionsburg
3140;Roquatzia;191;Roquatzia;1.000000;31;Lionsburg
3141;Roquatzia;191;Roquatzia;1.000000;31;Lionsburg
3142;Praeliumen;1048;Praeliumen;1.000000;311;Zikua
3143;Pincarograd;1531;Pincarograd;1.000000;311;Zikua
3144;East Svitankovia;1232;East Svitankovia;1.000000;351;Midflusionea10
3145;East Svitankovia;1232;East Svitankovia;1.000000;351;Midflusionea10
3146;East Svitankovia;1232;East Svitankovia;1.000000;351;Midflusionea10
3147;East Svitankovia;1232;East Svitankovia;1.000000;351;Midflusionea10
3148;Kleinberg;533;Kleinberg;1.000000;40;Meowfelde
3149;Kleinberg;533;Kleinberg;1.000000;40;Meowfelde
3150;Kleinberg;533;Kleinberg;1.000000;40;Meowfelde
3151;Valaros;609;Valaros;1.000000;132;Valaros
3152;Valaros;609;Valaros;0.633245;132;Valaros
3153;Sabhanita;1079;Sabhanita;1.000000;332;Puffiland4
3154;Purrlin;192;Purrlin;1.000000;51;Feline Gulf
3155;Katkenstein;177;Katkenstein;1.000000;32;Neu-Mewxico
3156;Katkenstein;177;Katkenstein;1.000000;32;Neu-Mewxico
3157;Neu-Mewxico;1449;Neu-Mewxico;1.000000;32;Neu-Mewxico
3158;Katkenstein;177;Katkenstein;0.501099;32;Neu-Mewxico
3159;Neu-Mewxico;1449;Neu-Mewxico;1.000000;32;Neu-Mewxico
3160;Nordessenstaaten;594;Nordessenstaaten;0.710443;34;Meon
3161;Svitankovia;1248;Svitankovia;1.000000;350;Midflusionea9
3162;Mushbarraz;1336;Mushbarraz;1.000000;335;Puffiland7
3163;Mushbarraz;1336;Mushbarraz;1.000000;335;Puffiland7
3164;Mushbarraz;1336;Mushbarraz;1.000000;335;Puffiland7
3165;Mushbarraz;1336;Mushbarraz;1.000000;335;Puffiland7
3166;Banaplanina;493;Banaplanina;1.000000;212;Chesedgrad
3167;Banaplanina;493;Banaplanina;1.000000;212;Chesedgrad
3168;Kroassiciti;934;Kroassiciti;1.000000;214;Nerva
3169;Far West Southern Stollparche;193;Far West Southern Stollparche;0.603030;238;Groundhogistan
3170;Far West Southern Stollparche;193;Far West Southern Stollparche;1.000000;238;Groundhogistan
3171;Summerdale;1257;Summerdale;1.000000;351;Midflusionea10
3172;Summerdale;1257;Summerdale;1.000000;351;Midflusionea10
3173;Paysages;1168;Paysages;1.000000;141;Rustalia
3174;Paysages;1168;Paysages;1.000000;141;Rustalia
3175;Paysages;1168;Paysages;1.000000;141;Rustalia
3176;Paysages;1168;Paysages;1.000000;141;Rustalia
3177;Paysages;1168;Paysages;1.000000;141;Rustalia
3178;Unkhus Vel;1007;Unkhus Vel;1.000000;289;Sand Kolechia
3179;Far East Lokout 7;1340;Far East Lokout 7;1.000000;332;Puffiland4
3180;Morel Falls;494;Morel Falls;1.000000;329;Puffiland1
3181;Morel Falls;494;Morel Falls;1.000000;329;Puffiland1
3182;Morel Falls;494;Morel Falls;1.000000;329;Puffiland1
3183;Liaküste;510;Liaküste;1.000000;31;Lionsburg
3184;Bassaitte;933;Bassaitte;1.000000;212;Chesedgrad
3185;Far West Southern Stollparche;193;Far West Southern Stollparche;1.000000;238;Groundhogistan
3186;Far South Amphibia 6;1520;Far South Amphibia 6;1.000000;311;Zikua
3187;Cize;158;Cize;1.000000;239;Northern Altaria
3188;Katkenstein;177;Katkenstein;1.000000;32;Neu-Mewxico
3189;Summerdale;1257;Summerdale;1.000000;351;Midflusionea10
3190;Summerdale;1257;Summerdale;1.000000;351;Midflusionea10
3191;Riverboden;1260;Riverboden;1.000000;355;Midflusionea14
3192;Riverboden;1260;Riverboden;1.000000;355;Midflusionea14
3193;Hofungi;175;Hofungi;1.000000;338;Puffiland10
3194;East Neminia 9;1538;East Neminia 9;0.991091;131;Nitros
3195;Hammerhand;498;Hammerhand;1.000000;131;Nitros
3196;Hammerhand;498;Hammerhand;1.000000;131;Nitros
3197;Hammerhand;498;Hammerhand;1.000000;131;Nitros
3198;Hammerhand;498;Hammerhand;0.734653;131;Nitros
3199;Katezic;190;Katezic;1.000000;356;Midflusionea15
3200;Riverboden;1260;Riverboden;1.000000;355;Midflusionea14
3201;Riverboden;1260;Riverboden;1.000000;355;Midflusionea14
3202;Riverboden;1260;Riverboden;1.000000;355;Midflusionea14
3203;Riverboden;1260;Riverboden;1.000000;355;Midflusionea14
3204;Jonesbearo;170;Jonesbearo;1.000000;355;Midflusionea14
3205;Jonesbearo;170;Jonesbearo;1.000000;355;Midflusionea14
3206;Sabhanita;1079;Sabhanita;1.000000;332;Puffiland4
3207;Sabhanita;1079;Sabhanita;1.000000;332;Puffiland4
3208;Heimlichstaat;938;Heimlichstaat;1.000000;220;Alraxia
3209;Heimlichstaat;938;Heimlichstaat;1.000000;220;Alraxia
3210;Heimlichstaat;938;Heimlichstaat;1.000000;220;Alraxia
3211;Heimlichstaat;938;Heimlichstaat;0.998099;220;Alraxia
3212;Roquatzia;191;Roquatzia;1.000000;31;Lionsburg
3213;Roquatzia;191;Roquatzia;1.000000;31;Lionsburg
3214;New Bearia;1259;New Bearia;1.000000;356;Midflusionea15
3215;New Bearia;1259;New Bearia;1.000000;356;Midflusionea15
3216;Southern Stollparche;198;Southern Stollparche;1.000000;241;Hyphaeicia
3217;Southern Stollparche;198;Southern Stollparche;1.000000;241;Hyphaeicia
3218;Southern Stollparche;198;Southern Stollparche;1.000000;241;Hyphaeicia
3219;Bramble Wastes;188;Bramble Wastes;1.000000;285;Bramble Basins
3220;Bramble Wastes;188;Bramble Wastes;1.000000;285;Bramble Basins
3221;Bramble Wastes;188;Bramble Wastes;0.921120;285;Bramble Basins
3222;Clawinsk;1526;Clawinsk;1.000000;305;Kronk5
3223;Slavoniciti;935;Slavoniciti;1.000000;216;Dhalmaciti
3224;Slavoniciti;935;Slavoniciti;1.000000;216;Dhalmaciti
3225;Slavoniciti;935;Slavoniciti;1.000000;216;Dhalmaciti
3226;Kisastrat;939;Kisastrat;1.000000;220;Alraxia
3227;Kisastrat;939;Kisastrat;1.000000;220;Alraxia
3228;Kisastrat;939;Kisastrat;1.000000;220;Alraxia
3229;North Drakenburg;1439;North Drakenburg;1.000000;40;Meowfelde
3230;North Drakenburg;1439;North Drakenburg;1.000000;40;Meowfelde
3231;North Drakenburg;1439;North Drakenburg;1.000000;40;Meowfelde
3232;North Drakenburg;1439;North Drakenburg;1.000000;40;Meowfelde
3233;North Drakenburg;1439;North Drakenburg;1.000000;40;Meowfelde
3234;North Drakenburg;1439;North Drakenburg;1.000000;40;Meowfelde
3235;New Bearia;1259;New Bearia;1.000000;356;Midflusionea15
3236;Far North Lokout;1094;Far North Lokout;1.000000;336;Puffiland8
3237;Slavoniciti;935;Slavoniciti;1.000000;216;Dhalmaciti
3238;Far West Southern Stollparche 4;1153;Far West Southern Stollparche 4;1.000000;238;Groundhogistan
3239;Far West Southern Stollparche 4;1153;Far West Southern Stollparche 4;1.000000;238;Groundhogistan
3240;Far West Southern Stollparche 4;1153;Far West Southern Stollparche 4;1.000000;238;Groundhogistan
3241;Rustinia;1169;Rustinia;1.000000;141;Rustalia
3242;Rustinia;1169;Rustinia;1.000000;141;Rustalia
3243;Rustinia;1169;Rustinia;1.000000;141;Rustalia
3244;Rustinia;1169;Rustinia;1.000000;141;Rustalia
3245;Yarnis Bergen;595;Yarnis Bergen;1.000000;34;Meon
3246;Yiarophila;1532;Yiarophila;1.000000;311;Zikua
3247;Yiarophila;1532;Yiarophila;1.000000;311;Zikua
3248;East Katezic;1097;East Katezic;1.000000;338;Puffiland10
3249;Mossxor;1085;Mossxor;1.000000;332;Puffiland4
3250;Mossxor;1085;Mossxor;1.000000;332;Puffiland4
3251;Tihanian Woodlands;931;Tihanian Woodlands;1.000000;216;Dhalmaciti
3252;Jeunes-Habitants;1166;Jeunes-Habitants;1.000000;141;Rustalia
3253;Jeunes-Habitants;1166;Jeunes-Habitants;1.000000;141;Rustalia
3254;Jeunes-Habitants;1166;Jeunes-Habitants;1.000000;141;Rustalia
3255;Liaküste;510;Liaküste;1.000000;31;Lionsburg
3256;Liaküste;510;Liaküste;1.000000;31;Lionsburg
3257;Liaküste;510;Liaküste;1.000000;31;Lionsburg
3258;Liaküste;510;Liaküste;1.000000;31;Lionsburg
3259;Mittelmewxico;534;Mittelmewxico;1.000000;39;Catburg
3260;Valaros;609;Valaros;1.000000;132;Valaros
3261;Bramble Wastes;188;Bramble Wastes;1.000000;285;Bramble Basins
3262;Ballatonne Forests;927;Ballatonne Forests;1.000000;217;Ballatonne Basin
3263;Ballatonne Forests;927;Ballatonne Forests;1.000000;217;Ballatonne Basin
3264;Ballatonne Forests;927;Ballatonne Forests;1.000000;217;Ballatonne Basin
3265;Kleinberg;533;Kleinberg;1.000000;40;Meowfelde
3266;Meon;593;Meon;0.667845;34;Meon
3267;Meon;593;Meon;1.000000;34;Meon
3268;Valaros;609;Valaros;1.000000;132;Valaros
3269;Isthriciti;495;Isthriciti;1.000000;216;Dhalmaciti
3270;Isthriciti;495;Isthriciti;1.000000;216;Dhalmaciti
3271;Isthriciti;495;Isthriciti;1.000000;216;Dhalmaciti
3272;Praeliumen;1048;Praeliumen;1.000000;311;Zikua
3273;Praeliumen;1048;Praeliumen;1.000000;311;Zikua
3274;Praeliumen;1048;Praeliumen;1.000000;311;Zikua
3275;Ismhal;1098;Ismhal;1.000000;333;Puffiland5
3276;Ismhal;1098;Ismhal;1.000000;333;Puffiland5
3277;Ismhal;1098;Ismhal;1.000000;333;Puffiland5
3278;Ismhal;1098;Ismhal;1.000000;333;Puffiland5
3279;Sporegazi;1334;Sporegazi;1.000000;332;Puffiland4
3280;Sporegazi;1334;Sporegazi;1.000000;332;Puffiland4
3281;Sporegazi;1334;Sporegazi;1.000000;332;Puffiland4
3282;Qaradel Tas;59;Qaradel Tas;0.693299;288;Red Kolechia
3283;Qaradel Tas;59;Qaradel Tas;1.000000;288;Red Kolechia
3284;Qaradel Tas;59;Qaradel Tas;1.000000;288;Red Kolechia
3285;Bramble Woods;985;Bramble Woods;1.000000;285;Bramble Basins
3286;Bramble Woods;985;Bramble Woods;1.000000;285;Bramble Basins
3287;Bramble Woods;985;Bramble Woods;1.000000;285;Bramble Basins
3288;Orefograd;1528;Orefograd;1.000000;304;Kronkstaat
3289;Orefograd;1528;Orefograd;0.779381;304;Kronkstaat
3290;North Fodaria 10;1524;North Fodaria 10;1.000000;305;Kronk5
3291;North Fodaria 10;1524;North Fodaria 10;0.777283;305;Kronk5
3292;Upper Fodaria 15;1529;Upper Fodaria 15;1.000000;304;Kronkstaat
3293;Lower Amphibia 1;1530;Lower Amphibia 1;1.000000;311;Zikua
3294;Lower Amphibia 1;1530;Lower Amphibia 1;1.000000;311;Zikua
3295;Central Svitanok Desert;1249;Central Svitanok Desert;1.000000;350;Midflusionea9
3296;Central Svitanok Desert;1249;Central Svitanok Desert;1.000000;350;Midflusionea9
3297;Mushbarraz;1336;Mushbarraz;1.000000;335;Puffiland7
3298;East Cize;1157;East Cize;1.000000;241;Hyphaeicia
3299;Solkatzia;514;Solkatzia;1.000000;31;Lionsburg
3300;Solkatzia;514;Solkatzia;1.000000;31;Lionsburg
3301;Solkatzia;514;Solkatzia;1.000000;31;Lionsburg
3302;Solkatzia;514;Solkatzia;1.000000;31;Lionsburg
3303;Siaufokisj;196;Siaufokisj;1.000000;217;Ballatonne Basin
3304;Siaufokisj;196;Siaufokisj;1.000000;217;Ballatonne Basin
3305;Siaufokisj;196;Siaufokisj;1.000000;217;Ballatonne Basin
3306;Near West Southern Stollparche;1155;Near West Southern Stollparche;1.000000;238;Groundhogistan
3307;Roquatzia;191;Roquatzia;1.000000;31;Lionsburg
3308;Nhalutt;497;Nhalutt;1.000000;329;Puffiland1
3309;Nhalutt;497;Nhalutt;0.829508;329;Puffiland1
3310;Nhalutt;497;Nhalutt;1.000000;329;Puffiland1
3311;Nhalutt;497;Nhalutt;1.000000;329;Puffiland1
3312;Nhalutt;497;Nhalutt;1.000000;329;Puffiland1
3313;South Arlenisk;912;South Arlenisk;1.000000;220;Alraxia
3314;South Arlenisk;912;South Arlenisk;0.996390;220;Alraxia
3315;South Arlenisk;912;South Arlenisk;0.512195;220;Alraxia
3316;Ataropolis;512;Ataropolis;1.000000;31;Lionsburg
3317;Ataropolis;512;Ataropolis;1.000000;31;Lionsburg
3318;Ataropolis;512;Ataropolis;1.000000;31;Lionsburg
3319;Ataropolis;512;Ataropolis;1.000000;31;Lionsburg
3320;Kerm;1527;Kerm;0.998450;304;Kronkstaat
3321;Lower Amphibia 1;1530;Lower Amphibia 1;1.000000;311;Zikua
3322;Tihanian Woodlands;931;Tihanian Woodlands;1.000000;216;Dhalmaciti
3323;Tihanian Woodlands;931;Tihanian Woodlands;1.000000;216;Dhalmaciti
3324;East Katezic;1097;East Katezic;1.000000;338;Puffiland10
3325;East Katezic;1097;East Katezic;1.000000;338;Puffiland10
3326;Ismhal;1098;Ismhal;1.000000;333;Puffiland5
3327;Mossxor;1085;Mossxor;1.000000;332;Puffiland4
3328;Roquatzia;191;Roquatzia;1.000000;31;Lionsburg
3329;Roquatzia;191;Roquatzia;1.000000;31;Lionsburg
3330;East Svitankovia;1232;East Svitankovia;1.000000;351;Midflusionea10
3331;Far West Southern Stollparche 4;1153;Far West Southern Stollparche 4;1.000000;238;Groundhogistan
3332;Far West Southern Stollparche 4;1153;Far West Southern Stollparche 4;1.000000;238;Groundhogistan
3333;Hammerhand;498;Hammerhand;1.000000;131;Nitros
3334;Krazan;200;Krazan;1.000000;304;Kronkstaat
3335;Krazan;200;Krazan;1.000000;304;Kronkstaat
3336;Krazan;200;Krazan;1.000000;304;Kronkstaat
3337;Krazan;200;Krazan;0.971861;304;Kronkstaat
3338;Krazan;200;Krazan;1.000000;304;Kronkstaat
3339;Krazan;200;Krazan;1.000000;304;Kronkstaat
3340;Hofungi;175;Hofungi;1.000000;338;Puffiland10
3341;East Cize;1157;East Cize;1.000000;241;Hyphaeicia
3342;Ad Khagaroth;1000;Ad Khagaroth;1.000000;288;Red Kolechia
3343;Ad Khagaroth;1000;Ad Khagaroth;1.000000;288;Red Kolechia
3344;Krazan;200;Krazan;1.000000;304;Kronkstaat
3345;Ballatonne Forests;927;Ballatonne Forests;1.000000;217;Ballatonne Basin
3346;Ballatonne Forests;927;Ballatonne Forests;1.000000;217;Ballatonne Basin
3347;Ballatonne Forests;927;Ballatonne Forests;1.000000;217;Ballatonne Basin
3348;Ballatonne Forests;927;Ballatonne Forests;1.000000;217;Ballatonne Basin
3349;Yiarophila;1532;Yiarophila;1.000000;311;Zikua
3350;Yiarophila;1532;Yiarophila;1.000000;311;Zikua
3351;Epoustouflant;1167;Epoustouflant;0.997442;141;Rustalia
3352;Epoustouflant;1167;Epoustouflant;1.000000;141;Rustalia
3353;Jeunes-Habitants;1166;Jeunes-Habitants;1.000000;141;Rustalia
3354;Nitros;606;Nitros;1.000000;131;Nitros
3355;Nitros;606;Nitros;1.000000;131;Nitros
3356;Nitros;606;Nitros;0.726378;131;Nitros
3357;Nitros;606;Nitros;1.000000;131;Nitros
3358;Lower Amphibia 1;1530;Lower Amphibia 1;1.000000;311;Zikua
3359;Lower Amphibia 1;1530;Lower Amphibia 1;1.000000;311;Zikua
3360;Katezic;190;Katezic;1.000000;356;Midflusionea15
3361;Morel Falls;494;Morel Falls;1.000000;329;Puffiland1
3362;Near East Southern Stollparche;211;Near East Southern Stollparche;1.000000;241;Hyphaeicia
3363;Azzukhad;1003;Azzukhad;0.996124;289;Sand Kolechia
3364;Azzukhad;1003;Azzukhad;0.898246;289;Sand Kolechia
3365;Azzukhad;1003;Azzukhad;1.000000;289;Sand Kolechia
3366;Orefograd;1528;Orefograd;0.986111;304;Kronkstaat
3367;Southern Stollparche;198;Southern Stollparche;1.000000;241;Hyphaeicia
3368;Southern Stollparche;198;Southern Stollparche;1.000000;241;Hyphaeicia
3369;Zud Jalath;1008;Zud Jalath;1.000000;288;Red Kolechia
3370;Vhi Gherizad;161;Vhi Gherizad;0.698148;288;Red Kolechia
3371;Vhi Gherizad;161;Vhi Gherizad;1.000000;288;Red Kolechia
3372;Vhi Gherizad;161;Vhi Gherizad;1.000000;288;Red Kolechia
3373;Southern Svitanok Desert;1250;Southern Svitanok Desert;1.000000;350;Midflusionea9
3374;Southern Svitanok Desert;1250;Southern Svitanok Desert;1.000000;350;Midflusionea9
3375;Southern Svitanok Desert;1250;Southern Svitanok Desert;0.998069;350;Midflusionea9
3376;Southern Svitanok Desert;1250;Southern Svitanok Desert;1.000000;350;Midflusionea9
3377;Isthriciti;495;Isthriciti;1.000000;216;Dhalmaciti
3378;Centralia;189;Centralia;1.000000;141;Rustalia
3379;Centralia;189;Centralia;1.000000;141;Rustalia
3380;Centralia;189;Centralia;0.786543;141;Rustalia
3381;Dhalmaciti;936;Dhalmaciti;0.801282;216;Dhalmaciti
3382;Dhalmaciti;936;Dhalmaciti;0.980614;216;Dhalmaciti
3383;Tihanian Woodlands;931;Tihanian Woodlands;1.000000;216;Dhalmaciti
3384;Summerdale;1257;Summerdale;1.000000;351;Midflusionea10
3385;Shiitofuf;1096;Shiitofuf;1.000000;335;Puffiland7
3386;Paysages;1168;Paysages;1.000000;141;Rustalia
3387;Hammerhand;498;Hammerhand;1.000000;131;Nitros
3388;Hammerhand;498;Hammerhand;1.000000;131;Nitros
3389;Bramble Woods;985;Bramble Woods;1.000000;285;Bramble Basins
3390;Yanbasidi;1337;Yanbasidi;1.000000;335;Puffiland7
3391;Yanbasidi;1337;Yanbasidi;1.000000;335;Puffiland7
3392;East Puffy Island;1331;East Puffy Island;1.000000;332;Puffiland4
3393;East Puffy Island;1331;East Puffy Island;1.000000;332;Puffiland4
3394;Kisastrat;939;Kisastrat;1.000000;220;Alraxia
3395;Kisastrat;939;Kisastrat;1.000000;220;Alraxia
3396;Near East Southern Stollparche;211;Near East Southern Stollparche;1.000000;241;Hyphaeicia
3397;Near East Southern Stollparche;211;Near East Southern Stollparche;1.000000;241;Hyphaeicia
3398;Near East Southern Stollparche;211;Near East Southern Stollparche;1.000000;241;Hyphaeicia
3399;Near East Southern Stollparche;211;Near East Southern Stollparche;1.000000;241;Hyphaeicia
3400;Near East Southern Stollparche;211;Near East Southern Stollparche;1.000000;241;Hyphaeicia
3401;Yanbasidi;1337;Yanbasidi;1.000000;335;Puffiland7
3402;Yanbasidi;1337;Yanbasidi;1.000000;335;Puffiland7
3403;Yarnis Bergen;595;Yarnis Bergen;1.000000;34;Meon
3404;Ad Khagaroth;1000;Ad Khagaroth;1.000000;288;Red Kolechia
3405;Azzukhad;1003;Azzukhad;1.000000;289;Sand Kolechia
3406;Yijnov;203;Yijnov;1.000000;311;Zikua
3407;West Bearlin;1234;West Bearlin;1.000000;357;Midflusionea16
3408;West Bearlin;1234;West Bearlin;1.000000;357;Midflusionea16
3409;West Bearlin;1234;West Bearlin;1.000000;357;Midflusionea16
3410;Yanbasidi;1337;Yanbasidi;1.000000;335;Puffiland7
3411;Nhalutt;497;Nhalutt;1.000000;329;Puffiland1
3412;Mau-Vegas;530;Mau-Vegas;1.000000;32;Neu-Mewxico
3413;Mau-Vegas;530;Mau-Vegas;1.000000;32;Neu-Mewxico
3414;Mau-Vegas;530;Mau-Vegas;1.000000;32;Neu-Mewxico
3415;Purrton;531;Purrton;1.000000;40;Meowfelde
3416;Hammerhand;498;Hammerhand;1.000000;131;Nitros
3417;North Fodaria 10;1524;North Fodaria 10;1.000000;305;Kronk5
3418;West Petite Qualie;205;West Petite Qualie;1.000000;143;Central Sun Sea
3419;West Petite Qualie;205;West Petite Qualie;1.000000;143;Central Sun Sea
3420;Beauparc;350;Beauparc;1.000000;141;Rustalia
3421;West Bearlin;1234;West Bearlin;1.000000;357;Midflusionea16
3422;East Bearlin;1231;East Bearlin;1.000000;356;Midflusionea15
3423;East Bearlin;1231;East Bearlin;1.000000;356;Midflusionea15
3424;East Bearlin;1231;East Bearlin;1.000000;356;Midflusionea15
3425;East Bearlin;1231;East Bearlin;1.000000;356;Midflusionea15
3426;Rustinia;1169;Rustinia;1.000000;141;Rustalia
3427;Praeliumen;1048;Praeliumen;1.000000;311;Zikua
3428;Ismhal;1098;Ismhal;1.000000;333;Puffiland5
3429;Purrton;531;Purrton;1.000000;40;Meowfelde
3430;Purrton;531;Purrton;1.000000;40;Meowfelde
3431;West Bearlin;1234;West Bearlin;1.000000;357;Midflusionea16
3432;Katezic;190;Katezic;1.000000;356;Midflusionea15
3433;Katezic;190;Katezic;1.000000;356;Midflusionea15
3434;Katezic;190;Katezic;1.000000;356;Midflusionea15
3435;Shiitofuf;1096;Shiitofuf;1.000000;335;Puffiland7
3436;Shiitofuf;1096;Shiitofuf;1.000000;335;Puffiland7
3437;Shiitofuf;1096;Shiitofuf;1.000000;335;Puffiland7
3438;Shiitofuf;1096;Shiitofuf;1.000000;335;Puffiland7
3439;Dhalmaciti;936;Dhalmaciti;1.000000;216;Dhalmaciti
3440;Dhalmaciti;936;Dhalmaciti;1.000000;216;Dhalmaciti
3441;Mau-Vegas;530;Mau-Vegas;1.000000;32;Neu-Mewxico
3442;Novemberstadt;929;Novemberstadt;1.000000;217;Ballatonne Basin
3443;Novemberstadt;929;Novemberstadt;1.000000;217;Ballatonne Basin
3444;Novemberstadt;929;Novemberstadt;1.000000;217;Ballatonne Basin
3445;Shiitofuf;1096;Shiitofuf;1.000000;335;Puffiland7
3446;Shiitofuf;1096;Shiitofuf;1.000000;335;Puffiland7
3447;Ismhal;1098;Ismhal;0.768031;333;Puffiland5
3448;Ad Khagaroth;1000;Ad Khagaroth;1.000000;288;Red Kolechia
3449;Siaufokisj;196;Siaufokisj;1.000000;217;Ballatonne Basin
3450;Paysages;1168;Paysages;1.000000;141;Rustalia
3451;Jonesbearo;170;Jonesbearo;1.000000;355;Midflusionea14
3452;Jonesbearo;170;Jonesbearo;1.000000;355;Midflusionea14
3453;Jonesbearo;170;Jonesbearo;1.000000;355;Midflusionea14
3454;Nitros;606;Nitros;1.000000;131;Nitros
3455;Nitros;606;Nitros;1.000000;131;Nitros
3456;Nitros;606;Nitros;1.000000;131;Nitros
3457;Yijnov;203;Yijnov;1.000000;311;Zikua
3458;Yijnov;203;Yijnov;1.000000;311;Zikua
3459;Neu-Winston;147;Neu-Winston;1.000000;141;Rustalia
3460;Neu-Winston;147;Neu-Winston;1.000000;141;Rustalia
3461;Neu-Winston;147;Neu-Winston;1.000000;141;Rustalia
3462;Neu-Winston;147;Neu-Winston;1.000000;141;Rustalia
3463;Neu-Winston;147;Neu-Winston;1.000000;141;Rustalia
3464;Drakenburg;532;Drakenburg;1.000000;33;Drakwald Jungle
3465;Drakenburg;532;Drakenburg;1.000000;33;Drakwald Jungle
3466;Bramble Range;980;Bramble Range;1.000000;285;Bramble Basins
3467;Bramble Range;980;Bramble Range;1.000000;285;Bramble Basins
3468;Bramble Range;980;Bramble Range;1.000000;285;Bramble Basins
3469;Bramble Range;980;Bramble Range;1.000000;285;Bramble Basins
3470;Bramble Range;980;Bramble Range;1.000000;285;Bramble Basins
3471;Far East Amphibia 7;1521;Far East Amphibia 7;0.838926;311;Zikua
3472;Yinsk;1551;Yinsk;0.997863;311;Zikua
3473;Far East Amphibia 7;1521;Far East Amphibia 7;1.000000;311;Zikua
3474;Yinsk;1551;Yinsk;0.855131;311;Zikua
3475;Yinsk;1551;Yinsk;1.000000;311;Zikua
3476;Sporegazi;1334;Sporegazi;1.000000;332;Puffiland4
3477;Heimlichstaat;938;Heimlichstaat;1.000000;220;Alraxia
3478;Drakenburg;532;Drakenburg;1.000000;33;Drakwald Jungle
3479;Krazan;200;Krazan;1.000000;304;Kronkstaat
3480;Ismhal;1098;Ismhal;1.000000;333;Puffiland5
3481;Neu-Winston;147;Neu-Winston;1.000000;141;Rustalia
3482;Ameowzonia;1504;Ameowzonia;0.628702;33;Drakwald Jungle
3483;Meonwald;197;Meonwald;0.377119;34;Meon
3484;Riverboden;1260;Riverboden;1.000000;355;Midflusionea14
3485;Tihanian Woodlands;931;Tihanian Woodlands;1.000000;216;Dhalmaciti
3486;Sudkronk;1051;Sudkronk;1.000000;305;Kronk5
3487;Sudkronk;1051;Sudkronk;1.000000;305;Kronk5
3488;Sudkronk;1051;Sudkronk;1.000000;305;Kronk5
3489;Sudkronk;1051;Sudkronk;1.000000;305;Kronk5
3490;Sudkronk;1051;Sudkronk;1.000000;305;Kronk5
3491;Sudkronk;1051;Sudkronk;1.000000;305;Kronk5
3492;Far West Southern Stollparche 4;1153;Far West Southern Stollparche 4;1.000000;238;Groundhogistan
3493;Far West Southern Stollparche 3;194;Far West Southern Stollparche 3;1.000000;238;Groundhogistan
3494;Far West Southern Stollparche 3;194;Far West Southern Stollparche 3;1.000000;238;Groundhogistan
3495;Far West Southern Stollparche 3;194;Far West Southern Stollparche 3;1.000000;238;Groundhogistan
3496;Far West Southern Stollparche 3;194;Far West Southern Stollparche 3;1.000000;238;Groundhogistan
3497;Southern Svitanok Desert;1250;Southern Svitanok Desert;1.000000;350;Midflusionea9
3498;Novobojnika Woodlands;932;Novobojnika Woodlands;0.966245;216;Dhalmaciti
3499;Zhagrebenstadt;155;Zhagrebenstadt;0.620309;216;Dhalmaciti
3500;Novobojnika Woodlands;932;Novobojnika Woodlands;0.912500;216;Dhalmaciti
3501;Zhagrebenstadt;155;Zhagrebenstadt;0.995381;216;Dhalmaciti
3502;North Southern Stollparche;1163;North Southern Stollparche;1.000000;241;Hyphaeicia
3503;North Southern Stollparche;1163;North Southern Stollparche;1.000000;241;Hyphaeicia
3504;Beauparc;350;Beauparc;1.000000;141;Rustalia
3505;Beauparc;350;Beauparc;1.000000;141;Rustalia
3506;Beauparc;350;Beauparc;1.000000;141;Rustalia
3507;Beauparc;350;Beauparc;1.000000;141;Rustalia
3508;Sudbergen;613;Sudbergen;1.000000;131;Nitros
3509;Kisastrat;939;Kisastrat;1.000000;220;Alraxia
3510;Nouvelle Roqualie;1165;Nouvelle Roqualie;1.000000;141;Rustalia
3511;Nouvelle Roqualie;1165;Nouvelle Roqualie;1.000000;141;Rustalia
3512;East Svitankovia;1232;East Svitankovia;1.000000;351;Midflusionea10
3513;Cape Novi;951;Cape Novi;1.000000;224;Novoshian Shores
3514;Cape Novi;951;Cape Novi;1.000000;224;Novoshian Shores
3515;Cape Novi;951;Cape Novi;1.000000;224;Novoshian Shores
3516;Cape Novi;951;Cape Novi;1.000000;224;Novoshian Shores
3517;Sudkronk;1051;Sudkronk;1.000000;305;Kronk5
3518;Sudkronk;1051;Sudkronk;1.000000;305;Kronk5
3519;East Bearlin;1231;East Bearlin;1.000000;356;Midflusionea15
3520;Alraxian Plains;180;Alraxian Plains;1.000000;221;Kirtikia
3521;Alraxian Plains;180;Alraxian Plains;0.961464;221;Kirtikia
3522;Alraxian Plains;180;Alraxian Plains;1.000000;221;Kirtikia
3523;Alraxian Plains;180;Alraxian Plains;1.000000;221;Kirtikia
3524;Novania's Shores;949;Novania's Shores;1.000000;224;Novoshian Shores
3525;Novania's Shores;949;Novania's Shores;1.000000;224;Novoshian Shores
3526;Novania's Shores;949;Novania's Shores;1.000000;224;Novoshian Shores
3527;South Yinjetopol;1055;South Yinjetopol;1.000000;312;Erokt
3528;South Yinjetopol;1055;South Yinjetopol;0.774011;312;Erokt
3529;West Southern Stollparche;1154;West Southern Stollparche;1.000000;238;Groundhogistan
3530;West Southern Stollparche;1154;West Southern Stollparche;1.000000;238;Groundhogistan
3531;Svitanok Ridges;134;Svitanok Ridges;1.000000;352;Midflusionea11
3532;Near North Southern Stollparche;221;Near North Southern Stollparche;0.595238;241;Hyphaeicia
3533;Meowhorn;1441;Meowhorn;1.000000;32;Neu-Mewxico
3534;Meowhorn;1441;Meowhorn;1.000000;32;Neu-Mewxico
3535;Gvin Minhaz;1002;Gvin Minhaz;1.000000;289;Sand Kolechia
3536;Gvin Minhaz;1002;Gvin Minhaz;1.000000;289;Sand Kolechia
3537;Gvin Minhaz;1002;Gvin Minhaz;1.000000;289;Sand Kolechia
3538;South Yinjetopol;1055;South Yinjetopol;1.000000;312;Erokt
3539;South Yinjetopol;1055;South Yinjetopol;1.000000;312;Erokt
3540;Fungarish;499;Fungarish;1.000000;333;Puffiland5
3541;Fungarish;499;Fungarish;1.000000;333;Puffiland5
3542;Meowjave;204;Meowjave;1.000000;32;Neu-Mewxico
3543;Meowjave;204;Meowjave;1.000000;32;Neu-Mewxico
3544;Meowjave;204;Meowjave;1.000000;32;Neu-Mewxico
3545;Meowjave;204;Meowjave;1.000000;32;Neu-Mewxico
3546;East Svitanok Ridges;1233;East Svitanok Ridges;1.000000;357;Midflusionea16
3547;East Svitanok Ridges;1233;East Svitanok Ridges;1.000000;357;Midflusionea16
3548;East Svitanok Ridges;1233;East Svitanok Ridges;1.000000;357;Midflusionea16
3549;East Bearlin;1231;East Bearlin;1.000000;356;Midflusionea15
3550;Honelmyra;1229;Honelmyra;1.000000;355;Midflusionea14
3551;Honelmyra;1229;Honelmyra;1.000000;355;Midflusionea14
3552;Fungarish;499;Fungarish;1.000000;333;Puffiland5
3553;Fungarish;499;Fungarish;1.000000;333;Puffiland5
3554;Fungarish;499;Fungarish;1.000000;333;Puffiland5
3555;Kirtikia;940;Kirtikia;1.000000;221;Kirtikia
3556;Palikova Interlakia;946;Palikova Interlakia;0.644820;221;Kirtikia
3557;Palikova Interlakia;946;Palikova Interlakia;0.683386;221;Kirtikia
3558;Palikova Interlakia;946;Palikova Interlakia;1.000000;221;Kirtikia
3559;Palikova Interlakia;946;Palikova Interlakia;1.000000;221;Kirtikia
3560;West Bearlin;1234;West Bearlin;1.000000;357;Midflusionea16
3561;Fungarish;499;Fungarish;1.000000;333;Puffiland5
3562;Fungalhalla;1099;Fungalhalla;1.000000;333;Puffiland5
3563;East Puffy Island;1331;East Puffy Island;1.000000;332;Puffiland4
3564;East Puffy Island;1331;East Puffy Island;1.000000;332;Puffiland4
3565;West Petite Qualie;205;West Petite Qualie;1.000000;143;Central Sun Sea
3566;Or Tigas;52;Or Tigas;1.000000;289;Sand Kolechia
3567;Or Tigas;52;Or Tigas;1.000000;289;Sand Kolechia
3568;Or Tigas;52;Or Tigas;1.000000;289;Sand Kolechia
3569;Or Tigas;52;Or Tigas;1.000000;289;Sand Kolechia
3570;Clawinsk;1526;Clawinsk;0.978558;305;Kronk5
3571;Purrton;531;Purrton;1.000000;40;Meowfelde
3572;Jérezucar;212;Jérezucar;1.000000;382;Flusionea10
3573;Jérezucar;212;Jérezucar;1.000000;382;Flusionea10
3574;Jérezucar;212;Jérezucar;1.000000;382;Flusionea10
3575;Jérezucar;212;Jérezucar;1.000000;382;Flusionea10
3576;Jérezucar;212;Jérezucar;1.000000;382;Flusionea10
3577;Jérezucar;212;Jérezucar;1.000000;382;Flusionea10
3578;Jérezucar;212;Jérezucar;1.000000;382;Flusionea10
3579;Jérezucar;212;Jérezucar;1.000000;382;Flusionea10
3580;South Fodaria 11;1525;South Fodaria 11;1.000000;305;Kronk5
3581;South Fodaria 11;1525;South Fodaria 11;0.985714;305;Kronk5
3582;South Fodaria 11;1525;South Fodaria 11;1.000000;305;Kronk5
3583;Svitanok Ridges;134;Svitanok Ridges;1.000000;352;Midflusionea11
3584;Svitanok Ridges;134;Svitanok Ridges;1.000000;352;Midflusionea11
3585;Svitanok Ridges;134;Svitanok Ridges;1.000000;352;Midflusionea11
3586;Svitanok Ridges;134;Svitanok Ridges;1.000000;352;Midflusionea11
3587;West Bearlin;1234;West Bearlin;1.000000;357;Midflusionea16
3588;Yanbasidi;1337;Yanbasidi;0.652597;335;Puffiland7
3589;Centralia;189;Centralia;1.000000;141;Rustalia
3590;Far North Southern Stollparche;1150;Far North Southern Stollparche;1.000000;240;Oervoud
3591;Far North Southern Stollparche;1150;Far North Southern Stollparche;0.882645;240;Oervoud
3592;Far North Southern Stollparche;1150;Far North Southern Stollparche;1.000000;240;Oervoud
3593;Far North Southern Stollparche 3;1161;Far North Southern Stollparche 3;0.915212;240;Oervoud
3594;Rhayman;1213;Rhayman;1.000000;382;Flusionea10
3595;Honelmyra;1229;Honelmyra;1.000000;355;Midflusionea14
3596;Yijnov;203;Yijnov;1.000000;311;Zikua
3597;Fungalhalla;1099;Fungalhalla;1.000000;333;Puffiland5
3598;Fungalhalla;1099;Fungalhalla;1.000000;333;Puffiland5
3599;Fungalhalla;1099;Fungalhalla;1.000000;333;Puffiland5
3600;Novobojnika Woodlands;932;Novobojnika Woodlands;1.000000;216;Dhalmaciti
3601;Svitanok Ridges;134;Svitanok Ridges;1.000000;352;Midflusionea11
3602;East Svitanok Ridges;1233;East Svitanok Ridges;1.000000;357;Midflusionea16
3603;West Bearlin;1234;West Bearlin;0.690265;357;Midflusionea16
3604;Falldah;1095;Falldah;1.000000;335;Puffiland7
3605;Falldah;1095;Falldah;0.927536;335;Puffiland7
3606;Solkatzen Isle;213;Solkatzen Isle;0.527397;53;Solakatzen Strait
3607;Platnum;502;Platnum;1.000000;131;Nitros
3608;Platnum;502;Platnum;0.860814;131;Nitros
3609;Lake Ballatonne;928;Lake Ballatonne;1.000000;217;Ballatonne Basin
3610;Lake Ballatonne;928;Lake Ballatonne;1.000000;217;Ballatonne Basin
3611;Lake Ballatonne;928;Lake Ballatonne;1.000000;217;Ballatonne Basin
3612;Lake Ballatonne;928;Lake Ballatonne;1.000000;217;Ballatonne Basin
3613;Lake Ballatonne;928;Lake Ballatonne;1.000000;217;Ballatonne Basin
3614;Lake Ballatonne;928;Lake Ballatonne;0.793796;217;Ballatonne Basin
3615;Krazan;200;Krazan;1.000000;304;Kronkstaat
3616;Falldah;1095;Falldah;1.000000;335;Puffiland7
3617;Falldah;1095;Falldah;1.000000;335;Puffiland7
3618;Falldah;1095;Falldah;0.997462;335;Puffiland7
3619;Zhagrebenstadt;155;Zhagrebenstadt;1.000000;216;Dhalmaciti
3620;Far West Southern Stollparche 3;194;Far West Southern Stollparche 3;1.000000;238;Groundhogistan
3621;Far West Southern Stollparche 3;194;Far West Southern Stollparche 3;1.000000;238;Groundhogistan
3622;Purrton;531;Purrton;1.000000;40;Meowfelde
3623;Salmion;1230;Salmion;1.000000;354;Midflusionea13
3624;East Svitanok Ridges;1233;East Svitanok Ridges;1.000000;357;Midflusionea16
3625;East Svitanok Ridges;1233;East Svitanok Ridges;1.000000;357;Midflusionea16
3626;Honelmyra;1229;Honelmyra;1.000000;355;Midflusionea14
3627;Nitros;606;Nitros;1.000000;131;Nitros
3628;Yinsk;1551;Yinsk;0.705160;311;Zikua
3629;East Bearlin;1231;East Bearlin;1.000000;356;Midflusionea15
3630;Nouvelle Roqualie;1165;Nouvelle Roqualie;1.000000;141;Rustalia
3631;Ameowzonia;1504;Ameowzonia;0.817376;33;Drakwald Jungle
3632;Kirtikia;940;Kirtikia;0.760976;221;Kirtikia
3633;Ajax;607;Ajax;1.000000;133;Myriad
3634;Ajax;607;Ajax;1.000000;133;Myriad
3635;Ajax;607;Ajax;1.000000;133;Myriad
3636;Ajax;607;Ajax;1.000000;133;Myriad
3637;Salmion;1230;Salmion;1.000000;354;Midflusionea13
3638;Salmion;1230;Salmion;1.000000;354;Midflusionea13
3639;Svitanok Ridges;134;Svitanok Ridges;1.000000;352;Midflusionea11
3640;Meowhorn;1441;Meowhorn;0.691710;32;Neu-Mewxico
3641;Shiitofuf;1096;Shiitofuf;1.000000;335;Puffiland7
3642;Falldah;1095;Falldah;1.000000;335;Puffiland7
3643;Falldah;1095;Falldah;1.000000;335;Puffiland7
3644;Cape Novi;951;Cape Novi;0.527778;224;Novoshian Shores
3645;Vhi Gherizad;161;Vhi Gherizad;1.000000;288;Red Kolechia
3646;Novania's Shores;949;Novania's Shores;1.000000;224;Novoshian Shores
3647;North Southern Stollparche;1163;North Southern Stollparche;1.000000;241;Hyphaeicia
3648;Far North Southern Stollparche 4;1162;Far North Southern Stollparche 4;0.565574;242;Altarimen Roams
3649;Near East Southern Stollparche;211;Near East Southern Stollparche;1.000000;241;Hyphaeicia
3650;Falldah;1095;Falldah;1.000000;335;Puffiland7
3651;Aluminitas;1507;Aluminitas;1.000000;133;Myriad
3652;Aluminitas;1507;Aluminitas;1.000000;133;Myriad
3653;Lower Neminia 7;1506;Lower Neminia 7;0.917688;133;Myriad
3654;Bearton;1223;Bearton;1.000000;353;Midflusionea12
3655;Bearton;1223;Bearton;1.000000;353;Midflusionea12
3656;Bearton;1223;Bearton;1.000000;353;Midflusionea12
3657;Bearton;1223;Bearton;1.000000;353;Midflusionea12
3658;Salmion;1230;Salmion;1.000000;354;Midflusionea13
3659;East Southern Stollparche;187;East Southern Stollparche;1.000000;242;Altarimen Roams
3660;Ameowzonia;1504;Ameowzonia;1.000000;33;Drakwald Jungle
3661;Vhi Sobhanas;1001;Vhi Sobhanas;1.000000;289;Sand Kolechia
3662;Vhi Sobhanas;1001;Vhi Sobhanas;1.000000;289;Sand Kolechia
3663;Vhi Sobhanas;1001;Vhi Sobhanas;1.000000;289;Sand Kolechia
3664;East Southern Stollparche;187;East Southern Stollparche;1.000000;242;Altarimen Roams
3665;Near West Petite Qualie;1160;Near West Petite Qualie;0.742188;242;Altarimen Roams
3666;Near West Petite Qualie;1160;Near West Petite Qualie;1.000000;242;Altarimen Roams
3667;Near West Petite Qualie;1160;Near West Petite Qualie;1.000000;242;Altarimen Roams
3668;Honelmyra;1229;Honelmyra;1.000000;355;Midflusionea14
3669;Bearton;1223;Bearton;1.000000;353;Midflusionea12
3670;Bearton;1223;Bearton;1.000000;353;Midflusionea12
3671;Bearton;1223;Bearton;1.000000;353;Midflusionea12
3672;Tilque;215;Tilque;1.000000;141;Rustalia
3673;Svitanok Ridges;134;Svitanok Ridges;1.000000;352;Midflusionea11
3674;Bearton;1223;Bearton;1.000000;353;Midflusionea12
3675;Rhayman;1213;Rhayman;1.000000;382;Flusionea10
3676;Rhayman;1213;Rhayman;1.000000;382;Flusionea10
3677;Rhayman;1213;Rhayman;1.000000;382;Flusionea10
3678;Rhayman;1213;Rhayman;1.000000;382;Flusionea10
3679;Yinjozhizhia;216;Yinjozhizhia;1.000000;312;Erokt
3680;Yinjozhizhia;216;Yinjozhizhia;1.000000;312;Erokt
3681;Yinjozhizhia;216;Yinjozhizhia;1.000000;312;Erokt
3682;Bearside Lake;1227;Bearside Lake;1.000000;354;Midflusionea13
3683;Ajax;607;Ajax;1.000000;133;Myriad
3684;Ajax;607;Ajax;1.000000;133;Myriad
3685;Yinjozhizhia;216;Yinjozhizhia;1.000000;312;Erokt
3686;Yinjozhizhia;216;Yinjozhizhia;1.000000;312;Erokt
3687;East Svitanok Ridges;1233;East Svitanok Ridges;1.000000;357;Midflusionea16
3688;East Svitanok Ridges;1233;East Svitanok Ridges;1.000000;357;Midflusionea16
3689;Port Urscyd;1228;Port Urscyd;1.000000;354;Midflusionea13
3690;Port Urscyd;1228;Port Urscyd;1.000000;354;Midflusionea13
3691;Port Urscyd;1228;Port Urscyd;1.000000;354;Midflusionea13
3692;Shroomyad;1088;Shroomyad;1.000000;335;Puffiland7
3693;Shroomyad;1088;Shroomyad;1.000000;335;Puffiland7
3694;Shroomyad;1088;Shroomyad;1.000000;335;Puffiland7
3695;Shroomyad;1088;Shroomyad;1.000000;335;Puffiland7
3696;Droogenstadt;942;Droogenstadt;1.000000;222;Nord-Droogien
3697;Meowhorn;1441;Meowhorn;1.000000;32;Neu-Mewxico
3698;Beownat;214;Beownat;1.000000;222;Nord-Droogien
3699;Beownat;214;Beownat;1.000000;222;Nord-Droogien
3700;Beownat;214;Beownat;1.000000;222;Nord-Droogien
3701;Beownat;214;Beownat;1.000000;222;Nord-Droogien
3702;Tilque;215;Tilque;1.000000;141;Rustalia
3703;Tilque;215;Tilque;1.000000;141;Rustalia
3704;Gvin Minhaz;1002;Gvin Minhaz;1.000000;289;Sand Kolechia
3705;Lower Amphibia 10;1494;Lower Amphibia 10;1.000000;312;Erokt
3706;Lower Amphibia 10;1494;Lower Amphibia 10;1.000000;312;Erokt
3707;Lower Amphibia 10;1494;Lower Amphibia 10;1.000000;312;Erokt
3708;Alraxian Plains;180;Alraxian Plains;1.000000;221;Kirtikia
3709;S'jet;1195;S'jet;0.954617;377;Flusionea5
3710;S'jet;1195;S'jet;1.000000;377;Flusionea5
3711;S'jet;1195;S'jet;1.000000;377;Flusionea5
3712;S'jet;1195;S'jet;1.000000;377;Flusionea5
3713;Mahin Geh;1211;Mahin Geh;1.000000;382;Flusionea10
3714;Mahin Geh;1211;Mahin Geh;1.000000;382;Flusionea10
3715;Far West Fodaria 8;1522;Far West Fodaria 8;0.662971;305;Kronk5
3716;Far West Fodaria 8;1522;Far West Fodaria 8;1.000000;305;Kronk5
3717;Far West Fodaria 8;1522;Far West Fodaria 8;1.000000;305;Kronk5
3718;Tilque;215;Tilque;1.000000;141;Rustalia
3719;Tilque;215;Tilque;1.000000;141;Rustalia
3720;Tilque;215;Tilque;1.000000;141;Rustalia
3721;Gortian Prairie;950;Gortian Prairie;1.000000;224;Novoshian Shores
3722;Gortian Prairie;950;Gortian Prairie;1.000000;224;Novoshian Shores
3723;Gortian Prairie;950;Gortian Prairie;1.000000;224;Novoshian Shores
3724;Gortian Prairie;950;Gortian Prairie;1.000000;224;Novoshian Shores
3725;Yinjozhizhia;216;Yinjozhizhia;1.000000;312;Erokt
3726;Droogenstadt;942;Droogenstadt;1.000000;222;Nord-Droogien
3727;Droogenstadt;942;Droogenstadt;1.000000;222;Nord-Droogien
3728;Kohla;717;Kohla;1.000000;54;Kusnurkia
3729;Kohla;717;Kohla;1.000000;54;Kusnurkia
3730;Evla;715;Evla;1.000000;54;Kusnurkia
3731;Evla;715;Evla;0.841727;54;Kusnurkia
3732;Krrama;225;Krrama;0.826087;54;Kusnurkia
3733;Pastelona;1189;Pastelona;1.000000;379;Flusionea7
3734;Pastelona;1189;Pastelona;1.000000;379;Flusionea7
3735;Pastelona;1189;Pastelona;1.000000;379;Flusionea7
3736;Pastelona;1189;Pastelona;1.000000;379;Flusionea7
3737;Pastelona;1189;Pastelona;1.000000;379;Flusionea7
3738;Pastelona;1189;Pastelona;1.000000;379;Flusionea7
3739;Pastelona;1189;Pastelona;1.000000;379;Flusionea7
3740;Pastelona;1189;Pastelona;1.000000;379;Flusionea7
3741;Karksovk;1523;Karksovk;1.000000;305;Kronk5
3742;Karksovk;1523;Karksovk;1.000000;305;Kronk5
3743;East Svitanok Ridges;1233;East Svitanok Ridges;1.000000;357;Midflusionea16
3744;Bearside Lake;1227;Bearside Lake;1.000000;354;Midflusionea13
3745;Bearside Lake;1227;Bearside Lake;1.000000;354;Midflusionea13
3746;Bearside Lake;1227;Bearside Lake;1.000000;354;Midflusionea13
3747;Platnum;502;Platnum;1.000000;131;Nitros
3748;Myriad;612;Myriad;0.825153;133;Myriad
3749;Pastelona;1189;Pastelona;1.000000;379;Flusionea7
3750;Crastoust;1489;Crastoust;1.000000;306;Genevekt
3751;Crastoust;1489;Crastoust;1.000000;306;Genevekt
3752;Crastoust;1489;Crastoust;1.000000;306;Genevekt
3753;Crastoust;1489;Crastoust;1.000000;306;Genevekt
3754;Upper Amphibia 9;1493;Upper Amphibia 9;0.840974;312;Erokt
3755;Inner Novoshia;259;Inner Novoshia;1.000000;224;Novoshian Shores
3756;Inner Novoshia;259;Inner Novoshia;1.000000;224;Novoshian Shores
3757;Tilque;215;Tilque;1.000000;141;Rustalia
3758;Drakwald;206;Drakwald;1.000000;33;Drakwald Jungle
3759;Drakwald;206;Drakwald;1.000000;33;Drakwald Jungle
3760;Lower Amphibia 10;1494;Lower Amphibia 10;1.000000;312;Erokt
3761;Falldah;1095;Falldah;1.000000;335;Puffiland7
3762;Palikova Interlakia;946;Palikova Interlakia;1.000000;221;Kirtikia
3763;Inner Novoshia;259;Inner Novoshia;1.000000;224;Novoshian Shores
3764;Inner Novoshia;259;Inner Novoshia;1.000000;224;Novoshian Shores
3765;Inner Novoshia;259;Inner Novoshia;1.000000;224;Novoshian Shores
3766;Tarva;716;Tarva;1.000000;54;Kusnurkia
3767;Tarva;716;Tarva;1.000000;54;Kusnurkia
3768;Tarva;716;Tarva;1.000000;54;Kusnurkia
3769;Luftkatzennia;596;Luftkatzennia;0.581152;130;Himezulte
3770;Luftkatzennia;596;Luftkatzennia;1.000000;130;Himezulte
3771;Pastelona;1189;Pastelona;1.000000;379;Flusionea7
3772;Marine Tranquille;1164;Marine Tranquille;1.000000;141;Rustalia
3773;Marine Tranquille;1164;Marine Tranquille;1.000000;141;Rustalia
3774;North Svitanok Ridges;1239;North Svitanok Ridges;1.000000;352;Midflusionea11
3775;North Svitanok Ridges;1239;North Svitanok Ridges;1.000000;352;Midflusionea11
3776;North Svitanok Ridges;1239;North Svitanok Ridges;1.000000;352;Midflusionea11
3777;North Svitanok Ridges;1239;North Svitanok Ridges;1.000000;352;Midflusionea11
3778;Evla;715;Evla;1.000000;54;Kusnurkia
3779;Palikova Interlakia;946;Palikova Interlakia;1.000000;221;Kirtikia
3780;Port Urscyd;1228;Port Urscyd;1.000000;354;Midflusionea13
3781;South Fodaria 11;1525;South Fodaria 11;1.000000;305;Kronk5
3782;Shroomyad;1088;Shroomyad;1.000000;335;Puffiland7
3783;Shroomyad;1088;Shroomyad;1.000000;335;Puffiland7
3784;Victoneustadt;1440;Victoneustadt;1.000000;32;Neu-Mewxico
3785;Victoneustadt;1440;Victoneustadt;1.000000;32;Neu-Mewxico
3786;Victoneustadt;1440;Victoneustadt;1.000000;32;Neu-Mewxico
3787;Vhi Sobhanas;1001;Vhi Sobhanas;1.000000;289;Sand Kolechia
3788;Crastoust;1489;Crastoust;1.000000;306;Genevekt
3789;Crastoust;1489;Crastoust;0.988024;306;Genevekt
3790;Droogenstadt;942;Droogenstadt;1.000000;222;Nord-Droogien
3791;Manaan;1196;Manaan;1.000000;379;Flusionea7
3792;Nord-Droogien;941;Nord-Droogien;1.000000;222;Nord-Droogien
3793;Far South Démotagne;222;Far South Démotagne;0.737931;240;Oervoud
3794;Tiir;1197;Tiir;1.000000;377;Flusionea5
3795;Tiir;1197;Tiir;1.000000;377;Flusionea5
3796;Tiir;1197;Tiir;1.000000;377;Flusionea5
3797;Jarvalin;218;Jarvalin;1.000000;54;Kusnurkia
3798;Jarvalin;218;Jarvalin;1.000000;54;Kusnurkia
3799;Ponedresa;1374;Ponedresa;1.000000;381;Flusionea9
3800;Ponedresa;1374;Ponedresa;1.000000;381;Flusionea9
3801;Ponedresa;1374;Ponedresa;0.796134;381;Flusionea9
3802;Ponedresa;1374;Ponedresa;1.000000;381;Flusionea9
3803;Ponedresa;1374;Ponedresa;1.000000;381;Flusionea9
3804;Shroomyad;1088;Shroomyad;1.000000;335;Puffiland7
3805;Leónduja;1058;Leónduja;1.000000;381;Flusionea9
3806;Leónduja;1058;Leónduja;1.000000;381;Flusionea9
3807;Leónduja;1058;Leónduja;1.000000;381;Flusionea9
3808;Leónduja;1058;Leónduja;1.000000;381;Flusionea9
3809;Leónduja;1058;Leónduja;1.000000;381;Flusionea9
3810;Leónduja;1058;Leónduja;1.000000;381;Flusionea9
3811;Bearside Lake;1227;Bearside Lake;1.000000;354;Midflusionea13
3812;Bearside Lake;1227;Bearside Lake;0.993921;354;Midflusionea13
3813;Nord-Droogien;941;Nord-Droogien;1.000000;222;Nord-Droogien
3814;Nord-Droogien;941;Nord-Droogien;1.000000;222;Nord-Droogien
3815;Near West Petite Qualie;1160;Near West Petite Qualie;1.000000;242;Altarimen Roams
3816;Karksovk;1523;Karksovk;1.000000;305;Kronk5
3817;Karksovk;1523;Karksovk;1.000000;305;Kronk5
3818;East Yinjite Forest;1222;East Yinjite Forest;1.000000;353;Midflusionea12
3819;Diberre Woods;947;Diberre Woods;1.000000;223;Central Oshian Peaks
3820;Marine Tranquille;1164;Marine Tranquille;1.000000;141;Rustalia
3821;Upper Amphibia 9;1493;Upper Amphibia 9;1.000000;312;Erokt
3822;East Yinjite Forest;1222;East Yinjite Forest;1.000000;353;Midflusionea12
3823;East Yinjite Forest;1222;East Yinjite Forest;1.000000;353;Midflusionea12
3824;East Yinjite Forest;1222;East Yinjite Forest;1.000000;353;Midflusionea12
3825;Far South Démotagne;222;Far South Démotagne;1.000000;240;Oervoud
3826;Far South Démotagne;222;Far South Démotagne;1.000000;240;Oervoud
3827;Near North Southern Stollparche;221;Near North Southern Stollparche;1.000000;241;Hyphaeicia
3828;New Dogeheit;948;New Dogeheit;1.000000;223;Central Oshian Peaks
3829;New Dogeheit;948;New Dogeheit;1.000000;223;Central Oshian Peaks
3830;Drakwald;206;Drakwald;0.762579;33;Drakwald Jungle
3831;North Svitanok Ridges;1239;North Svitanok Ridges;1.000000;352;Midflusionea11
3832;East Yinjite Forest;1222;East Yinjite Forest;1.000000;353;Midflusionea12
3833;East Yinjite Forest;1222;East Yinjite Forest;1.000000;353;Midflusionea12
3834;East Yinjite Forest;1222;East Yinjite Forest;1.000000;353;Midflusionea12
3835;East Yinjite Forest;1222;East Yinjite Forest;1.000000;353;Midflusionea12
3836;Bearton;1223;Bearton;1.000000;353;Midflusionea12
3837;Ajax;607;Ajax;1.000000;133;Myriad
3838;West Amphibia 7;1491;West Amphibia 7;1.000000;314;Kronmea
3839;West Amphibia 7;1491;West Amphibia 7;1.000000;314;Kronmea
3840;West Amphibia 7;1491;West Amphibia 7;1.000000;314;Kronmea
3841;West Amphibia 7;1491;West Amphibia 7;1.000000;314;Kronmea
3842;West Amphibia 7;1491;West Amphibia 7;1.000000;314;Kronmea
3843;Petite Qualie;223;Petite Qualie;1.000000;145;Mer De Qualie
3844;Himezulte;220;Himezulte;1.000000;130;Himezulte
3845;Himezulte;220;Himezulte;0.608696;130;Himezulte
3846;Himezulte;220;Himezulte;1.000000;130;Himezulte
3847;Himezulte;220;Himezulte;1.000000;130;Himezulte
3848;Myriad;612;Myriad;1.000000;133;Myriad
3849;Far West Fodaria 8;1522;Far West Fodaria 8;1.000000;305;Kronk5
3850;Far West Fodaria 8;1522;Far West Fodaria 8;1.000000;305;Kronk5
3851;Myriad;612;Myriad;1.000000;133;Myriad
3852;Myriad;612;Myriad;1.000000;133;Myriad
3853;Manaan;1196;Manaan;1.000000;379;Flusionea7
3854;Manaan;1196;Manaan;1.000000;379;Flusionea7
3855;Manaan;1196;Manaan;1.000000;379;Flusionea7
3856;Manaan;1196;Manaan;1.000000;379;Flusionea7
3857;North Svitanok Ridges;1239;North Svitanok Ridges;1.000000;352;Midflusionea11
3858;West Démotagne;224;West Démotagne;1.000000;144;Triplet Bay
3859;Upper Amphibia 9;1493;Upper Amphibia 9;1.000000;312;Erokt
3860;Diberre Woods;947;Diberre Woods;1.000000;223;Central Oshian Peaks
3861;Diberre Woods;947;Diberre Woods;1.000000;223;Central Oshian Peaks
3862;Diberre Woods;947;Diberre Woods;1.000000;223;Central Oshian Peaks
3863;Krrama;225;Krrama;0.779174;54;Kusnurkia
3864;Krrama;225;Krrama;1.000000;54;Kusnurkia
3865;Krrama;225;Krrama;1.000000;54;Kusnurkia
3866;Rhayman;1213;Rhayman;1.000000;382;Flusionea10
3867;East Amphibia 6;1490;East Amphibia 6;0.828508;306;Genevekt
3868;East Amphibia 6;1490;East Amphibia 6;0.993548;306;Genevekt
3869;East Amphibia 6;1490;East Amphibia 6;1.000000;306;Genevekt
3870;New Dogeheit;948;New Dogeheit;1.000000;223;Central Oshian Peaks
3871;Zhytotska;152;Zhytotska;1.000000;314;Kronmea
3872;Zhytotska;152;Zhytotska;1.000000;314;Kronmea
3873;Zhytotska;152;Zhytotska;1.000000;314;Kronmea
3874;Beownat;214;Beownat;1.000000;222;Nord-Droogien
3875;Beownat;214;Beownat;1.000000;222;Nord-Droogien
3876;Jarvalin;218;Jarvalin;1.000000;54;Kusnurkia
3877;Mahin Geh;1211;Mahin Geh;0.997191;382;Flusionea10
3878;Mahin Geh;1211;Mahin Geh;1.000000;382;Flusionea10
3879;Mahin Geh;1211;Mahin Geh;1.000000;382;Flusionea10
3880;S'jet;1195;S'jet;1.000000;377;Flusionea5
3881;Tiir;1197;Tiir;1.000000;377;Flusionea5
3882;Tiir;1197;Tiir;1.000000;377;Flusionea5
3883;Tiir;1197;Tiir;1.000000;377;Flusionea5
3884;Opusetksi;176;Opusetksi;1.000000;314;Kronmea
3885;Opusetksi;176;Opusetksi;1.000000;314;Kronmea
3886;Opusetksi;176;Opusetksi;1.000000;314;Kronmea
3887;Myriad;1505;Myriad;0.996700;133;Myriad
3888;Port Urscyd;1228;Port Urscyd;1.000000;354;Midflusionea13
3889;South Cularie;1159;South Cularie;0.444444;242;Altarimen Roams
3890;Near South Cularie;2;Near South Cularie;1.000000;242;Altarimen Roams
3891;Near South Démotagne;237;Near South Démotagne;0.726190;240;Oervoud
3892;Near South Démotagne;237;Near South Démotagne;1.000000;240;Oervoud
3893;Marine Tranquille;1164;Marine Tranquille;1.000000;141;Rustalia
3894;Manaan;1196;Manaan;1.000000;379;Flusionea7
3895;Upper Amphibia 9;1493;Upper Amphibia 9;1.000000;312;Erokt
3896;Novoshia;944;Novoshia;1.000000;225;New Novarat
3897;Novoshia;944;Novoshia;1.000000;225;New Novarat
3898;Novoshia;944;Novoshia;1.000000;225;New Novarat
3899;Katznimbov;1547;Katznimbov;1.000000;306;Genevekt
3900;Northern Akiba;229;Northern Akiba;0.764211;54;Kusnurkia
3901;Northern Nekaston;233;Northern Nekaston;1.000000;103;Nekaston
3902;Northern Nekaston;233;Northern Nekaston;1.000000;103;Nekaston
3903;Wolfen's Islands;239;Wolfen's Islands;1.000000;102;Solakatzen Channel
3904;Ponedresa;1374;Ponedresa;1.000000;381;Flusionea9
3905;Ponedresa;1374;Ponedresa;1.000000;381;Flusionea9
3906;West Amphibia 7;1491;West Amphibia 7;1.000000;314;Kronmea
3907;West Amphibia 7;1491;West Amphibia 7;1.000000;314;Kronmea
3908;Katznimbov;1547;Katznimbov;0.811083;306;Genevekt
3909;Katznimbov;1547;Katznimbov;0.794479;306;Genevekt
3910;Chelbisk;1548;Chelbisk;0.560150;306;Genevekt
3911;Chelbisk;1548;Chelbisk;1.000000;306;Genevekt
3912;Chelbisk;1548;Chelbisk;1.000000;306;Genevekt
3913;Northern Akiba;229;Northern Akiba;1.000000;54;Kusnurkia
3914;Medoughlin;1212;Medoughlin;1.000000;381;Flusionea9
3915;Medoughlin;1212;Medoughlin;1.000000;381;Flusionea9
3916;Medoughlin;1212;Medoughlin;1.000000;381;Flusionea9
3917;Medoughlin;1212;Medoughlin;1.000000;381;Flusionea9
3918;Tiir;1197;Tiir;1.000000;377;Flusionea5
3919;Tiir;1197;Tiir;1.000000;377;Flusionea5
3920;Tiir;1197;Tiir;1.000000;377;Flusionea5
3921;Katzburg;1119;Katzburg;1.000000;320;Kotijgrad2
3922;Katzburg;1119;Katzburg;1.000000;320;Kotijgrad2
3923;Marine Tranquille;1164;Marine Tranquille;1.000000;141;Rustalia
3924;Marine Tranquille;1164;Marine Tranquille;1.000000;141;Rustalia
3925;Myriad;1505;Myriad;1.000000;133;Myriad
3926;Myriad;1505;Myriad;1.000000;133;Myriad
3927;Myriad;1505;Myriad;1.000000;133;Myriad
3928;Bearton;1223;Bearton;1.000000;353;Midflusionea12
3929;New Dogeheit;948;New Dogeheit;1.000000;223;Central Oshian Peaks
3930;New Dogeheit;948;New Dogeheit;1.000000;223;Central Oshian Peaks
3931;Upper Amphibia 9;1493;Upper Amphibia 9;1.000000;312;Erokt
3932;Port Urscyd;1228;Port Urscyd;1.000000;354;Midflusionea13
3933;Port Urscyd;1228;Port Urscyd;1.000000;354;Midflusionea13
3934;Meowscow;230;Meowscow;1.000000;320;Kotijgrad2
3935;Meowscow;230;Meowscow;1.000000;320;Kotijgrad2
3936;Meowscow;230;Meowscow;1.000000;320;Kotijgrad2
3937;Meowscow;230;Meowscow;1.000000;320;Kotijgrad2
3938;Katzburg;1119;Katzburg;1.000000;320;Kotijgrad2
3939;Katzburg;1119;Katzburg;1.000000;320;Kotijgrad2
3940;Sud-Himezulte;591;Sud-Himezulte;1.000000;130;Himezulte
3941;Fangsani;232;Fangsani;1.000000;315;Droogia2
3942;Fangsani;232;Fangsani;1.000000;315;Droogia2
3943;Krokodil;1052;Krokodil;1.000000;306;Genevekt
3944;Vampstanta;1110;Vampstanta;1.000000;315;Droogia2
3945;Vampstanta;1110;Vampstanta;1.000000;315;Droogia2
3946;Vampstanta;1110;Vampstanta;1.000000;315;Droogia2
3947;Vampstanta;1110;Vampstanta;1.000000;315;Droogia2
3948;Vampstanta;1110;Vampstanta;1.000000;315;Droogia2
3949;Akiba;241;Akiba;1.000000;103;Nekaston
3950;Akiba;241;Akiba;1.000000;103;Nekaston
3951;Rowotnik;746;Rowotnik;0.793313;103;Nekaston
3952;Rowotnik;746;Rowotnik;1.000000;103;Nekaston
3953;Bakecaramangé;1210;Bakecaramangé;1.000000;380;Flusionea8
3954;Bakecaramangé;1210;Bakecaramangé;1.000000;380;Flusionea8
3955;Bakecaramangé;1210;Bakecaramangé;1.000000;380;Flusionea8
3956;Bakecaramangé;1210;Bakecaramangé;1.000000;380;Flusionea8
3957;Bakecaramangé;1210;Bakecaramangé;1.000000;380;Flusionea8
3958;Bakecaramangé;1210;Bakecaramangé;1.000000;380;Flusionea8
3959;Fangsani;232;Fangsani;1.000000;315;Droogia2
3960;Fangsani;232;Fangsani;1.000000;315;Droogia2
3961;Fangsani;232;Fangsani;1.000000;315;Droogia2
3962;Fangsani;232;Fangsani;1.000000;315;Droogia2
3963;Fangsani;232;Fangsani;1.000000;315;Droogia2
3964;Lower Neminia 7;1506;Lower Neminia 7;1.000000;133;Myriad
3965;Kronmea;1054;Kronmea;1.000000;314;Kronmea
3966;Kronmea;1054;Kronmea;1.000000;314;Kronmea
3967;Kronmea;1054;Kronmea;1.000000;314;Kronmea
3968;Kronmea;1054;Kronmea;1.000000;314;Kronmea
3969;Yinjite Forest;1365;Yinjite Forest;1.000000;353;Midflusionea12
3970;Yinjite Forest;1365;Yinjite Forest;1.000000;353;Midflusionea12
3971;Yinjite Forest;1365;Yinjite Forest;1.000000;353;Midflusionea12
3972;Yinjite Forest;1365;Yinjite Forest;1.000000;353;Midflusionea12
3973;Yinjite Forest;1365;Yinjite Forest;1.000000;353;Midflusionea12
3974;Aveibrigado;234;Aveibrigado;1.000000;376;Flusionea4
3975;Aveibrigado;234;Aveibrigado;1.000000;376;Flusionea4
3976;Aveibrigado;234;Aveibrigado;1.000000;376;Flusionea4
3977;Aveibrigado;234;Aveibrigado;0.966216;376;Flusionea4
3978;Aveibrigado;234;Aveibrigado;1.000000;376;Flusionea4
3979;Kikol;231;Kikol;1.000000;54;Kusnurkia
3980;Kikol;231;Kikol;1.000000;54;Kusnurkia
3981;Kikol;231;Kikol;1.000000;54;Kusnurkia
3982;Kikol;231;Kikol;1.000000;54;Kusnurkia
3983;Krrama;225;Krrama;1.000000;54;Kusnurkia
3984;White Town;1226;White Town;1.000000;353;Midflusionea12
3985;White Town;1226;White Town;1.000000;353;Midflusionea12
3986;White Town;1226;White Town;1.000000;353;Midflusionea12
3987;Paktu;209;Paktu;1.000000;378;Flusionea6
3988;Paktu;209;Paktu;1.000000;378;Flusionea6
3989;Paktu;209;Paktu;1.000000;378;Flusionea6
3990;Vampstanta;1110;Vampstanta;1.000000;315;Droogia2
3991;Vampstanta;1110;Vampstanta;1.000000;315;Droogia2
3992;Fierté;1118;Fierté;1.000000;243;Kotijgrad
3993;Yinjetopol;227;Yinjetopol;1.000000;313;Sudgrad
3994;Yinjetopol;227;Yinjetopol;1.000000;313;Sudgrad
3995;Yinjetopol;227;Yinjetopol;1.000000;313;Sudgrad
3996;Yinjetopol;227;Yinjetopol;1.000000;313;Sudgrad
3997;Yinjetopol;227;Yinjetopol;1.000000;313;Sudgrad
3998;White Town;1226;White Town;1.000000;353;Midflusionea12
3999;South Cularie;1159;South Cularie;1.000000;242;Altarimen Roams
4000;Krrama;225;Krrama;1.000000;54;Kusnurkia
4001;Opusetksi;176;Opusetksi;1.000000;314;Kronmea
4002;Yinjite Forest;1365;Yinjite Forest;1.000000;353;Midflusionea12
4003;New Dogeheit;948;New Dogeheit;1.000000;223;Central Oshian Peaks
4004;Fierté;1118;Fierté;1.000000;243;Kotijgrad
4005;East Amphibia 6;1490;East Amphibia 6;1.000000;306;Genevekt
4006;Bakecaramangé;1210;Bakecaramangé;1.000000;380;Flusionea8
4007;Neukatown;238;Neukatown;1.000000;62;Chalsace
4008;Hubschestadt;236;Hubschestadt;1.000000;62;Chalsace
4009;Hubschestadt;236;Hubschestadt;1.000000;62;Chalsace
4010;Hubschestadt;236;Hubschestadt;1.000000;62;Chalsace
4011;Paktu;209;Paktu;1.000000;378;Flusionea6
4012;Katzburg;1119;Katzburg;1.000000;320;Kotijgrad2
4013;Katzburg;1119;Katzburg;1.000000;320;Kotijgrad2
4014;Isle of Nyan;287;Isle of Nyan;1.000000;103;Nekaston
4015;South Cularie;1159;South Cularie;1.000000;242;Altarimen Roams
4016;Neukatown;238;Neukatown;0.507716;62;Chalsace
4017;Celestadt;730;Celestadt;1.000000;62;Chalsace
4018;Celestadt;730;Celestadt;1.000000;62;Chalsace
4019;Celestadt;730;Celestadt;1.000000;62;Chalsace
4020;Wolfen's Islands;239;Wolfen's Islands;1.000000;102;Solakatzen Channel
4021;Yinjetopol;227;Yinjetopol;1.000000;313;Sudgrad
4022;Neunovien Hills;246;Neunovien Hills;1.000000;225;New Novarat
4023;Novoshia;944;Novoshia;1.000000;225;New Novarat
4024;Novoshia;944;Novoshia;1.000000;225;New Novarat
4025;Medoughlin;1212;Medoughlin;1.000000;381;Flusionea9
4026;Baguetta;1360;Baguetta;1.000000;380;Flusionea8
4027;Baguetta;1360;Baguetta;1.000000;380;Flusionea8
4028;Oshian Peaks;945;Oshian Peaks;1.000000;223;Central Oshian Peaks
4029;Oshian Peaks;945;Oshian Peaks;1.000000;223;Central Oshian Peaks
4030;Oshian Peaks;945;Oshian Peaks;1.000000;223;Central Oshian Peaks
4031;Oshian Peaks;945;Oshian Peaks;1.000000;223;Central Oshian Peaks
4032;Oshian Peaks;945;Oshian Peaks;1.000000;223;Central Oshian Peaks
4033;Oshian Holts;208;Oshian Holts;1.000000;223;Central Oshian Peaks
4034;New Novarat;943;New Novarat;1.000000;225;New Novarat
4035;Meowscow;230;Meowscow;1.000000;320;Kotijgrad2
4036;Meowscow;230;Meowscow;1.000000;320;Kotijgrad2
4037;Meowbrucken;242;Meowbrucken;1.000000;167;Mewraine
4038;Meowbrucken;242;Meowbrucken;1.000000;167;Mewraine
4039;Meowbrucken;242;Meowbrucken;1.000000;167;Mewraine
4040;Sud-Himezulte;591;Sud-Himezulte;1.000000;130;Himezulte
4041;North Myriad;501;North Myriad;1.000000;383;Flusionea11
4042;North Myriad;501;North Myriad;1.000000;383;Flusionea11
4043;North Myriad;501;North Myriad;1.000000;383;Flusionea11
4044;North Myriad;501;North Myriad;1.000000;383;Flusionea11
4045;North Myriad;501;North Myriad;1.000000;383;Flusionea11
4046;North Myriad;501;North Myriad;1.000000;383;Flusionea11
4047;North Myriad;501;North Myriad;1.000000;383;Flusionea11
4048;Great Kraksia;1325;Great Kraksia;1.000000;313;Sudgrad
4049;Great Kraksia;1325;Great Kraksia;1.000000;313;Sudgrad
4050;Great Kraksia;1325;Great Kraksia;1.000000;313;Sudgrad
4051;Great Kraksia;1325;Great Kraksia;1.000000;313;Sudgrad
4052;Great Kraksia;1325;Great Kraksia;1.000000;313;Sudgrad
4053;South Démotagne;1156;South Démotagne;1.000000;240;Oervoud
4054;South Démotagne;1156;South Démotagne;1.000000;240;Oervoud
4055;South Démotagne;1156;South Démotagne;1.000000;240;Oervoud
4056;South Démotagne;1156;South Démotagne;1.000000;240;Oervoud
4057;South Kijovt;1040;South Kijovt;0.635789;242;Altarimen Roams
4058;South Latarada;1158;South Latarada;1.000000;242;Altarimen Roams
4059;South Latarada;1158;South Latarada;1.000000;242;Altarimen Roams
4060;South Latarada;1158;South Latarada;1.000000;242;Altarimen Roams
4061;Bakecaramangé;1210;Bakecaramangé;1.000000;380;Flusionea8
4062;South Latarada;1158;South Latarada;1.000000;242;Altarimen Roams
4063;Paktu;209;Paktu;1.000000;378;Flusionea6
4064;Paktu;209;Paktu;1.000000;378;Flusionea6
4065;Paktu;209;Paktu;1.000000;378;Flusionea6
4066;Paktu;209;Paktu;1.000000;378;Flusionea6
4067;Paktu;209;Paktu;1.000000;378;Flusionea6
4068;Oshian Holts;208;Oshian Holts;1.000000;223;Central Oshian Peaks
4069;Oshian Holts;208;Oshian Holts;1.000000;223;Central Oshian Peaks
4070;Northern Nekaston;233;Northern Nekaston;1.000000;103;Nekaston
4071;Sud-Himezulte;591;Sud-Himezulte;1.000000;130;Himezulte
4072;Dominiontracks;244;Dominiontracks;1.000000;167;Mewraine
4073;Wolfen's Coast;240;Wolfen's Coast;0.542654;103;Nekaston
4074;Wolfen's Coast;240;Wolfen's Coast;0.803867;103;Nekaston
4075;Catgirland;243;Catgirland;0.968165;103;Nekaston
4076;North Myriad;501;North Myriad;1.000000;383;Flusionea11
4077;North Myriad;501;North Myriad;1.000000;383;Flusionea11
4078;Baguetta;1360;Baguetta;1.000000;380;Flusionea8
4079;Baguetta;1360;Baguetta;1.000000;380;Flusionea8
4080;Baguetta;1360;Baguetta;1.000000;380;Flusionea8
4081;Baguetta;1360;Baguetta;1.000000;380;Flusionea8
4082;Bloozega;503;Bloozega;1.000000;245;Droogia
4083;Bloozega;503;Bloozega;1.000000;245;Droogia
4084;Bloozega;503;Bloozega;1.000000;245;Droogia
4085;Bloozega;503;Bloozega;1.000000;245;Droogia
4086;Bloozega;503;Bloozega;1.000000;245;Droogia
4087;Bloozega;503;Bloozega;1.000000;245;Droogia
4088;Neustruken;245;Neustruken;1.000000;62;Chalsace
4089;Neustruken;245;Neustruken;1.000000;62;Chalsace
4090;White Town;1226;White Town;1.000000;353;Midflusionea12
4091;Cookartagena;247;Cookartagena;1.000000;378;Flusionea6
4092;Cookartagena;247;Cookartagena;1.000000;378;Flusionea6
4093;Cookartagena;247;Cookartagena;1.000000;378;Flusionea6
4094;Cookartagena;247;Cookartagena;1.000000;378;Flusionea6
4095;Cookartagena;247;Cookartagena;1.000000;378;Flusionea6
4096;Somtaaw;1194;Somtaaw;1.000000;375;Flusionea3
4097;Somtaaw;1194;Somtaaw;1.000000;375;Flusionea3
4098;Somtaaw;1194;Somtaaw;0.902564;375;Flusionea3
4099;Somtaaw;1194;Somtaaw;1.000000;375;Flusionea3
4100;Somtaaw;1194;Somtaaw;1.000000;375;Flusionea3
4101;Somtaaw;1194;Somtaaw;1.000000;375;Flusionea3
4102;Somtaaw;1194;Somtaaw;0.996942;375;Flusionea3
4103;Somtaaw;1194;Somtaaw;1.000000;375;Flusionea3
4104;Somtaaw;1194;Somtaaw;1.000000;375;Flusionea3
4105;Central Amphibia 8;1492;Central Amphibia 8;1.000000;314;Kronmea
4106;Central Amphibia 8;1492;Central Amphibia 8;1.000000;314;Kronmea
4107;Central Amphibia 8;1492;Central Amphibia 8;1.000000;314;Kronmea
4108;Oshian Holts;208;Oshian Holts;1.000000;223;Central Oshian Peaks
4109;Oshian Holts;208;Oshian Holts;1.000000;223;Central Oshian Peaks
4110;Neustruken;245;Neustruken;0.550820;62;Chalsace
4111;Dominiontracks;244;Dominiontracks;1.000000;167;Mewraine
4112;Dominiontracks;244;Dominiontracks;1.000000;167;Mewraine
4113;Dominiontracks;244;Dominiontracks;1.000000;167;Mewraine
4114;Somtaaw;1194;Somtaaw;1.000000;375;Flusionea3
4115;Krokodil;1052;Krokodil;1.000000;306;Genevekt
4116;Krokodil;1052;Krokodil;1.000000;306;Genevekt
4117;Puffy Island;1343;Puffy Island;1.000000;163;Northern Ariveojan Oceans
4118;Oshian Peaks;945;Oshian Peaks;1.000000;223;Central Oshian Peaks
4119;Myriad;1505;Myriad;1.000000;133;Myriad
4120;Neustruken;245;Neustruken;1.000000;62;Chalsace
4121;Neustruken;245;Neustruken;1.000000;62;Chalsace
4122;Poniweh;248;Poniweh;1.000000;103;Nekaston
4123;Neunovien Hills;246;Neunovien Hills;1.000000;225;New Novarat
4124;Neunovien Hills;246;Neunovien Hills;1.000000;225;New Novarat
4125;Near West Démotagne;249;Near West Démotagne;1.000000;144;Triplet Bay
4126;San-Sebakestian;1187;San-Sebakestian;1.000000;378;Flusionea6
4127;San-Sebakestian;1187;San-Sebakestian;1.000000;378;Flusionea6
4128;San-Sebakestian;1187;San-Sebakestian;1.000000;378;Flusionea6
4129;Manaan;1196;Manaan;1.000000;379;Flusionea7
4130;Near West Démotagne;249;Near West Démotagne;1.000000;144;Triplet Bay
4131;Krokodil;1052;Krokodil;1.000000;306;Genevekt
4132;Krokodil;1052;Krokodil;1.000000;306;Genevekt
4133;Genevekt;1053;Genevekt;1.000000;306;Genevekt
4134;New Novarat;943;New Novarat;1.000000;225;New Novarat
4135;New Novarat;943;New Novarat;1.000000;225;New Novarat
4136;New Novarat;943;New Novarat;1.000000;225;New Novarat
4137;Near West Démotagne;249;Near West Démotagne;1.000000;144;Triplet Bay
4138;Near South Cularie;2;Near South Cularie;1.000000;242;Altarimen Roams
4139;Kobalt;608;Kobalt;1.000000;133;Myriad
4140;Kobalt;608;Kobalt;1.000000;133;Myriad
4141;North Myriad;501;North Myriad;1.000000;383;Flusionea11
4142;North Myriad;501;North Myriad;1.000000;383;Flusionea11
4143;Zhytotska;152;Zhytotska;1.000000;314;Kronmea
4144;Neunovien Hills;246;Neunovien Hills;1.000000;225;New Novarat
4145;Neunovien Hills;246;Neunovien Hills;1.000000;225;New Novarat
4146;Pferdwaldgebiet;255;Pferdwaldgebiet;1.000000;167;Mewraine
4147;Pferdwaldgebiet;255;Pferdwaldgebiet;1.000000;167;Mewraine
4148;Bakecaramangé;1210;Bakecaramangé;1.000000;380;Flusionea8
4149;Meowscow;230;Meowscow;1.000000;320;Kotijgrad2
4150;Eblawsen;235;Eblawsen;1.000000;243;Kotijgrad
4151;Meowrres;1116;Meowrres;0.937391;243;Kotijgrad
4152;Meowrres;1116;Meowrres;1.000000;243;Kotijgrad
4153;Felinenkost;1117;Felinenkost;1.000000;243;Kotijgrad
4154;Felinenkost;1117;Felinenkost;1.000000;243;Kotijgrad
4155;Felinenkost;1117;Felinenkost;1.000000;243;Kotijgrad
4156;Felinenkost;1117;Felinenkost;1.000000;243;Kotijgrad
4157;Felinenkost;1117;Felinenkost;1.000000;243;Kotijgrad
4158;Felinenkost;1117;Felinenkost;1.000000;243;Kotijgrad
4159;Pferdwaldgebiet;255;Pferdwaldgebiet;1.000000;167;Mewraine
4160;Port Moll;1128;Port Moll;0.769231;323;Parelia2
4161;Port Moll;1128;Port Moll;1.000000;323;Parelia2
4162;Port Moll;1128;Port Moll;1.000000;323;Parelia2
4163;Novoyinjaya;1328;Novoyinjaya;1.000000;353;Midflusionea12
4164;Novoyinjaya;1328;Novoyinjaya;1.000000;353;Midflusionea12
4165;Novoyinjaya;1328;Novoyinjaya;1.000000;353;Midflusionea12
4166;Novoyinjaya;1328;Novoyinjaya;1.000000;353;Midflusionea12
4167;Celestadt;730;Celestadt;1.000000;62;Chalsace
4168;Celestadt;730;Celestadt;1.000000;62;Chalsace
4169;Dominiontracks;244;Dominiontracks;1.000000;167;Mewraine
4170;Extremeowdura;592;Extremeowdura;1.000000;130;Himezulte
4171;Extremeowdura;592;Extremeowdura;0.781316;130;Himezulte
4172;East Kobalt;1056;East Kobalt;1.000000;383;Flusionea11
4173;San-Sebakestian;1187;San-Sebakestian;1.000000;378;Flusionea6
4174;Kronmea;1054;Kronmea;1.000000;314;Kronmea
4175;Eblawsen;235;Eblawsen;1.000000;243;Kotijgrad
4176;Eblawsen;235;Eblawsen;0.995283;243;Kotijgrad
4177;Meowrres;1116;Meowrres;0.623557;243;Kotijgrad
4178;Armealnia;1359;Armealnia;1.000000;381;Flusionea9
4179;Armealnia;1359;Armealnia;1.000000;381;Flusionea9
4180;Armealnia;1359;Armealnia;1.000000;381;Flusionea9
4181;Armealnia;1359;Armealnia;1.000000;381;Flusionea9
4182;Armealnia;1359;Armealnia;1.000000;381;Flusionea9
4183;Batosani;1351;Batosani;1.000000;315;Droogia2
4184;Neunovien Hills;246;Neunovien Hills;1.000000;225;New Novarat
4185;Drybourg;1120;Drybourg;1.000000;320;Kotijgrad2
4186;Drybourg;1120;Drybourg;1.000000;320;Kotijgrad2
4187;Drybourg;1120;Drybourg;1.000000;320;Kotijgrad2
4188;Hubschestadt;236;Hubschestadt;1.000000;62;Chalsace
4189;Catgirland;243;Catgirland;1.000000;103;Nekaston
4190;Armealnia;1359;Armealnia;1.000000;381;Flusionea9
4191;Genevekt;1053;Genevekt;0.783550;306;Genevekt
4192;Genevekt;1053;Genevekt;1.000000;306;Genevekt
4193;Genevekt;1053;Genevekt;1.000000;306;Genevekt
4194;Colliery;1127;Colliery;1.000000;246;Parelia
4195;Colliery;1127;Colliery;1.000000;246;Parelia
4196;Colliery;1127;Colliery;1.000000;246;Parelia
4197;Colliery;1127;Colliery;1.000000;246;Parelia
4198;Pferdwaldgebiet;255;Pferdwaldgebiet;1.000000;167;Mewraine
4199;Pferdwaldgebiet;255;Pferdwaldgebiet;1.000000;167;Mewraine
4200;East Kobalt;1056;East Kobalt;1.000000;383;Flusionea11
4201;East Kobalt;1056;East Kobalt;1.000000;383;Flusionea11
4202;East Kobalt;1056;East Kobalt;1.000000;383;Flusionea11
4203;East Kobalt;1056;East Kobalt;1.000000;383;Flusionea11
4204;Cancrigrad;1327;Cancrigrad;1.000000;313;Sudgrad
4205;Ventown;1123;Ventown;1.000000;246;Parelia
4206;Ventown;1123;Ventown;1.000000;246;Parelia
4207;Yinjite Forest;1365;Yinjite Forest;1.000000;353;Midflusionea12
4208;West Novoyinjaya;217;West Novoyinjaya;1.000000;353;Midflusionea12
4209;West Novoyinjaya;217;West Novoyinjaya;1.000000;353;Midflusionea12
4210;West Novoyinjaya;217;West Novoyinjaya;1.000000;353;Midflusionea12
4211;Drooradin;251;Drooradin;1.000000;323;Parelia2
4212;Kronmea;1054;Kronmea;1.000000;314;Kronmea
4213;Kronmea;1054;Kronmea;1.000000;314;Kronmea
4214;Miestan;1114;Miestan;1.000000;315;Droogia2
4215;Miestan;1114;Miestan;1.000000;315;Droogia2
4216;Miestan;1114;Miestan;1.000000;315;Droogia2
4217;Drybourg;1120;Drybourg;1.000000;320;Kotijgrad2
4218;Drybourg;1120;Drybourg;1.000000;320;Kotijgrad2
4219;Poniweh;248;Poniweh;1.000000;103;Nekaston
4220;Poniweh;248;Poniweh;1.000000;103;Nekaston
4221;Kobalt;608;Kobalt;1.000000;133;Myriad
4222;Paktu;209;Paktu;1.000000;378;Flusionea6
4223;Central Amphibia 8;1492;Central Amphibia 8;1.000000;314;Kronmea
4224;Great Kraksia;1325;Great Kraksia;1.000000;313;Sudgrad
4225;Batosani;1351;Batosani;1.000000;315;Droogia2
4226;Batosani;1351;Batosani;1.000000;315;Droogia2
4227;Batosani;1351;Batosani;1.000000;315;Droogia2
4228;Batosani;1351;Batosani;1.000000;315;Droogia2
4229;Rowotnik;746;Rowotnik;1.000000;103;Nekaston
4230;Alabaster;605;Alabaster;0.573770;61;Louquiobitumittie
4231;West Novoyinjaya;217;West Novoyinjaya;1.000000;353;Midflusionea12
4232;West Novoyinjaya;217;West Novoyinjaya;1.000000;353;Midflusionea12
4233;Drooradin;251;Drooradin;1.000000;323;Parelia2
4234;Ventown;1123;Ventown;1.000000;246;Parelia
4235;Ventown;1123;Ventown;1.000000;246;Parelia
4236;Cancrigrad;1327;Cancrigrad;1.000000;313;Sudgrad
4237;Cancrigrad;1327;Cancrigrad;1.000000;313;Sudgrad
4238;Cancrigrad;1327;Cancrigrad;0.805556;313;Sudgrad
4239;Cancrigrad;1327;Cancrigrad;1.000000;313;Sudgrad
4240;Oshian Peaks;945;Oshian Peaks;1.000000;223;Central Oshian Peaks
4241;Portélie;1448;Portélie;1.000000;64;Lutecie
4242;Portélie;1448;Portélie;1.000000;64;Lutecie
4243;Plaz;172;Plaz;1.000000;248;Antophilia
4244;Mewlsass;254;Mewlsass;1.000000;62;Chalsace
4245;Mewlsass;254;Mewlsass;1.000000;62;Chalsace
4246;Mewlsass;254;Mewlsass;1.000000;62;Chalsace
4247;Dominiontracks;244;Dominiontracks;1.000000;167;Mewraine
4248;Pordus;800;Pordus;1.000000;163;Northern Ariveojan Oceans
4249;Drybourg;1120;Drybourg;1.000000;320;Kotijgrad2
4250;Drybourg;1120;Drybourg;1.000000;320;Kotijgrad2
4251;Drybourg;1120;Drybourg;1.000000;320;Kotijgrad2
4252;Miku;260;Miku;1.000000;61;Louquiobitumittie
4253;Miku;260;Miku;0.882353;61;Louquiobitumittie
4254;Louquio;256;Louquio;0.849315;61;Louquiobitumittie
4255;Louquio;256;Louquio;1.000000;61;Louquiobitumittie
4256;Louquio;256;Louquio;1.000000;61;Louquiobitumittie
4257;Cookartagena;247;Cookartagena;1.000000;378;Flusionea6
4258;Cookartagena;247;Cookartagena;1.000000;378;Flusionea6
4259;Cookartagena;247;Cookartagena;1.000000;378;Flusionea6
4260;Cookartagena;247;Cookartagena;0.891847;378;Flusionea6
4261;Batisoara;1111;Batisoara;1.000000;245;Droogia
4262;Batisoara;1111;Batisoara;1.000000;245;Droogia
4263;Batisoara;1111;Batisoara;1.000000;245;Droogia
4264;Batisoara;1111;Batisoara;1.000000;245;Droogia
4265;Batisoara;1111;Batisoara;1.000000;245;Droogia
4266;Batisoara;1111;Batisoara;1.000000;245;Droogia
4267;Uwupolia;275;Uwupolia;1.000000;168;Alpernya
4268;Uwupolia;275;Uwupolia;1.000000;168;Alpernya
4269;Cookartagena;247;Cookartagena;1.000000;378;Flusionea6
4270;Saumme;744;Saumme;1.000000;61;Louquiobitumittie
4271;Saumme;744;Saumme;1.000000;61;Louquiobitumittie
4272;Saumme;744;Saumme;1.000000;61;Louquiobitumittie
4273;Saumme;744;Saumme;1.000000;61;Louquiobitumittie
4274;Zaradoughza;1188;Zaradoughza;1.000000;380;Flusionea8
4275;Zaradoughza;1188;Zaradoughza;1.000000;380;Flusionea8
4276;Zaradoughza;1188;Zaradoughza;1.000000;380;Flusionea8
4277;Zaradoughza;1188;Zaradoughza;1.000000;380;Flusionea8
4278;Zaradoughza;1188;Zaradoughza;1.000000;380;Flusionea8
4279;Zaradoughza;1188;Zaradoughza;1.000000;380;Flusionea8
4280;Septentri;799;Septentri;1.000000;166;East Kapland
4281;Septentri;799;Septentri;1.000000;166;East Kapland
4282;Septentri;799;Septentri;1.000000;166;East Kapland
4283;Septentri;799;Septentri;1.000000;166;East Kapland
4284;Callidus;1175;Callidus;0.843267;367;Spri7
4285;Callidus;1175;Callidus;1.000000;367;Spri7
4286;Callidus;1175;Callidus;1.000000;367;Spri7
4287;Callidus;1175;Callidus;1.000000;367;Spri7
4288;Callidus;1175;Callidus;1.000000;367;Spri7
4289;Callidus;1175;Callidus;1.000000;367;Spri7
4290;Cancrigrad;1327;Cancrigrad;1.000000;313;Sudgrad
4291;Queensberg;1137;Queensberg;1.000000;248;Antophilia
4292;Queensberg;1137;Queensberg;1.000000;248;Antophilia
4293;Queensberg;1137;Queensberg;1.000000;248;Antophilia
4294;Queensberg;1137;Queensberg;1.000000;248;Antophilia
4295;Great Vardalv;263;Great Vardalv;1.000000;249;Variitia
4296;Great Vardalv;263;Great Vardalv;1.000000;249;Variitia
4297;Great Vardalv;263;Great Vardalv;1.000000;249;Variitia
4298;Batau;1112;Batau;1.000000;245;Droogia
4299;Batau;1112;Batau;1.000000;245;Droogia
4300;Batau;1112;Batau;1.000000;245;Droogia
4301;Batau;1112;Batau;1.000000;245;Droogia
4302;Batau;1112;Batau;1.000000;245;Droogia
4303;Nibamt;1129;Nibamt;1.000000;323;Parelia2
4304;Nibamt;1129;Nibamt;1.000000;323;Parelia2
4305;Maritipia;801;Maritipia;1.000000;166;East Kapland
4306;Batau;1112;Batau;1.000000;245;Droogia
4307;Batau;1112;Batau;1.000000;245;Droogia
4308;Batau;1112;Batau;1.000000;245;Droogia
4309;Batau;1112;Batau;1.000000;245;Droogia
4310;Gallopia;265;Gallopia;1.000000;55;Gallopia
4311;Maritipia;801;Maritipia;1.000000;166;East Kapland
4312;Maritipia;801;Maritipia;1.000000;166;East Kapland
4313;Maritipia;801;Maritipia;1.000000;166;East Kapland
4314;Maritipia;801;Maritipia;1.000000;166;East Kapland
4315;Saumme;744;Saumme;1.000000;61;Louquiobitumittie
4316;Nibamt;1129;Nibamt;1.000000;323;Parelia2
4317;Nibamt;1129;Nibamt;1.000000;323;Parelia2
4318;Miku;260;Miku;1.000000;61;Louquiobitumittie
4319;North Myriad;501;North Myriad;1.000000;383;Flusionea11
4320;Plaz;172;Plaz;1.000000;248;Antophilia
4321;Queensberg;1137;Queensberg;1.000000;248;Antophilia
4322;Sonyabourg;272;Sonyabourg;1.000000;61;Louquiobitumittie
4323;North Myriad;501;North Myriad;1.000000;383;Flusionea11
4324;Albatlulia;184;Albatlulia;1.000000;323;Parelia2
4325;Albatlulia;184;Albatlulia;1.000000;323;Parelia2
4326;Albatlulia;184;Albatlulia;1.000000;323;Parelia2
4327;Panplona;1057;Panplona;1.000000;381;Flusionea9
4328;Panplona;1057;Panplona;1.000000;381;Flusionea9
4329;Panplona;1057;Panplona;1.000000;381;Flusionea9
4330;Panplona;1057;Panplona;1.000000;381;Flusionea9
4331;Panplona;1057;Panplona;1.000000;381;Flusionea9
4332;Panplona;1057;Panplona;1.000000;381;Flusionea9
4333;Panplona;1057;Panplona;1.000000;381;Flusionea9
4334;Northern Pegasia;729;Northern Pegasia;1.000000;63;Pegasia
4335;Northern Pegasia;729;Northern Pegasia;1.000000;63;Pegasia
4336;Northern Pegasia;729;Northern Pegasia;1.000000;63;Pegasia
4337;East Kobalt;1056;East Kobalt;1.000000;383;Flusionea11
4338;Miestan;1114;Miestan;1.000000;315;Droogia2
4339;Miestan;1114;Miestan;1.000000;315;Droogia2
4340;Portélie;1448;Portélie;1.000000;64;Lutecie
4341;Gallopia;265;Gallopia;1.000000;55;Gallopia
4342;Gallopia;265;Gallopia;1.000000;55;Gallopia
4343;Gallopia;265;Gallopia;1.000000;55;Gallopia
4344;Zaradoughza;1188;Zaradoughza;1.000000;380;Flusionea8
4345;Yinvastopol;266;Yinvastopol;1.000000;313;Sudgrad
4346;Yinvastopol;266;Yinvastopol;1.000000;313;Sudgrad
4347;Yinvastopol;266;Yinvastopol;1.000000;313;Sudgrad
4348;Septentri;799;Septentri;1.000000;166;East Kapland
4349;Pferdwaldgebiet;255;Pferdwaldgebiet;1.000000;167;Mewraine
4350;Mewmewmew;270;Mewmewmew;0.784014;168;Alpernya
4351;Mewmewmew;270;Mewmewmew;0.753589;168;Alpernya
4352;Nibamt;1129;Nibamt;1.000000;323;Parelia2
4353;Frusville;1126;Frusville;1.000000;246;Parelia
4354;Frusville;1126;Frusville;1.000000;246;Parelia
4355;Frusville;1126;Frusville;1.000000;246;Parelia
4356;Moulinet;736;Moulinet;1.000000;69;Bruvergne
4357;Moulinet;736;Moulinet;1.000000;69;Bruvergne
4358;Moulinet;736;Moulinet;1.000000;69;Bruvergne
4359;Moulinet;736;Moulinet;1.000000;69;Bruvergne
4360;Moulinet;736;Moulinet;1.000000;69;Bruvergne
4361;Gallicie;258;Gallicie;1.000000;64;Lutecie
4362;Alabaster;605;Alabaster;1.000000;61;Louquiobitumittie
4363;Sonyabourg;272;Sonyabourg;1.000000;61;Louquiobitumittie
4364;Sonyabourg;272;Sonyabourg;1.000000;61;Louquiobitumittie
4365;Sonyabourg;272;Sonyabourg;1.000000;61;Louquiobitumittie
4366;Shady Creek;727;Shady Creek;1.000000;55;Gallopia
4367;Alabaster;605;Alabaster;1.000000;61;Louquiobitumittie
4368;Mewlsass;254;Mewlsass;1.000000;62;Chalsace
4369;Malyrali;1326;Malyrali;1.000000;314;Kronmea
4370;Malyrali;1326;Malyrali;1.000000;314;Kronmea
4371;Malyrali;1326;Malyrali;1.000000;314;Kronmea
4372;South Western New Kastra;252;South Western New Kastra;1.000000;383;Flusionea11
4373;Volgokronk;226;Volgokronk;1.000000;314;Kronmea
4374;Volgokronk;226;Volgokronk;1.000000;314;Kronmea
4375;Volgokronk;226;Volgokronk;1.000000;314;Kronmea
4376;Gallicie;258;Gallicie;1.000000;64;Lutecie
4377;Gallicie;258;Gallicie;1.000000;64;Lutecie
4378;Mewmewmew;270;Mewmewmew;1.000000;168;Alpernya
4379;Mewmewmew;270;Mewmewmew;1.000000;168;Alpernya
4380;Zaradoughza;1188;Zaradoughza;1.000000;380;Flusionea8
4381;Zaradoughza;1188;Zaradoughza;1.000000;380;Flusionea8
4382;Great Vardalv;263;Great Vardalv;1.000000;249;Variitia
4383;Great Vardalv;263;Great Vardalv;1.000000;249;Variitia
4384;Great Vardalv;263;Great Vardalv;1.000000;249;Variitia
4385;Great Vardalv;263;Great Vardalv;1.000000;249;Variitia
4386;Great Vardalv;263;Great Vardalv;1.000000;249;Variitia
4387;Great Vardalv;263;Great Vardalv;1.000000;249;Variitia
4388;Kribble;1115;Kribble;1.000000;243;Kotijgrad
4389;Kribble;1115;Kribble;1.000000;243;Kotijgrad
4390;Northern Pegasia;729;Northern Pegasia;1.000000;63;Pegasia
4391;Plaz;172;Plaz;1.000000;248;Antophilia
4392;Plaz;172;Plaz;1.000000;248;Antophilia
4393;Moussie;278;Moussie;1.000000;68;Velardenne
4394;Moussie;278;Moussie;1.000000;68;Velardenne
4395;Moussie;278;Moussie;1.000000;68;Velardenne
4396;Moussie;278;Moussie;1.000000;68;Velardenne
4397;Moussie;278;Moussie;1.000000;68;Velardenne
4398;Granajón;1186;Granajón;1.000000;374;Flusionea2
4399;Granajón;1186;Granajón;1.000000;374;Flusionea2
4400;Yinvastopol;266;Yinvastopol;1.000000;313;Sudgrad
4401;Yinvastopol;266;Yinvastopol;1.000000;313;Sudgrad
4402;Yinvastopol;266;Yinvastopol;1.000000;313;Sudgrad
4403;Kribble;1115;Kribble;1.000000;243;Kotijgrad
4404;North Myriad;501;North Myriad;1.000000;383;Flusionea11
4405;Volgokronk;226;Volgokronk;1.000000;314;Kronmea
4406;Kribble;1115;Kribble;1.000000;243;Kotijgrad
4407;Kribble;1115;Kribble;1.000000;243;Kotijgrad
4408;Shady Creek;727;Shady Creek;1.000000;55;Gallopia
4409;Shady Creek;727;Shady Creek;1.000000;55;Gallopia
4410;Frusville;1126;Frusville;1.000000;246;Parelia
4411;Velardennes;281;Velardennes;1.000000;68;Velardenne
4412;Grand Canal;293;Grand Canal;1.000000;64;Lutecie
4413;Oyo Nenyata;1563;Oyo Nenyata;0.541353;168;Alpernya
4414;Fauraize;219;Fauraize;1.000000;68;Velardenne
4415;Genevekt;1053;Genevekt;1.000000;306;Genevekt
4416;Ventown;1123;Ventown;1.000000;246;Parelia
4417;Northern Pegasia;729;Northern Pegasia;1.000000;63;Pegasia
4418;Drybourg;1120;Drybourg;1.000000;320;Kotijgrad2
4419;Malyrali;1326;Malyrali;1.000000;314;Kronmea
4420;Drybourg;1120;Drybourg;1.000000;320;Kotijgrad2
4421;Gallicie;258;Gallicie;1.000000;64;Lutecie
4422;Shady Creek;727;Shady Creek;1.000000;55;Gallopia
4423;Wome;286;Wome;1.000000;168;Alpernya
4424;Wome;286;Wome;1.000000;168;Alpernya
4425;Volgokronk;226;Volgokronk;1.000000;314;Kronmea
4426;Plaz;172;Plaz;1.000000;248;Antophilia
4427;Panplona;1057;Panplona;1.000000;381;Flusionea9
4428;Démotagne;285;Démotagne;1.000000;70;Demotagne
4429;Démotagne;285;Démotagne;1.000000;70;Demotagne
4430;Démotagne;285;Démotagne;1.000000;70;Demotagne
4431;South Western New Kastra;252;South Western New Kastra;1.000000;383;Flusionea11
4432;Malyrali;1326;Malyrali;1.000000;314;Kronmea
4433;Beeronx;1136;Beeronx;1.000000;248;Antophilia
4434;Beeronx;1136;Beeronx;1.000000;248;Antophilia
4435;Calderbug;1122;Calderbug;1.000000;321;Frusia2
4436;Calderbug;1122;Calderbug;1.000000;321;Frusia2
4437;Granajón;1186;Granajón;1.000000;374;Flusionea2
4438;Granajón;1186;Granajón;1.000000;374;Flusionea2
4439;Granajón;1186;Granajón;1.000000;374;Flusionea2
4440;Cookartagena;247;Cookartagena;1.000000;378;Flusionea6
4441;South Western New Kastra;252;South Western New Kastra;1.000000;383;Flusionea11
4442;South Western New Kastra;252;South Western New Kastra;0.838821;383;Flusionea11
4443;Mewlsass;254;Mewlsass;1.000000;62;Chalsace
4444;Greenwater;294;Greenwater;1.000000;55;Gallopia
4445;Gallopia;265;Gallopia;1.000000;55;Gallopia
4446;Yarnington;745;Yarnington;1.000000;168;Alpernya
4447;South Western New Kastra;252;South Western New Kastra;1.000000;383;Flusionea11
4448;Landslid;157;Landslid;1.000000;246;Parelia
4449;Calderbug;1122;Calderbug;1.000000;321;Frusia2
4450;Magdalonja;290;Magdalonja;1.000000;375;Flusionea3
4451;Magdalonja;290;Magdalonja;1.000000;375;Flusionea3
4452;Magdalonja;290;Magdalonja;1.000000;375;Flusionea3
4453;Magdalonja;290;Magdalonja;1.000000;375;Flusionea3
4454;Magdalonja;290;Magdalonja;1.000000;375;Flusionea3
4455;Magdalonja;290;Magdalonja;1.000000;375;Flusionea3
4456;Landslid;157;Landslid;1.000000;246;Parelia
4457;Alabaster;605;Alabaster;1.000000;61;Louquiobitumittie
4458;Tyurna;261;Tyurna;1.000000;104;Teryakr
4459;Tyurna;261;Tyurna;1.000000;104;Teryakr
4460;Tyurna;261;Tyurna;1.000000;104;Teryakr
4461;Greenwater;294;Greenwater;1.000000;55;Gallopia
4462;Greenwater;294;Greenwater;1.000000;55;Gallopia
4463;Greenwater;294;Greenwater;1.000000;55;Gallopia
4464;Albatlulia;184;Albatlulia;1.000000;323;Parelia2
4465;Albatlulia;184;Albatlulia;1.000000;323;Parelia2
4466;Démotagne;285;Démotagne;1.000000;70;Demotagne
4467;Démotagne;285;Démotagne;1.000000;70;Demotagne
4468;Yarnington;745;Yarnington;1.000000;168;Alpernya
4469;Muffintilla;1193;Muffintilla;1.000000;375;Flusionea3
4470;West Plaz;257;West Plaz;1.000000;317;Droogia4
4471;Calderbug;1122;Calderbug;1.000000;321;Frusia2
4472;Calderbug;1122;Calderbug;1.000000;321;Frusia2
4473;Velardennes;281;Velardennes;1.000000;68;Velardenne
4474;Velardennes;281;Velardennes;1.000000;68;Velardenne
4475;Velardennes;281;Velardennes;1.000000;68;Velardenne
4476;Velardennes;281;Velardennes;1.000000;68;Velardenne
4477;Albatlulia;184;Albatlulia;1.000000;323;Parelia2
4478;Albatlulia;184;Albatlulia;1.000000;323;Parelia2
4479;Angriverien;1050;Angriverien;1.000000;55;Gallopia
4480;Aelveahein;891;Aelveahein;1.000000;384;X.I.R.
4481;Aelveahein;891;Aelveahein;1.000000;384;X.I.R.
4482;Kraiiovat;505;Kraiiovat;1.000000;317;Droogia4
4483;Kraiiovat;505;Kraiiovat;1.000000;317;Droogia4
4484;Kraiiovat;505;Kraiiovat;1.000000;317;Droogia4
4485;Kraiiovat;505;Kraiiovat;1.000000;317;Droogia4
4486;Kraiiovat;505;Kraiiovat;1.000000;317;Droogia4
4487;Cularie;737;Cularie;1.000000;71;Poitouamie
4488;Grand Canal;293;Grand Canal;0.812937;64;Lutecie
4489;Styvellines;742;Styvellines;1.000000;64;Lutecie
4490;Styvellines;742;Styvellines;1.000000;64;Lutecie
4491;Styvellines;742;Styvellines;1.000000;64;Lutecie
4492;Tsayan Mounts;1172;Tsayan Mounts;1.000000;366;Eulysses Plain
4493;Tsayan Mounts;1172;Tsayan Mounts;1.000000;366;Eulysses Plain
4494;Tsayan Mounts;1172;Tsayan Mounts;1.000000;366;Eulysses Plain
4495;Plaz;172;Plaz;1.000000;248;Antophilia
4496;Plaz;172;Plaz;1.000000;248;Antophilia
4497;Plaz;172;Plaz;1.000000;248;Antophilia
4498;Bruvergne;276;Bruvergne;0.997519;69;Bruvergne
4499;Bruvergne;276;Bruvergne;1.000000;69;Bruvergne
4500;Bruvergne;276;Bruvergne;0.502890;69;Bruvergne
4501;Bruvergne;276;Bruvergne;1.000000;69;Bruvergne
4502;Bulleborné;207;Bulleborné;1.000000;69;Bruvergne
4503;Saumme;744;Saumme;1.000000;61;Louquiobitumittie
4504;Fauraize;219;Fauraize;1.000000;68;Velardenne
4505;Fauraize;219;Fauraize;1.000000;68;Velardenne
4506;Fauraize;219;Fauraize;1.000000;68;Velardenne
4507;Mont Gargame;1425;Mont Gargame;1.000000;61;Louquiobitumittie
4508;Mont Gargame;1425;Mont Gargame;1.000000;61;Louquiobitumittie
4509;Gallopia;265;Gallopia;1.000000;55;Gallopia
4510;Shady Creek;727;Shady Creek;1.000000;55;Gallopia
4511;Shady Creek;727;Shady Creek;1.000000;55;Gallopia
4512;Kaparus;798;Kaparus;1.000000;166;East Kapland
4513;Kaparus;798;Kaparus;1.000000;166;East Kapland
4514;Kaparus;798;Kaparus;1.000000;166;East Kapland
4515;Kaparus;798;Kaparus;1.000000;166;East Kapland
4516;Kaparus;798;Kaparus;1.000000;166;East Kapland
4517;Bulleborné;207;Bulleborné;1.000000;69;Bruvergne
4518;Xeirko;890;Xeirko;1.000000;384;X.I.R.
4519;Taevuirae;291;Taevuirae;1.000000;384;X.I.R.
4520;Taevuirae;291;Taevuirae;1.000000;384;X.I.R.
4521;Taevuirae;291;Taevuirae;1.000000;384;X.I.R.
4522;Magdalonja;290;Magdalonja;1.000000;375;Flusionea3
4523;Magdalonja;290;Magdalonja;1.000000;375;Flusionea3
4524;Magdalonja;290;Magdalonja;1.000000;375;Flusionea3
4525;Latarada;295;Latarada;1.000000;71;Poitouamie
4526;Latarada;295;Latarada;1.000000;71;Poitouamie
4527;Latarada;295;Latarada;1.000000;71;Poitouamie
4528;Latarada;295;Latarada;1.000000;71;Poitouamie
4529;Beurrioude;738;Beurrioude;1.000000;69;Bruvergne
4530;Beurrioude;738;Beurrioude;1.000000;69;Bruvergne
4531;Beurrioude;738;Beurrioude;1.000000;69;Bruvergne
4532;Beurrioude;738;Beurrioude;1.000000;69;Bruvergne
4533;Northern Pegasia;729;Northern Pegasia;1.000000;63;Pegasia
4534;Aelveahein;891;Aelveahein;1.000000;384;X.I.R.
4535;Aelveahein;891;Aelveahein;0.995363;384;X.I.R.
4536;Kraiiovat;505;Kraiiovat;1.000000;317;Droogia4
4537;Kraiiovat;505;Kraiiovat;1.000000;317;Droogia4
4538;Kraiiovat;505;Kraiiovat;1.000000;317;Droogia4
4539;Funchaleta;1199;Funchaleta;1.000000;376;Flusionea4
4540;Funchaleta;1199;Funchaleta;1.000000;376;Flusionea4
4541;Girardought;1198;Girardought;1.000000;367;Spri7
4542;Girardought;1198;Girardought;0.771429;367;Spri7
4543;Girardought;1198;Girardought;1.000000;367;Spri7
4544;West Plaz;257;West Plaz;1.000000;317;Droogia4
4545;West Plaz;257;West Plaz;1.000000;317;Droogia4
4546;West Plaz;257;West Plaz;1.000000;317;Droogia4
4547;West Plaz;257;West Plaz;1.000000;317;Droogia4
4548;West Plaz;257;West Plaz;1.000000;317;Droogia4
4549;Beeronx;1136;Beeronx;1.000000;248;Antophilia
4550;Beeronx;1136;Beeronx;1.000000;248;Antophilia
4551;Beeronx;1136;Beeronx;1.000000;248;Antophilia
4552;Beeronx;1136;Beeronx;1.000000;248;Antophilia
4553;Beeronx;1136;Beeronx;1.000000;248;Antophilia
4554;Mont Gargame;1425;Mont Gargame;1.000000;61;Louquiobitumittie
4555;Mont Gargame;1425;Mont Gargame;1.000000;61;Louquiobitumittie
4556;Louquio;256;Louquio;1.000000;61;Louquiobitumittie
4557;Xeirko;890;Xeirko;1.000000;384;X.I.R.
4558;Xeirko;890;Xeirko;1.000000;384;X.I.R.
4559;Muffintilla;1193;Muffintilla;1.000000;375;Flusionea3
4560;Muffintilla;1193;Muffintilla;1.000000;375;Flusionea3
4561;Muffintilla;1193;Muffintilla;1.000000;375;Flusionea3
4562;Muffintilla;1193;Muffintilla;1.000000;375;Flusionea3
4563;Ceposta;802;Ceposta;1.000000;166;East Kapland
4564;Indsitra;797;Indsitra;0.610487;166;East Kapland
4565;Indsitra;797;Indsitra;1.000000;166;East Kapland
4566;Indsitra;797;Indsitra;1.000000;166;East Kapland
4567;Maritipia;801;Maritipia;1.000000;166;East Kapland
4568;Albatlulia;184;Albatlulia;1.000000;323;Parelia2
4569;Landslid;157;Landslid;1.000000;246;Parelia
4570;Landslid;157;Landslid;0.993631;246;Parelia
4571;Angriverien;1050;Angriverien;1.000000;55;Gallopia
4572;Angriverien;1050;Angriverien;1.000000;55;Gallopia
4573;Zaradoughza;1188;Zaradoughza;1.000000;380;Flusionea8
4574;Grovati;1113;Grovati;1.000000;319;Droogia3
4575;Grovati;1113;Grovati;1.000000;319;Droogia3
4576;Grovati;1113;Grovati;1.000000;319;Droogia3
4577;Cularie;737;Cularie;1.000000;71;Poitouamie
4578;Cularie;737;Cularie;1.000000;71;Poitouamie
4579;Latarada;295;Latarada;1.000000;71;Poitouamie
4580;Mewmewmew;270;Mewmewmew;1.000000;168;Alpernya
4581;Poitouamie;292;Poitouamie;1.000000;71;Poitouamie
4582;Poitouamie;292;Poitouamie;1.000000;71;Poitouamie
4583;Poitouamie;292;Poitouamie;1.000000;71;Poitouamie
4584;Poitouamie;292;Poitouamie;1.000000;71;Poitouamie
4585;Poitouamie;292;Poitouamie;1.000000;71;Poitouamie
4586;Temland;298;Temland;1.000000;102;Solakatzen Channel
4587;Yinvastopol;266;Yinvastopol;1.000000;313;Sudgrad
4588;Dofusbourg;299;Dofusbourg;1.000000;61;Louquiobitumittie
4589;Crumbrid;1192;Crumbrid;1.000000;374;Flusionea2
4590;Crumbrid;1192;Crumbrid;1.000000;374;Flusionea2
4591;Crumbrid;1192;Crumbrid;1.000000;374;Flusionea2
4592;Crumbrid;1192;Crumbrid;1.000000;374;Flusionea2
4593;Eulyss Rapids;1171;Eulyss Rapids;1.000000;362;Eulyssian Interfluve
4594;Eulyss Rapids;1171;Eulyss Rapids;1.000000;362;Eulyssian Interfluve
4595;Eulyss Rapids;1171;Eulyss Rapids;1.000000;362;Eulyssian Interfluve
4596;Eulyss Rapids;1171;Eulyss Rapids;1.000000;362;Eulyssian Interfluve
4597;Beeronx;1136;Beeronx;1.000000;248;Antophilia
4598;Beeronx;1136;Beeronx;1.000000;248;Antophilia
4599;Beeronx;1136;Beeronx;1.000000;248;Antophilia
4600;Great Calder Peak;253;Great Calder Peak;1.000000;211;Frusia
4601;Great Calder Peak;253;Great Calder Peak;1.000000;211;Frusia
4602;Great Calder Peak;253;Great Calder Peak;1.000000;211;Frusia
4603;Great Calder Peak;253;Great Calder Peak;1.000000;211;Frusia
4604;Dofusbourg;299;Dofusbourg;1.000000;61;Louquiobitumittie
4605;Dofusbourg;299;Dofusbourg;1.000000;61;Louquiobitumittie
4606;Dofusbourg;299;Dofusbourg;1.000000;61;Louquiobitumittie
4607;Dofusbourg;299;Dofusbourg;1.000000;61;Louquiobitumittie
4608;Eulyss Rapids;1171;Eulyss Rapids;1.000000;362;Eulyssian Interfluve
4609;Orient Kapus;262;Orient Kapus;1.000000;166;East Kapland
4610;Orient Kapus;262;Orient Kapus;1.000000;166;East Kapland
4611;Orient Kapus;262;Orient Kapus;1.000000;166;East Kapland
4612;Orient Kapus;262;Orient Kapus;1.000000;166;East Kapland
4613;Frosov;504;Frosov;1.000000;319;Droogia3
4614;Frosov;504;Frosov;1.000000;319;Droogia3
4615;Frosov;504;Frosov;1.000000;319;Droogia3
4616;Frosov;504;Frosov;1.000000;319;Droogia3
4617;Frosov;504;Frosov;1.000000;319;Droogia3
4618;Frosov;504;Frosov;1.000000;319;Droogia3
4619;Calderbug;1122;Calderbug;1.000000;321;Frusia2
4620;Styvellines;742;Styvellines;1.000000;64;Lutecie
4621;Yeryk;849;Yeryk;1.000000;119;Brekarya
4622;Yeryk;849;Yeryk;1.000000;119;Brekarya
4623;Biti;301;Biti;1.000000;61;Louquiobitumittie
4624;Biti;301;Biti;1.000000;61;Louquiobitumittie
4625;High Hill;728;High Hill;1.000000;63;Pegasia
4626;High Hill;728;High Hill;1.000000;63;Pegasia
4627;High Hill;728;High Hill;1.000000;63;Pegasia
4628;High Hill;728;High Hill;1.000000;63;Pegasia
4629;High Hill;728;High Hill;1.000000;63;Pegasia
4630;Bakecelona;1184;Bakecelona;1.000000;372;Spri12
4631;Crumbrid;1192;Crumbrid;1.000000;374;Flusionea2
4632;Crumbrid;1192;Crumbrid;1.000000;374;Flusionea2
4633;Crumbrid;1192;Crumbrid;1.000000;374;Flusionea2
4634;Crumbrid;1192;Crumbrid;1.000000;374;Flusionea2
4635;Crumbrid;1192;Crumbrid;1.000000;374;Flusionea2
4636;Crumbrid;1192;Crumbrid;1.000000;374;Flusionea2
4637;Crumbrid;1192;Crumbrid;1.000000;374;Flusionea2
4638;Taevuirae;291;Taevuirae;1.000000;384;X.I.R.
4639;Ceposta;802;Ceposta;0.587127;166;East Kapland
4640;Galloping Crossing;726;Galloping Crossing;1.000000;55;Gallopia
4641;Galloping Crossing;726;Galloping Crossing;1.000000;55;Gallopia
4642;Galloping Crossing;726;Galloping Crossing;1.000000;55;Gallopia
4643;Galloping Crossing;726;Galloping Crossing;1.000000;55;Gallopia
4644;Xaerauvouk;893;Xaerauvouk;0.957547;384;X.I.R.
4645;Albatlulia;184;Albatlulia;1.000000;323;Parelia2
4646;Jeulie;1426;Jeulie;1.000000;61;Louquiobitumittie
4647;Yarnington;745;Yarnington;1.000000;168;Alpernya
4648;Great Vardalv;263;Great Vardalv;1.000000;249;Variitia
4649;Cularie;737;Cularie;1.000000;71;Poitouamie
4650;Great Vardalv;263;Great Vardalv;1.000000;249;Variitia
4651;Latarada;295;Latarada;1.000000;71;Poitouamie
4652;Lutécie;320;Lutécie;1.000000;64;Lutecie
4653;Lutécie;320;Lutécie;1.000000;64;Lutecie
4654;Lutécie;320;Lutécie;1.000000;64;Lutecie
4655;Lutécie;320;Lutécie;1.000000;64;Lutecie
4656;Lutécie;320;Lutécie;1.000000;64;Lutecie
4657;Yarnington;745;Yarnington;1.000000;168;Alpernya
4658;Bakecelona;1184;Bakecelona;1.000000;372;Spri12
4659;Bakecelona;1184;Bakecelona;1.000000;372;Spri12
4660;Pegasia;269;Pegasia;1.000000;63;Pegasia
4661;Pegasia;269;Pegasia;1.000000;63;Pegasia
4662;Pegasia;269;Pegasia;1.000000;63;Pegasia
4663;Xaerauvouk;893;Xaerauvouk;1.000000;384;X.I.R.
4664;Xaerauvouk;893;Xaerauvouk;1.000000;384;X.I.R.
4665;Xaerauvouk;893;Xaerauvouk;1.000000;384;X.I.R.
4666;Angriverien;1050;Angriverien;1.000000;55;Gallopia
4667;Cookimbra;1173;Cookimbra;1.000000;367;Spri7
4668;Cookimbra;1173;Cookimbra;1.000000;367;Spri7
4669;Bragallet;1174;Bragallet;1.000000;366;Eulysses Plain
4670;Bragallet;1174;Bragallet;1.000000;366;Eulysses Plain
4671;Bragallet;1174;Bragallet;1.000000;366;Eulysses Plain
4672;Bragallet;1174;Bragallet;1.000000;366;Eulysses Plain
4673;Bragallet;1174;Bragallet;1.000000;366;Eulysses Plain
4674;Bragallet;1174;Bragallet;1.000000;366;Eulysses Plain
4675;Boiler Town;199;Boiler Town;0.997899;322;Variitia2
4676;Boiler Town;199;Boiler Town;1.000000;322;Variitia2
4677;Boiler Town;199;Boiler Town;1.000000;322;Variitia2
4678;Boiler Town;199;Boiler Town;1.000000;322;Variitia2
4679;Boiler Town;199;Boiler Town;1.000000;322;Variitia2
4680;Boiler Town;199;Boiler Town;1.000000;322;Variitia2
4681;Jeulie;1426;Jeulie;1.000000;61;Louquiobitumittie
4682;Jeulie;1426;Jeulie;1.000000;61;Louquiobitumittie
4683;Tyurna;261;Tyurna;0.866270;104;Teryakr
4684;Taevuirae;291;Taevuirae;1.000000;384;X.I.R.
4685;Dourouhtei;892;Dourouhtei;1.000000;384;X.I.R.
4686;Bensonlak;1142;Bensonlak;1.000000;317;Droogia4
4687;Bensonlak;1142;Bensonlak;1.000000;317;Droogia4
4688;Bensonlak;1142;Bensonlak;1.000000;317;Droogia4
4689;Bensonlak;1142;Bensonlak;1.000000;317;Droogia4
4690;Magdalonja;290;Magdalonja;0.983516;375;Flusionea3
4691;Cookimbra;1173;Cookimbra;1.000000;367;Spri7
4692;Cookimbra;1173;Cookimbra;0.998185;367;Spri7
4693;Dunedocks;1121;Dunedocks;1.000000;321;Frusia2
4694;Dunedocks;1121;Dunedocks;1.000000;321;Frusia2
4695;Yeryk;849;Yeryk;1.000000;119;Brekarya
4696;Yeryk;849;Yeryk;1.000000;119;Brekarya
4697;Grovati;1113;Grovati;1.000000;319;Droogia3
4698;Bumbleburg;1143;Bumbleburg;1.000000;249;Variitia
4699;Cocopiegne;719;Cocopiegne;1.000000;64;Lutecie
4700;Cocopiegne;719;Cocopiegne;1.000000;64;Lutecie
4701;Cocopiegne;719;Cocopiegne;1.000000;64;Lutecie
4702;Cocopiegne;719;Cocopiegne;1.000000;64;Lutecie
4703;Cocopiegne;719;Cocopiegne;1.000000;64;Lutecie
4704;Cocopiegne;719;Cocopiegne;1.000000;64;Lutecie
4705;Biti;301;Biti;1.000000;61;Louquiobitumittie
4706;Northern New Kastra;894;Northern New Kastra;0.787529;139;Kastran Approaches
4707;Western New Kastra;895;Western New Kastra;0.997494;139;Kastran Approaches
4708;Western New Kastra;895;Western New Kastra;0.830861;139;Kastran Approaches
4709;Southern New Kastra;896;Southern New Kastra;0.663812;139;Kastran Approaches
4710;Southern New Kastra;896;Southern New Kastra;0.941463;139;Kastran Approaches
4711;Calderi;1124;Calderi;1.000000;322;Variitia2
4712;Calderi;1124;Calderi;1.000000;322;Variitia2
4713;Calderi;1124;Calderi;1.000000;322;Variitia2
4714;Calderi;1124;Calderi;1.000000;322;Variitia2
4715;Aurlean;743;Aurlean;1.000000;68;Velardenne
4716;Aurlean;743;Aurlean;1.000000;68;Velardenne
4717;Lylle;740;Lylle;1.000000;61;Louquiobitumittie
4718;Sedanne;296;Sedanne;1.000000;69;Bruvergne
4719;Sedanne;296;Sedanne;1.000000;69;Bruvergne
4720;Bulleborné;207;Bulleborné;1.000000;69;Bruvergne
4721;Kraiiovat;505;Kraiiovat;1.000000;317;Droogia4
4722;Sea Beach;167;Sea Beach;1.000000;321;Frusia2
4723;Sea Beach;167;Sea Beach;1.000000;321;Frusia2
4724;Sea Beach;167;Sea Beach;1.000000;321;Frusia2
4725;Toledough;1185;Toledough;1.000000;374;Flusionea2
4726;Sedanne;296;Sedanne;1.000000;69;Bruvergne
4727;Aurleans;297;Aurleans;1.000000;68;Velardenne
4728;Bremareton;725;Bremareton;0.846330;55;Gallopia
4729;Bremareton;725;Bremareton;1.000000;55;Gallopia
4730;Copper-Match;96;Copper-Match;1.000000;63;Pegasia
4731;Copper-Match;96;Copper-Match;1.000000;63;Pegasia
4732;Copper-Match;96;Copper-Match;1.000000;63;Pegasia
4733;Dourouhtei;892;Dourouhtei;1.000000;384;X.I.R.
4734;Dourouhtei;892;Dourouhtei;1.000000;384;X.I.R.
4735;Bakecelona;1184;Bakecelona;1.000000;372;Spri12
4736;Bakecelona;1184;Bakecelona;1.000000;372;Spri12
4737;Bakecelona;1184;Bakecelona;1.000000;372;Spri12
4738;Bakecelona;1184;Bakecelona;1.000000;372;Spri12
4739;Bakecelona;1184;Bakecelona;1.000000;372;Spri12
4740;Bakecelona;1184;Bakecelona;1.000000;372;Spri12
4741;Bakecelona;1184;Bakecelona;1.000000;372;Spri12
4742;Bergtun;1100;Bergtun;1.000000;316;Greater Saru
4743;Bergtun;1100;Bergtun;1.000000;316;Greater Saru
4744;Bergtun;1100;Bergtun;1.000000;316;Greater Saru
4745;Bergtun;1100;Bergtun;1.000000;316;Greater Saru
4746;Owaeville;718;Owaeville;1.000000;70;Demotagne
4747;Owaeville;718;Owaeville;1.000000;70;Demotagne
4748;Owaeville;718;Owaeville;1.000000;70;Demotagne
4749;Owaeville;718;Owaeville;1.000000;70;Demotagne
4750;Owaeville;718;Owaeville;1.000000;70;Demotagne
4751;Owaeville;718;Owaeville;1.000000;70;Demotagne
4752;Pouldrezique;306;Pouldrezique;1.000000;71;Poitouamie
4753;Sedanne;296;Sedanne;1.000000;69;Bruvergne
4754;Nekogar;846;Nekogar;1.000000;104;Teryakr
4755;Nekogar;846;Nekogar;1.000000;104;Teryakr
4756;Nekogar;846;Nekogar;1.000000;104;Teryakr
4757;Central Kharna 8;1432;Central Kharna 8;1.000000;57;Goatlandia
4758;Brekarya;289;Brekarya;1.000000;119;Brekarya
4759;Brekarya;289;Brekarya;1.000000;119;Brekarya
4760;Brekarya;289;Brekarya;1.000000;119;Brekarya
4761;Brekarya;289;Brekarya;1.000000;119;Brekarya
4762;Brekarya;289;Brekarya;1.000000;119;Brekarya
4763;Brekarya;289;Brekarya;1.000000;119;Brekarya
4764;Cookimbra;1173;Cookimbra;1.000000;367;Spri7
4765;Cookimbra;1173;Cookimbra;1.000000;367;Spri7
4766;Cookimbra;1173;Cookimbra;1.000000;367;Spri7
4767;Nòvbàrùs;793;Nòvbàrùs;1.000000;165;West Kapland
4768;Nòvbàrùs;793;Nòvbàrùs;1.000000;165;West Kapland
4769;Nòvbàrùs;793;Nòvbàrùs;1.000000;165;West Kapland
4770;Nòvbàrùs;793;Nòvbàrùs;1.000000;165;West Kapland
4771;Nòvbàrùs;793;Nòvbàrùs;1.000000;165;West Kapland
4772;Nòvbàrùs;793;Nòvbàrùs;1.000000;165;West Kapland
4773;Nòvbàrùs;793;Nòvbàrùs;1.000000;165;West Kapland
4774;Buzzlyn;1140;Buzzlyn;1.000000;326;Formicidea4
4775;Buzzlyn;1140;Buzzlyn;1.000000;326;Formicidea4
4776;Buzzlyn;1140;Buzzlyn;1.000000;326;Formicidea4
4777;Pouldrezique;306;Pouldrezique;1.000000;71;Poitouamie
4778;Pouldrezique;306;Pouldrezique;1.000000;71;Poitouamie
4779;Galloping Crossing;726;Galloping Crossing;1.000000;55;Gallopia
4780;Toledough;1185;Toledough;1.000000;374;Flusionea2
4781;Toledough;1185;Toledough;1.000000;374;Flusionea2
4782;Toledough;1185;Toledough;0.894860;374;Flusionea2
4783;Toledough;1185;Toledough;1.000000;374;Flusionea2
4784;Toledough;1185;Toledough;1.000000;374;Flusionea2
4785;Eulyss Rapids;1171;Eulyss Rapids;1.000000;362;Eulyssian Interfluve
4786;Eulyss Rapids;1171;Eulyss Rapids;1.000000;362;Eulyssian Interfluve
4787;Calderi;1124;Calderi;1.000000;322;Variitia2
4788;Calderi;1124;Calderi;1.000000;322;Variitia2
4789;Lylle;740;Lylle;1.000000;61;Louquiobitumittie
4790;Bakecelona;1184;Bakecelona;1.000000;372;Spri12
4791;Churrilbao;1200;Churrilbao;1.000000;369;Spri9
4792;Gallifly;1131;Gallifly;1.000000;249;Variitia
4793;Gallifly;1131;Gallifly;1.000000;249;Variitia
4794;Calderi;1124;Calderi;1.000000;322;Variitia2
4795;Umtraha;850;Umtraha;1.000000;35;Bryumen
4796;Umtraha;850;Umtraha;1.000000;35;Bryumen
4797;Toledough;1185;Toledough;1.000000;374;Flusionea2
4798;Cookimbra;1173;Cookimbra;1.000000;367;Spri7
4799;Gallifly;1131;Gallifly;1.000000;249;Variitia
4800;Gallifly;1131;Gallifly;1.000000;249;Variitia
4801;Gallifly;1131;Gallifly;1.000000;249;Variitia
4802;Gallifly;1131;Gallifly;1.000000;249;Variitia
4803;Aurleans;297;Aurleans;1.000000;68;Velardenne
4804;Roquasailles;1475;Roquasailles;1.000000;68;Velardenne
4805;Roquasailles;1475;Roquasailles;0.829741;68;Velardenne
4806;Far South Macafia 15;1424;Far South Macafia 15;1.000000;63;Pegasia
4807;Far South Macafia 15;1424;Far South Macafia 15;1.000000;63;Pegasia
4808;Far South Macafia 15;1424;Far South Macafia 15;1.000000;63;Pegasia
4809;Tsayan Mounts;1172;Tsayan Mounts;1.000000;366;Eulysses Plain
4810;Aqùkàr;796;Aqùkàr;1.000000;165;West Kapland
4811;Aqùkàr;796;Aqùkàr;1.000000;165;West Kapland
4812;Aqùkàr;796;Aqùkàr;1.000000;165;West Kapland
4813;Aqùkàr;796;Aqùkàr;1.000000;165;West Kapland
4814;Aqùkàr;796;Aqùkàr;1.000000;165;West Kapland
4815;Aqùkàr;796;Aqùkàr;1.000000;165;West Kapland
4816;Aqùkàr;796;Aqùkàr;1.000000;165;West Kapland
4817;Dunedocks;1121;Dunedocks;1.000000;321;Frusia2
4818;Aurlean;743;Aurlean;1.000000;68;Velardenne
4819;Aurlean;743;Aurlean;1.000000;68;Velardenne
4820;Umtraha;850;Umtraha;1.000000;35;Bryumen
4821;Umtraha;850;Umtraha;1.000000;35;Bryumen
4822;Korpeio;795;Korpeio;1.000000;165;West Kapland
4823;Korpeio;795;Korpeio;1.000000;165;West Kapland
4824;Korpeio;795;Korpeio;1.000000;165;West Kapland
4825;Korpeio;795;Korpeio;1.000000;165;West Kapland
4826;Korpeio;795;Korpeio;1.000000;165;West Kapland
4827;Korpeio;795;Korpeio;1.000000;165;West Kapland
4828;Korpeio;795;Korpeio;1.000000;165;West Kapland
4829;Korpeio;795;Korpeio;1.000000;165;West Kapland
4830;Korpeio;795;Korpeio;1.000000;165;West Kapland
4831;Bumbleburg;1143;Bumbleburg;1.000000;249;Variitia
4832;Bumbleburg;1143;Bumbleburg;1.000000;249;Variitia
4833;Bumbleburg;1143;Bumbleburg;1.000000;249;Variitia
4834;Bumbleburg;1143;Bumbleburg;1.000000;249;Variitia
4835;Bumbleburg;1143;Bumbleburg;1.000000;249;Variitia
4836;Bumbleburg;1143;Bumbleburg;1.000000;249;Variitia
4837;Pegasia;269;Pegasia;1.000000;63;Pegasia
4838;Boiler Town;199;Boiler Town;1.000000;322;Variitia2
4839;Massif Roqual;308;Massif Roqual;1.000000;69;Bruvergne
4840;Massif Roqual;308;Massif Roqual;1.000000;69;Bruvergne
4841;Gtuntuh;847;Gtuntuh;1.000000;104;Teryakr
4842;Gtuntuh;847;Gtuntuh;1.000000;104;Teryakr
4843;Gtuntuh;847;Gtuntuh;1.000000;104;Teryakr
4844;Muffintilla;1193;Muffintilla;1.000000;375;Flusionea3
4845;Nòvbàrùs;793;Nòvbàrùs;1.000000;165;West Kapland
4846;Foresta Grande;816;Foresta Grande;1.000000;169;Procione Heartlands
4847;Foresta Grande;816;Foresta Grande;1.000000;169;Procione Heartlands
4848;Foresta Grande;816;Foresta Grande;1.000000;169;Procione Heartlands
4849;Foresta Grande;816;Foresta Grande;1.000000;169;Procione Heartlands
4850;Sedanne;296;Sedanne;1.000000;69;Bruvergne
4851;Sedanne;296;Sedanne;1.000000;69;Bruvergne
4852;Far South Macafia 15;1424;Far South Macafia 15;1.000000;63;Pegasia
4853;Bergtun;1100;Bergtun;1.000000;316;Greater Saru
4854;Bergtun;1100;Bergtun;1.000000;316;Greater Saru
4855;Churrilbao;1200;Churrilbao;0.996071;369;Spri9
4856;Churrilbao;1200;Churrilbao;1.000000;369;Spri9
4857;Churrilbao;1200;Churrilbao;1.000000;369;Spri9
4858;Pupalley;1135;Pupalley;1.000000;326;Formicidea4
4859;Buzzlyn;1140;Buzzlyn;1.000000;326;Formicidea4
4860;Buzzlyn;1140;Buzzlyn;1.000000;326;Formicidea4
4861;Buzzlyn;1140;Buzzlyn;1.000000;326;Formicidea4
4862;Pouldrezique;306;Pouldrezique;1.000000;71;Poitouamie
4863;Pouldrezique;306;Pouldrezique;1.000000;71;Poitouamie
4864;Massif Roqual;308;Massif Roqual;1.000000;69;Bruvergne
4865;Massif Roqual;308;Massif Roqual;1.000000;69;Bruvergne
4866;Far South Macafia 15;1424;Far South Macafia 15;1.000000;63;Pegasia
4867;Valledupèr;300;Valledupèr;1.000000;373;Flusionea1
4868;Valledupèr;300;Valledupèr;1.000000;373;Flusionea1
4869;Valledupèr;300;Valledupèr;1.000000;373;Flusionea1
4870;Valledupèr;300;Valledupèr;1.000000;373;Flusionea1
4871;Valledupèr;300;Valledupèr;1.000000;373;Flusionea1
4872;Valledupèr;300;Valledupèr;1.000000;373;Flusionea1
4873;Valledupèr;300;Valledupèr;1.000000;373;Flusionea1
4874;Sea Beach;167;Sea Beach;1.000000;321;Frusia2
4875;Franckfort;316;Franckfort;0.729272;72;Massif Roqual
4876;Franckfort;316;Franckfort;1.000000;72;Massif Roqual
4877;Aurleans;297;Aurleans;1.000000;68;Velardenne
4878;Aurleans;297;Aurleans;1.000000;68;Velardenne
4879;Lutécie;320;Lutécie;1.000000;64;Lutecie
4880;Dogeheit;312;Dogeheit;1.000000;391;Balreska
4881;Dogeheit;312;Dogeheit;1.000000;391;Balreska
4882;Dogeheit;312;Dogeheit;1.000000;391;Balreska
4883;Dogeheit;312;Dogeheit;1.000000;391;Balreska
4884;Dogeheit;312;Dogeheit;1.000000;391;Balreska
4885;Dogeheit;312;Dogeheit;1.000000;391;Balreska
4886;Frosov;504;Frosov;1.000000;319;Droogia3
4887;Pupalley;1135;Pupalley;1.000000;326;Formicidea4
4888;Pupalley;1135;Pupalley;1.000000;326;Formicidea4
4889;Pupalley;1135;Pupalley;1.000000;326;Formicidea4
4890;Pupalley;1135;Pupalley;1.000000;326;Formicidea4
4891;Pupalley;1135;Pupalley;1.000000;326;Formicidea4
4892;Staullparche;171;Staullparche;1.000000;366;Eulysses Plain
4893;Staullparche;171;Staullparche;1.000000;366;Eulysses Plain
4894;Staullparche;171;Staullparche;1.000000;366;Eulysses Plain
4895;Staullparche;171;Staullparche;1.000000;366;Eulysses Plain
4896;Staullparche;171;Staullparche;1.000000;366;Eulysses Plain
4897;Staullparche;171;Staullparche;1.000000;366;Eulysses Plain
4898;Lylle;740;Lylle;1.000000;61;Louquiobitumittie
4899;Buyrity;274;Buyrity;1.000000;35;Bryumen
4900;Buyrity;274;Buyrity;1.000000;35;Bryumen
4901;Buyrity;274;Buyrity;1.000000;35;Bryumen
4902;Pandezia;1376;Pandezia;1.000000;169;Procione Heartlands
4903;Pandezia;1376;Pandezia;1.000000;169;Procione Heartlands
4904;Pandezia;1376;Pandezia;1.000000;169;Procione Heartlands
4905;Foresta Grande;816;Foresta Grande;1.000000;169;Procione Heartlands
4906;Iron Match;1423;Iron Match;1.000000;63;Pegasia
4907;Silver-Match;313;Silver-Match;1.000000;63;Pegasia
4908;Silver-Match;313;Silver-Match;1.000000;63;Pegasia
4909;Central Kharna 8;1432;Central Kharna 8;1.000000;57;Goatlandia
4910;Central Kharna 8;1432;Central Kharna 8;1.000000;57;Goatlandia
4911;Bensonlak;1142;Bensonlak;1.000000;317;Droogia4
4912;Bensonlak;1142;Bensonlak;1.000000;317;Droogia4
4913;Bensonlak;1142;Bensonlak;1.000000;317;Droogia4
4914;Franckfort;316;Franckfort;1.000000;72;Massif Roqual
4915;Sedanne;296;Sedanne;1.000000;69;Bruvergne
4916;Solemom;284;Solemom;1.000000;369;Spri9
4917;Eulyssian Interfluve;1214;Eulyssian Interfluve;1.000000;362;Eulyssian Interfluve
4918;Eulyssian Interfluve;1214;Eulyssian Interfluve;1.000000;362;Eulyssian Interfluve
4919;Eulyssian Interfluve;1214;Eulyssian Interfluve;1.000000;362;Eulyssian Interfluve
4920;Eulyssian Interfluve;1214;Eulyssian Interfluve;0.836697;362;Eulyssian Interfluve
4921;Eulyssian Interfluve;1214;Eulyssian Interfluve;1.000000;362;Eulyssian Interfluve
4922;Saru;506;Saru;1.000000;316;Greater Saru
4923;Saru;506;Saru;1.000000;316;Greater Saru
4924;Saru;506;Saru;1.000000;316;Greater Saru
4925;Saru;506;Saru;1.000000;316;Greater Saru
4926;Lisbonbon;1178;Lisbonbon;1.000000;368;Spri8
4927;Lisbonbon;1178;Lisbonbon;1.000000;368;Spri8
4928;Lisbonbon;1178;Lisbonbon;1.000000;368;Spri8
4929;Lisbonbon;1178;Lisbonbon;1.000000;368;Spri8
4930;Lisbonbon;1178;Lisbonbon;1.000000;368;Spri8
4931;Ravenna;1355;Ravenna;1.000000;390;Novmere
4932;Ravenna;1355;Ravenna;1.000000;390;Novmere
4933;Ravenna;1355;Ravenna;1.000000;390;Novmere
4934;Ravenna;1355;Ravenna;1.000000;390;Novmere
4935;Ravenna;1355;Ravenna;1.000000;390;Novmere
4936;Near East Brewtun;1105;Near East Brewtun;0.941176;328;Macaquian Ridge
4937;Sea Beach;167;Sea Beach;1.000000;321;Frusia2
4938;Sea Beach;167;Sea Beach;1.000000;321;Frusia2
4939;Limasin;314;Limasin;1.000000;72;Massif Roqual
4940;Tartaryn;1431;Tartaryn;1.000000;57;Goatlandia
4941;Tartaryn;1431;Tartaryn;1.000000;57;Goatlandia
4942;Pandezia;1376;Pandezia;1.000000;169;Procione Heartlands
4943;Near East Brewtun;1105;Near East Brewtun;0.996672;328;Macaquian Ridge
4944;Near East Monke Slopes;305;Near East Monke Slopes;0.573141;328;Macaquian Ridge
4945;Near East Monke Slopes;305;Near East Monke Slopes;1.000000;328;Macaquian Ridge
4946;Eulyssian Interfluve;1214;Eulyssian Interfluve;1.000000;362;Eulyssian Interfluve
4947;Solemom;284;Solemom;1.000000;369;Spri9
4948;Solemom;284;Solemom;1.000000;369;Spri9
4949;Solemom;284;Solemom;1.000000;369;Spri9
4950;Solemom;284;Solemom;1.000000;369;Spri9
4951;Ravenna;1355;Ravenna;1.000000;390;Novmere
4952;Ravenna;1355;Ravenna;1.000000;390;Novmere
4953;West Sea Beach;1125;West Sea Beach;1.000000;211;Frusia
4954;Gtuntuh;847;Gtuntuh;1.000000;104;Teryakr
4955;Aderalum;250;Aderalum;1.000000;35;Bryumen
4956;Aderalum;250;Aderalum;1.000000;35;Bryumen
4957;Aderalum;250;Aderalum;1.000000;35;Bryumen
4958;Aderalum;250;Aderalum;1.000000;35;Bryumen
4959;Aderalum;250;Aderalum;1.000000;35;Bryumen
4960;Potro;1179;Potro;1.000000;368;Spri8
4961;Potro;1179;Potro;1.000000;368;Spri8
4962;Potro;1179;Potro;1.000000;368;Spri8
4963;Potro;1179;Potro;1.000000;368;Spri8
4964;Gallifly;1131;Gallifly;1.000000;249;Variitia
4965;Gallifly;1131;Gallifly;1.000000;249;Variitia
4966;Rodridough;1180;Rodridough;1.000000;368;Spri8
4967;Aderalum;250;Aderalum;1.000000;35;Bryumen
4968;Doughvila;288;Doughvila;1.000000;369;Spri9
4969;Doughvila;288;Doughvila;1.000000;369;Spri9
4970;Doughvila;288;Doughvila;1.000000;369;Spri9
4971;Doughvila;288;Doughvila;1.000000;369;Spri9
4972;Tartaryn;1431;Tartaryn;1.000000;57;Goatlandia
4973;Makaktun;1103;Makaktun;1.000000;316;Greater Saru
4974;Makaktun;1103;Makaktun;1.000000;316;Greater Saru
4975;West Sea Beach;1125;West Sea Beach;1.000000;211;Frusia
4976;West Sea Beach;1125;West Sea Beach;1.000000;211;Frusia
4977;West Sea Beach;1125;West Sea Beach;1.000000;211;Frusia
4978;West Sea Beach;1125;West Sea Beach;1.000000;211;Frusia
4979;Limasin;314;Limasin;1.000000;72;Massif Roqual
4980;Limasin;314;Limasin;1.000000;72;Massif Roqual
4981;Obscurie;319;Obscurie;1.000000;67;Obscurie
4982;Obscurie;319;Obscurie;1.000000;67;Obscurie
4983;Gtuntuh;847;Gtuntuh;1.000000;104;Teryakr
4984;Bocérie;307;Bocérie;1.000000;66;Bocerie
4985;Bocérie;307;Bocérie;1.000000;66;Bocerie
4986;Novenna;318;Novenna;1.000000;390;Novmere
4987;Makaktun;1103;Makaktun;1.000000;316;Greater Saru
4988;Makaktun;1103;Makaktun;1.000000;316;Greater Saru
4989;Makaktun;1103;Makaktun;1.000000;316;Greater Saru
4990;Les Mosges;1472;Les Mosges;0.997967;72;Massif Roqual
4991;Coquorèze;1434;Coquorèze;0.796512;67;Obscurie
4992;Les Mosges;1472;Les Mosges;1.000000;72;Massif Roqual
4993;Les Mosges;1472;Les Mosges;1.000000;72;Massif Roqual
4994;Vasiekoi;724;Vasiekoi;1.000000;67;Obscurie
4995;Vasiekoi;724;Vasiekoi;1.000000;67;Obscurie
4996;Cocopiegne;719;Cocopiegne;1.000000;64;Lutecie
4997;Aderalum;250;Aderalum;1.000000;35;Bryumen
4998;Hymnburg;1133;Hymnburg;1.000000;324;Formicidea2
4999;Hymnburg;1133;Hymnburg;1.000000;324;Formicidea2
5000;Hymnburg;1133;Hymnburg;1.000000;324;Formicidea2
5001;Hymnburg;1133;Hymnburg;1.000000;324;Formicidea2
5002;Hymnburg;1133;Hymnburg;1.000000;324;Formicidea2
5003;Hymnburg;1133;Hymnburg;1.000000;324;Formicidea2
5004;Hymnburg;1133;Hymnburg;1.000000;324;Formicidea2
5005;Calderi;1124;Calderi;1.000000;322;Variitia2
5006;Far South Macafia 15;1424;Far South Macafia 15;1.000000;63;Pegasia
5007;Novenna;318;Novenna;1.000000;390;Novmere
5008;Novenna;318;Novenna;1.000000;390;Novmere
5009;Sea Beach;167;Sea Beach;1.000000;321;Frusia2
5010;Iron Match;1423;Iron Match;0.733333;63;Pegasia
5011;Steaming Lake;1132;Steaming Lake;1.000000;322;Variitia2
5012;Steaming Lake;1132;Steaming Lake;1.000000;322;Variitia2
5013;Steaming Lake;1132;Steaming Lake;1.000000;322;Variitia2
5014;Steaming Lake;1132;Steaming Lake;1.000000;322;Variitia2
5015;Steaming Lake;1132;Steaming Lake;1.000000;322;Variitia2
5016;Steaming Lake;1132;Steaming Lake;1.000000;322;Variitia2
5017;Bocérie;307;Bocérie;1.000000;66;Bocerie
5018;Buyrity;274;Buyrity;1.000000;35;Bryumen
5019;Buyrity;274;Buyrity;1.000000;35;Bryumen
5020;Lisbonbon;1178;Lisbonbon;1.000000;368;Spri8
5021;Lisbonbon;1178;Lisbonbon;1.000000;368;Spri8
5022;Katernkanta;848;Katernkanta;0.502959;119;Brekarya
5023;Katernkanta;848;Katernkanta;1.000000;119;Brekarya
5024;Katernkanta;848;Katernkanta;0.983824;119;Brekarya
5025;Castellaquercia;815;Castellaquercia;1.000000;169;Procione Heartlands
5026;Brewtun;154;Brewtun;0.998155;244;Fishtun
5027;East Brewtun;1141;East Brewtun;1.000000;325;Formicidea3
5028;East Brewtun;1141;East Brewtun;1.000000;325;Formicidea3
5029;East Brewtun;1141;East Brewtun;1.000000;325;Formicidea3
5030;East Brewtun;1141;East Brewtun;1.000000;325;Formicidea3
5031;Qualicie;739;Qualicie;1.000000;66;Bocerie
5032;Qualicie;739;Qualicie;1.000000;66;Bocerie
5033;Qualicie;739;Qualicie;1.000000;66;Bocerie
5034;Qualicie;739;Qualicie;1.000000;66;Bocerie
5035;Central Kharna 8;1432;Central Kharna 8;1.000000;57;Goatlandia
5036;Ravenna;1355;Ravenna;1.000000;390;Novmere
5037;Bostroolia;1102;Bostroolia;0.808333;316;Greater Saru
5038;Bostroolia;1102;Bostroolia;1.000000;316;Greater Saru
5039;Bostroolia;1102;Bostroolia;1.000000;316;Greater Saru
5040;Bostroolia;1102;Bostroolia;1.000000;316;Greater Saru
5041;Bostroolia;1102;Bostroolia;1.000000;316;Greater Saru
5042;Bostroolia;1102;Bostroolia;1.000000;316;Greater Saru
5043;Ucétie;741;Ucétie;1.000000;65;Midi-Sunazure
5044;Churrilbao;1200;Churrilbao;1.000000;369;Spri9
5045;Buzzlyn;1140;Buzzlyn;1.000000;326;Formicidea4
5046;Lugédunume;1474;Lugédunume;1.000000;65;Midi-Sunazure
5047;Silver-Match;313;Silver-Match;1.000000;63;Pegasia
5048;Central Kharna 8;1432;Central Kharna 8;0.576471;57;Goatlandia
5049;Near East Brewtun;1105;Near East Brewtun;0.949219;328;Macaquian Ridge
5050;Near East Monke Slopes;305;Near East Monke Slopes;0.883139;328;Macaquian Ridge
5051;Near East Monke Slopes;305;Near East Monke Slopes;1.000000;328;Macaquian Ridge
5052;North Plaz;163;North Plaz;1.000000;326;Formicidea4
5053;North Plaz;163;North Plaz;1.000000;326;Formicidea4
5054;North Plaz;163;North Plaz;1.000000;326;Formicidea4
5055;North Plaz;163;North Plaz;1.000000;326;Formicidea4
5056;North Plaz;163;North Plaz;1.000000;326;Formicidea4
5057;Fossemontre;733;Fossemontre;1.000000;73;Animequitaine
5058;Fossemontre;733;Fossemontre;1.000000;73;Animequitaine
5059;Fossemontre;733;Fossemontre;1.000000;73;Animequitaine
5060;Obscurie;319;Obscurie;1.000000;67;Obscurie
5061;Obscurie;319;Obscurie;1.000000;67;Obscurie
5062;Obscurie;319;Obscurie;1.000000;67;Obscurie
5063;Illiberie;723;Illiberie;1.000000;66;Bocerie
5064;Vasiekoi;724;Vasiekoi;1.000000;67;Obscurie
5065;Tartaryn;228;Tartaryn;1.000000;57;Goatlandia
5066;Tartaryn;1431;Tartaryn;1.000000;57;Goatlandia
5067;Goaghan Mountains;264;Goaghan Mountains;1.000000;57;Goatlandia
5068;Steaming Lake;1132;Steaming Lake;1.000000;322;Variitia2
5069;N. Arivoejan Mountains;883;N. Arivoejan Mountains;1.000000;161;Arivoejan Mountains
5070;Qualicie;739;Qualicie;1.000000;66;Bocerie
5071;Areline;1473;Areline;1.000000;65;Midi-Sunazure
5072;Areline;1473;Areline;1.000000;65;Midi-Sunazure
5073;Iron Match;1423;Iron Match;0.609589;63;Pegasia
5074;Northern Solity;327;Northern Solity;1.000000;56;Solaria
5075;Northern Solity;327;Northern Solity;1.000000;56;Solaria
5076;Liliastar;317;Liliastar;1.000000;119;Brekarya
5077;Brekarya;289;Brekarya;1.000000;119;Brekarya
5078;East Dourouhtei;1209;East Dourouhtei;1.000000;373;Flusionea1
5079;Zharr Station;322;Zharr Station;1.000000;373;Flusionea1
5080;Zharr Station;322;Zharr Station;1.000000;373;Flusionea1
5081;West Sea Beach;1125;West Sea Beach;1.000000;211;Frusia
5082;Oueston;732;Oueston;1.000000;75;Teksasse
5083;Oueston;732;Oueston;1.000000;75;Teksasse
5084;Oueston;732;Oueston;0.710204;75;Teksasse
5085;Northern Solakean Strait;334;Northern Solakean Strait;0.684874;75;Teksasse
5086;Lugédunume;1474;Lugédunume;0.997854;65;Midi-Sunazure
5087;Lugédunume;1474;Lugédunume;1.000000;65;Midi-Sunazure
5088;Midi-Vidanie;325;Midi-Vidanie;1.000000;59;Midi-Vidanie
5089;Midi-Vidanie;325;Midi-Vidanie;1.000000;59;Midi-Vidanie
5090;Potro;1179;Potro;1.000000;368;Spri8
5091;Potro;1179;Potro;0.754310;368;Spri8
5092;Staullparche;171;Staullparche;1.000000;366;Eulysses Plain
5093;Dogeheit Mountains;886;Dogeheit Mountains;0.870637;391;Balreska
5094;Kàpabùn;398;Kàpabùn;1.000000;161;Arivoejan Mountains
5095;Kàpabùn;398;Kàpabùn;1.000000;161;Arivoejan Mountains
5096;Kàpabùn;398;Kàpabùn;1.000000;161;Arivoejan Mountains
5097;Kàpabùn;398;Kàpabùn;1.000000;161;Arivoejan Mountains
5098;Brewtun;154;Brewtun;1.000000;244;Fishtun
5099;Brewtun;154;Brewtun;1.000000;244;Fishtun
5100;Brewtun;154;Brewtun;1.000000;244;Fishtun
5101;Genièvre;332;Genièvre;1.000000;72;Massif Roqual
5102;Coquorèze;1434;Coquorèze;1.000000;67;Obscurie
5103;Coquorèze;1434;Coquorèze;1.000000;67;Obscurie
5104;Doughvila;288;Doughvila;1.000000;369;Spri9
5105;Novenna;318;Novenna;1.000000;390;Novmere
5106;Novenna;318;Novenna;1.000000;390;Novmere
5107;Novenna;318;Novenna;1.000000;390;Novmere
5108;Novenna;318;Novenna;1.000000;390;Novmere
5109;Racogna;1377;Racogna;1.000000;169;Procione Heartlands
5110;Steaming Lake;1132;Steaming Lake;1.000000;322;Variitia2
5111;Steaming Lake;1132;Steaming Lake;1.000000;322;Variitia2
5112;Liliastar;317;Liliastar;1.000000;119;Brekarya
5113;Liliastar;317;Liliastar;1.000000;119;Brekarya
5114;Limasin;314;Limasin;1.000000;72;Massif Roqual
5115;Pandezia;1376;Pandezia;1.000000;169;Procione Heartlands
5116;Pérolville;1421;Pérolville;1.000000;59;Midi-Vidanie
5117;Pérolville;1421;Pérolville;0.723790;59;Midi-Vidanie
5118;Tartaryn;228;Tartaryn;1.000000;57;Goatlandia
5119;Rodridough;1180;Rodridough;1.000000;368;Spri8
5120;Rodridough;1180;Rodridough;1.000000;368;Spri8
5121;Rodridough;1180;Rodridough;1.000000;368;Spri8
5122;Rodridough;1180;Rodridough;1.000000;368;Spri8
5123;East Brewtun;1141;East Brewtun;1.000000;325;Formicidea3
5124;East Brewtun;1141;East Brewtun;1.000000;325;Formicidea3
5125;Upper Ganymeda;819;Upper Ganymeda;1.000000;56;Solaria
5126;Upper Ganymeda;819;Upper Ganymeda;1.000000;56;Solaria
5127;Upper Ganymeda;819;Upper Ganymeda;1.000000;56;Solaria
5128;Sagespire;822;Sagespire;1.000000;57;Goatlandia
5129;Sagespire;822;Sagespire;1.000000;57;Goatlandia
5130;Sagespire;822;Sagespire;0.838124;57;Goatlandia
5131;Sagespire;822;Sagespire;1.000000;57;Goatlandia
5132;Aderalum;250;Aderalum;1.000000;35;Bryumen
5133;Doughnada;1183;Doughnada;1.000000;372;Spri12
5134;Doughnada;1183;Doughnada;1.000000;372;Spri12
5135;Doughnada;1183;Doughnada;1.000000;372;Spri12
5136;Balreska;315;Balreska;1.000000;391;Balreska
5137;Balreska;315;Balreska;1.000000;391;Balreska
5138;Balreska;315;Balreska;1.000000;391;Balreska
5139;Balreska;315;Balreska;1.000000;391;Balreska
5140;West Sea Beach;1125;West Sea Beach;1.000000;211;Frusia
5141;Illiberie;723;Illiberie;1.000000;66;Bocerie
5142;Zharr Station;322;Zharr Station;1.000000;373;Flusionea1
5143;Zharr Station;322;Zharr Station;1.000000;373;Flusionea1
5144;Zharr Station;322;Zharr Station;1.000000;373;Flusionea1
5145;Kàpagroek;794;Kàpagroek;1.000000;161;Arivoejan Mountains
5146;Kàpagroek;794;Kàpagroek;1.000000;161;Arivoejan Mountains
5147;Kàpagroek;794;Kàpagroek;1.000000;161;Arivoejan Mountains
5148;Kàpagroek;794;Kàpagroek;1.000000;161;Arivoejan Mountains
5149;Northern Pyrrhus;1560;Northern Pyrrhus;0.932099;63;Pegasia
5150;Northern Pyrrhus;1560;Northern Pyrrhus;0.908197;63;Pegasia
5151;Ostpir;1562;Ostpir;0.974441;56;Solaria
5152;Ostpir;1562;Ostpir;0.985130;56;Solaria
5153;Inner Solity;328;Inner Solity;1.000000;56;Solaria
5154;Inner Solity;328;Inner Solity;1.000000;56;Solaria
5155;Inner Solity;328;Inner Solity;1.000000;56;Solaria
5156;Eastern Novari;1354;Eastern Novari;1.000000;390;Novmere
5157;Eastern Novari;1354;Eastern Novari;1.000000;390;Novmere
5158;Eastern Novari;1354;Eastern Novari;1.000000;390;Novmere
5159;Novastaati;330;Novastaati;1.000000;161;Arivoejan Mountains
5160;Novastaati;330;Novastaati;1.000000;161;Arivoejan Mountains
5161;Brongon Gede;851;Brongon Gede;1.000000;35;Bryumen
5162;Racogna;1377;Racogna;1.000000;169;Procione Heartlands
5163;Racogna;1377;Racogna;1.000000;169;Procione Heartlands
5164;Pupalley;1135;Pupalley;1.000000;326;Formicidea4
5165;Fossemontre;733;Fossemontre;1.000000;73;Animequitaine
5166;Fossemontre;733;Fossemontre;1.000000;73;Animequitaine
5167;Fossemontre;733;Fossemontre;1.000000;73;Animequitaine
5168;Illiberie;723;Illiberie;1.000000;66;Bocerie
5169;Midi-Viennadie;722;Midi-Viennadie;1.000000;59;Midi-Vidanie
5170;Midi-Viennadie;722;Midi-Viennadie;1.000000;59;Midi-Vidanie
5171;Castellaquercia;815;Castellaquercia;1.000000;169;Procione Heartlands
5172;Castellaquercia;815;Castellaquercia;1.000000;169;Procione Heartlands
5173;Castellaquercia;815;Castellaquercia;1.000000;169;Procione Heartlands
5174;Ville-Bruand;1471;Ville-Bruand;1.000000;73;Animequitaine
5175;Ville-Bruand;1471;Ville-Bruand;1.000000;73;Animequitaine
5176;Churrilbao;1200;Churrilbao;1.000000;369;Spri9
5177;Filosimpàra;792;Filosimpàra;1.000000;161;Arivoejan Mountains
5178;Filosimpàra;792;Filosimpàra;1.000000;161;Arivoejan Mountains
5179;Filosimpàra;792;Filosimpàra;1.000000;161;Arivoejan Mountains
5180;Racogna;1377;Racogna;1.000000;169;Procione Heartlands
5181;Oogia;331;Oogia;1.000000;144;Triplet Bay
5182;Bocérie;307;Bocérie;1.000000;66;Bocerie
5183;Ucétie;741;Ucétie;1.000000;65;Midi-Sunazure
5184;Ucétie;741;Ucétie;1.000000;65;Midi-Sunazure
5185;Calder Coasts;1130;Calder Coasts;1.000000;250;Frusian Savannah
5186;Calder Coasts;1130;Calder Coasts;1.000000;250;Frusian Savannah
5187;Vasiekoi;724;Vasiekoi;1.000000;67;Obscurie
5188;Vasiekoi;724;Vasiekoi;1.000000;67;Obscurie
5189;Bande du Midi;1422;Bande du Midi;0.760125;59;Midi-Vidanie
5190;Goaghan Steppes;311;Goaghan Steppes;1.000000;57;Goatlandia
5191;Goaghan Steppes;311;Goaghan Steppes;1.000000;57;Goatlandia
5192;Eastern Novari;1354;Eastern Novari;1.000000;390;Novmere
5193;Eastern Novari;1354;Eastern Novari;1.000000;390;Novmere
5194;Eastern Novari;1354;Eastern Novari;1.000000;390;Novmere
5195;Eastern Novari;1354;Eastern Novari;1.000000;390;Novmere
5196;Genièvre;332;Genièvre;1.000000;72;Massif Roqual
5197;Genièvre;332;Genièvre;1.000000;72;Massif Roqual
5198;Genièvre;332;Genièvre;1.000000;72;Massif Roqual
5199;Midi-Vidanie;325;Midi-Vidanie;0.679537;59;Midi-Vidanie
5200;Midi-Vidanie;325;Midi-Vidanie;1.000000;59;Midi-Vidanie
5201;Areline;1473;Areline;1.000000;65;Midi-Sunazure
5202;Saru;506;Saru;1.000000;316;Greater Saru
5203;Doughnada;1183;Doughnada;1.000000;372;Spri12
5204;Doughnada;1183;Doughnada;1.000000;372;Spri12
5205;Doughnada;1183;Doughnada;0.997024;372;Spri12
5206;Doughnada;1183;Doughnada;1.000000;372;Spri12
5207;Doughnada;1183;Doughnada;0.995074;372;Spri12
5208;Doughnada;1183;Doughnada;1.000000;372;Spri12
5209;Pandezia;1376;Pandezia;1.000000;169;Procione Heartlands
5210;East Dourouhtei;1209;East Dourouhtei;1.000000;373;Flusionea1
5211;East Dourouhtei;1209;East Dourouhtei;0.997238;373;Flusionea1
5212;Dazhungli;1177;Dazhungli;1.000000;363;Spri3
5213;Novastaati;330;Novastaati;1.000000;161;Arivoejan Mountains
5214;Novastaati;330;Novastaati;1.000000;161;Arivoejan Mountains
5215;Costadipesci;808;Costadipesci;1.000000;169;Procione Heartlands
5216;Calder Coasts;1130;Calder Coasts;1.000000;250;Frusian Savannah
5217;Calder Coasts;1130;Calder Coasts;1.000000;250;Frusian Savannah
5218;Calder Coasts;1130;Calder Coasts;1.000000;250;Frusian Savannah
5219;Calder Coasts;1130;Calder Coasts;1.000000;250;Frusian Savannah
5220;Bordeleau;731;Bordeleau;1.000000;73;Animequitaine
5221;Bordeleau;731;Bordeleau;1.000000;73;Animequitaine
5222;Bordeleau;731;Bordeleau;1.000000;73;Animequitaine
5223;Bordeleau;731;Bordeleau;1.000000;73;Animequitaine
5224;Areline;1473;Areline;1.000000;65;Midi-Sunazure
5225;Marossqenardhu;1364;Marossqenardhu;1.000000;363;Spri3
5226;Marossqenardhu;1364;Marossqenardhu;1.000000;363;Spri3
5227;Marossqenardhu;1364;Marossqenardhu;1.000000;363;Spri3
5228;Marossqenardhu;1364;Marossqenardhu;1.000000;363;Spri3
5229;Ucétie;741;Ucétie;1.000000;65;Midi-Sunazure
5230;Illiberie;723;Illiberie;1.000000;66;Bocerie
5231;San Foglia;807;San Foglia;1.000000;169;Procione Heartlands
5232;San Foglia;807;San Foglia;1.000000;169;Procione Heartlands
5233;San Foglia;807;San Foglia;1.000000;169;Procione Heartlands
5234;San Foglia;807;San Foglia;1.000000;169;Procione Heartlands
5235;Calder Coasts;1130;Calder Coasts;1.000000;250;Frusian Savannah
5236;Goaghan Mountains;264;Goaghan Mountains;1.000000;57;Goatlandia
5237;Goaghan Mountains;264;Goaghan Mountains;1.000000;57;Goatlandia
5238;Liliastar;317;Liliastar;1.000000;119;Brekarya
5239;Ville-Bruand;1471;Ville-Bruand;0.828125;73;Animequitaine
5240;Roquitz;1470;Roquitz;1.000000;73;Animequitaine
5241;Sagespire;822;Sagespire;1.000000;57;Goatlandia
5242;Doughvila;288;Doughvila;1.000000;369;Spri9
5243;Doughvila;288;Doughvila;1.000000;369;Spri9
5244;Far East Monke Slopes 4;310;Far East Monke Slopes 4;1.000000;325;Formicidea3
5245;Far East Monke Slopes 4;310;Far East Monke Slopes 4;1.000000;325;Formicidea3
5246;Far East Monke Slopes 4;310;Far East Monke Slopes 4;1.000000;325;Formicidea3
5247;Far East Monke Slopes 4;310;Far East Monke Slopes 4;1.000000;325;Formicidea3
5248;Far East Monke Slopes 4;310;Far East Monke Slopes 4;1.000000;325;Formicidea3
5249;Far East Monke Slopes 4;310;Far East Monke Slopes 4;1.000000;325;Formicidea3
5250;Far East Monke Slopes 4;310;Far East Monke Slopes 4;1.000000;325;Formicidea3
5251;Goaghan Steppes;311;Goaghan Steppes;1.000000;57;Goatlandia
5252;Goaghan Steppes;311;Goaghan Steppes;1.000000;57;Goatlandia
5253;Goaghan Steppes;311;Goaghan Steppes;1.000000;57;Goatlandia
5254;Zharr Station;322;Zharr Station;1.000000;373;Flusionea1
5255;Pérolville;1421;Pérolville;0.962264;59;Midi-Vidanie
5256;Bande du Midi;1422;Bande du Midi;1.000000;59;Midi-Vidanie
5257;Midi-Vidanie;325;Midi-Vidanie;1.000000;59;Midi-Vidanie
5258;Liliastar;317;Liliastar;1.000000;119;Brekarya
5259;Dazhungli;1177;Dazhungli;1.000000;363;Spri3
5260;Novari;329;Novari;1.000000;158;Novhurst
5261;Teksasse;323;Teksasse;1.000000;75;Teksasse
5262;Teksasse;323;Teksasse;1.000000;75;Teksasse
5263;Kaillen;735;Kaillen;1.000000;67;Obscurie
5264;Midi-Viennadie;722;Midi-Viennadie;1.000000;59;Midi-Vidanie
5265;Pyrrhus;821;Pyrrhus;0.997076;56;Solaria
5266;Greater Solity;820;Greater Solity;0.974855;56;Solaria
5267;Greater Solity;820;Greater Solity;1.000000;56;Solaria
5268;Greater Solity;820;Greater Solity;1.000000;56;Solaria
5269;Brongon Gede;851;Brongon Gede;1.000000;35;Bryumen
5270;Hymnburg;1133;Hymnburg;1.000000;324;Formicidea2
5271;Kaillen;735;Kaillen;1.000000;67;Obscurie
5272;Kaillen;735;Kaillen;1.000000;67;Obscurie
5273;Illiberie;723;Illiberie;1.000000;66;Bocerie
5274;Tartaryn;228;Tartaryn;1.000000;57;Goatlandia
5275;Grünfeld;302;Grünfeld;0.817579;206;Purrhelmshaven
5276;Grünfeld;302;Grünfeld;0.979452;206;Purrhelmshaven
5277;Grünfeld;302;Grünfeld;1.000000;206;Purrhelmshaven
5278;Imakani;852;Imakani;1.000000;35;Bryumen
5279;Imakani;852;Imakani;1.000000;35;Bryumen
5280;Imakani;852;Imakani;1.000000;35;Bryumen
5281;Imakani;852;Imakani;1.000000;35;Bryumen
5282;Ballens;1170;Ballens;1.000000;361;Ballens
5283;Ballens;1170;Ballens;1.000000;361;Ballens
5284;Ballens;1170;Ballens;1.000000;361;Ballens
5285;Ballens;1170;Ballens;1.000000;361;Ballens
5286;Ballens;1170;Ballens;1.000000;361;Ballens
5287;Ballens;1170;Ballens;1.000000;361;Ballens
5288;Ballens;1170;Ballens;1.000000;361;Ballens
5289;Ballens;1170;Ballens;1.000000;361;Ballens
5290;Ballens;1170;Ballens;1.000000;361;Ballens
5291;Pagen;734;Pagen;1.000000;73;Animequitaine
5292;Brongon Gede;851;Brongon Gede;1.000000;35;Bryumen
5293;Brongon Gede;851;Brongon Gede;1.000000;35;Bryumen
5294;Distretto Montano;1370;Distretto Montano;1.000000;161;Arivoejan Mountains
5295;Costadipesci;808;Costadipesci;1.000000;169;Procione Heartlands
5296;Costadipesci;808;Costadipesci;1.000000;169;Procione Heartlands
5297;Costadipesci;808;Costadipesci;1.000000;169;Procione Heartlands
5298;Costadipesci;808;Costadipesci;1.000000;169;Procione Heartlands
5299;Bostroolia;1102;Bostroolia;1.000000;316;Greater Saru
5300;Oueston;732;Oueston;1.000000;75;Teksasse
5301;Ganymeda;271;Ganymeda;1.000000;56;Solaria
5302;Ganymeda;271;Ganymeda;1.000000;56;Solaria
5303;Preballens;1176;Preballens;1.000000;361;Ballens
5304;Preballens;1176;Preballens;1.000000;361;Ballens
5305;Preballens;1176;Preballens;1.000000;361;Ballens
5306;Castellaquercia;815;Castellaquercia;1.000000;169;Procione Heartlands
5307;Calder Coasts;1130;Calder Coasts;1.000000;250;Frusian Savannah
5308;Calder Coasts;1130;Calder Coasts;1.000000;250;Frusian Savannah
5309;Calder Coasts;1130;Calder Coasts;1.000000;250;Frusian Savannah
5310;Vasiekoi;724;Vasiekoi;1.000000;67;Obscurie
5311;Midi-Sunazure;303;Midi-Sunazure;1.000000;65;Midi-Sunazure
5312;Midi-Sunazure;303;Midi-Sunazure;1.000000;65;Midi-Sunazure
5313;Midi-Sunazure;303;Midi-Sunazure;0.997680;65;Midi-Sunazure
5314;East Dourouhtei;1209;East Dourouhtei;1.000000;373;Flusionea1
5315;Dazhungli;1177;Dazhungli;1.000000;363;Spri3
5316;Dazhungli;1177;Dazhungli;1.000000;363;Spri3
5317;Dazhungli;1177;Dazhungli;1.000000;363;Spri3
5318;Dazhungli;1177;Dazhungli;1.000000;363;Spri3
5319;Dazhungli;1177;Dazhungli;1.000000;363;Spri3
5320;Preballens;1176;Preballens;1.000000;361;Ballens
5321;Kàpabùn;398;Kàpabùn;0.652968;161;Arivoejan Mountains
5322;Pagen;734;Pagen;1.000000;73;Animequitaine
5323;Pagen;734;Pagen;0.960880;73;Animequitaine
5324;Pérolville;1421;Pérolville;1.000000;59;Midi-Vidanie
5325;Novari;329;Novari;1.000000;158;Novhurst
5326;Novari;329;Novari;1.000000;158;Novhurst
5327;Novari;329;Novari;1.000000;158;Novhurst
5328;Filosimpàra;792;Filosimpàra;1.000000;161;Arivoejan Mountains
5329;Great Hill;181;Great Hill;1.000000;247;Formicidea
5330;Animéquitaine;321;Animéquitaine;1.000000;73;Animequitaine
5331;Makaktun;1103;Makaktun;1.000000;316;Greater Saru
5332;Midi-Viennadie;722;Midi-Viennadie;1.000000;59;Midi-Vidanie
5333;Midi-Viennadie;722;Midi-Viennadie;1.000000;59;Midi-Vidanie
5334;Bordeleau;731;Bordeleau;1.000000;73;Animequitaine
5335;Bordeleau;731;Bordeleau;1.000000;73;Animequitaine
5336;Felinensee;333;Felinensee;1.000000;206;Purrhelmshaven
5337;Felinensee;333;Felinensee;1.000000;206;Purrhelmshaven
5338;Sebowlia 2;1191;Sebowlia 2;1.000000;365;Spri5
5339;Sebowlia 2;1191;Sebowlia 2;0.610345;365;Spri5
5340;Sebowlia 2;1191;Sebowlia 2;1.000000;365;Spri5
5341;Sebowlia 2;1191;Sebowlia 2;1.000000;365;Spri5
5342;Novmere;1356;Novmere;1.000000;158;Novhurst
5343;Novmere;1356;Novmere;1.000000;158;Novhurst
5344;Novmere;1356;Novmere;1.000000;158;Novhurst
5345;Novmere;1356;Novmere;1.000000;158;Novhurst
5346;Teksasse;323;Teksasse;1.000000;75;Teksasse
5347;Bocerie du Sud;840;Bocerie du Sud;1.000000;76;Alkroan Peninsula
5348;Smurden;337;Smurden;1.000000;100;Tenetianen
5349;Smurden;337;Smurden;1.000000;100;Tenetianen
5350;Smurden;337;Smurden;0.791209;100;Tenetianen
5351;Smurden;337;Smurden;1.000000;100;Tenetianen
5352;New Basni;1207;New Basni;1.000000;373;Flusionea1
5353;Novastaati;330;Novastaati;1.000000;161;Arivoejan Mountains
5354;Novastaati;330;Novastaati;1.000000;161;Arivoejan Mountains
5355;Platlan Highlands;887;Platlan Highlands;0.774112;161;Arivoejan Mountains
5356;Platlan Highlands;887;Platlan Highlands;0.517544;161;Arivoejan Mountains
5357;Heldford;809;Heldford;1.000000;161;Arivoejan Mountains
5358;Heldford;809;Heldford;1.000000;161;Arivoejan Mountains
5359;Heldford;809;Heldford;1.000000;161;Arivoejan Mountains
5360;North Plaz;163;North Plaz;1.000000;326;Formicidea4
5361;West Great Hill;1139;West Great Hill;1.000000;324;Formicidea2
5362;Southern Chok;277;Southern Chok;1.000000;57;Goatlandia
5363;Monke Slopes;1101;Monke Slopes;1.000000;244;Fishtun
5364;Monke Slopes;1101;Monke Slopes;1.000000;244;Fishtun
5365;Monke Slopes;1101;Monke Slopes;1.000000;244;Fishtun
5366;Monke Slopes;1101;Monke Slopes;1.000000;244;Fishtun
5367;Monke Slopes;1101;Monke Slopes;1.000000;244;Fishtun
5368;Monke Slopes;1101;Monke Slopes;1.000000;244;Fishtun
5369;West Great Hill;1139;West Great Hill;1.000000;324;Formicidea2
5370;West Great Hill;1139;West Great Hill;1.000000;324;Formicidea2
5371;West Great Hill;1139;West Great Hill;1.000000;324;Formicidea2
5372;West Great Hill;1139;West Great Hill;1.000000;324;Formicidea2
5373;Calder Coasts;1130;Calder Coasts;1.000000;250;Frusian Savannah
5374;Calder Coasts;1130;Calder Coasts;1.000000;250;Frusian Savannah
5375;Khatshaeta;267;Khatshaeta;1.000000;57;Goatlandia
5376;Balreska;315;Balreska;1.000000;391;Balreska
5377;Balreska;315;Balreska;1.000000;391;Balreska
5378;Novastaati;330;Novastaati;1.000000;161;Arivoejan Mountains
5379;Novastaati;330;Novastaati;1.000000;161;Arivoejan Mountains
5380;E. Arivoejan Mountains;884;E. Arivoejan Mountains;1.000000;161;Arivoejan Mountains
5381;E. Arivoejan Mountains;884;E. Arivoejan Mountains;1.000000;161;Arivoejan Mountains
5382;Great Hill;181;Great Hill;1.000000;247;Formicidea
5383;Great Hill;181;Great Hill;1.000000;247;Formicidea
5384;Great Hill;181;Great Hill;1.000000;247;Formicidea
5385;Great Hill;181;Great Hill;1.000000;247;Formicidea
5386;Great Hill;181;Great Hill;1.000000;247;Formicidea
5387;Great Hill;181;Great Hill;1.000000;247;Formicidea
5388;Great Hill;181;Great Hill;1.000000;247;Formicidea
5389;Great Hill;181;Great Hill;1.000000;247;Formicidea
5390;Burgeros;1202;Burgeros;1.000000;365;Spri5
5391;Novmere;1356;Novmere;1.000000;158;Novhurst
5392;Novari;329;Novari;1.000000;158;Novhurst
5393;Tartaryn;228;Tartaryn;1.000000;57;Goatlandia
5394;Izwivin;341;Izwivin;1.000000;105;Mount Izwae
5395;Izwivin;341;Izwivin;0.820189;105;Mount Izwae
5396;Zarbin;972;Zarbin;0.537849;105;Mount Izwae
5397;Zarbin;972;Zarbin;1.000000;105;Mount Izwae
5398;Marossqenardhu;1364;Marossqenardhu;1.000000;363;Spri3
5399;Distretto Montano;1370;Distretto Montano;0.997753;161;Arivoejan Mountains
5400;Distretto Montano;1370;Distretto Montano;1.000000;161;Arivoejan Mountains
5401;East Brewtun;1141;East Brewtun;1.000000;325;Formicidea3
5402;Far East Monke Slopes 4;310;Far East Monke Slopes 4;1.000000;325;Formicidea3
5403;Chok;823;Chok;1.000000;57;Goatlandia
5404;New Kumakh;1208;New Kumakh;1.000000;371;Spri11
5405;New Kumakh;1208;New Kumakh;1.000000;371;Spri11
5406;New Kumakh;1208;New Kumakh;1.000000;371;Spri11
5407;New Kumakh;1208;New Kumakh;1.000000;371;Spri11
5408;New Kumakh;1208;New Kumakh;1.000000;371;Spri11
5409;New Basni;1207;New Basni;1.000000;373;Flusionea1
5410;New Basni;1207;New Basni;1.000000;373;Flusionea1
5411;New Basni;1207;New Basni;1.000000;373;Flusionea1
5412;Sebowlia 2;1191;Sebowlia 2;1.000000;365;Spri5
5413;Battlebuns Frontier;339;Battlebuns Frontier;1.000000;96;Battlebuns Frontier
5414;Battlebuns Frontier;339;Battlebuns Frontier;1.000000;96;Battlebuns Frontier
5415;Battlebuns Frontier;339;Battlebuns Frontier;1.000000;96;Battlebuns Frontier
5416;Bordeleau;731;Bordeleau;1.000000;73;Animequitaine
5417;Die;340;Die;1.000000;74;Takicardie
5418;New Basni;1207;New Basni;1.000000;373;Flusionea1
5419;Pagen;734;Pagen;1.000000;73;Animequitaine
5420;Southern Chok;277;Southern Chok;1.000000;57;Goatlandia
5421;Aricrest;335;Aricrest;1.000000;161;Arivoejan Mountains
5422;Near West Great Hill;1134;Near West Great Hill;1.000000;324;Formicidea2
5423;Near West Great Hill;1134;Near West Great Hill;1.000000;324;Formicidea2
5424;Near West Great Hill;1134;Near West Great Hill;1.000000;324;Formicidea2
5425;Near West Great Hill;1134;Near West Great Hill;1.000000;324;Formicidea2
5426;Near West Great Hill;1134;Near West Great Hill;1.000000;324;Formicidea2
5427;Teksasse;323;Teksasse;1.000000;75;Teksasse
5428;Teksasse;323;Teksasse;1.000000;75;Teksasse
5429;Teksasse;323;Teksasse;1.000000;75;Teksasse
5430;Midi-Viennadie;722;Midi-Viennadie;1.000000;59;Midi-Vidanie
5431;Ganymeda;271;Ganymeda;1.000000;56;Solaria
5432;Bunfast;776;Bunfast;1.000000;96;Battlebuns Frontier
5433;Bunfast;776;Bunfast;1.000000;96;Battlebuns Frontier
5434;Die;340;Die;1.000000;74;Takicardie
5435;Ehw Fauah;1182;Ehw Fauah;1.000000;363;Spri3
5436;Ehw Fauah;1182;Ehw Fauah;1.000000;363;Spri3
5437;Ehw Fauah;1182;Ehw Fauah;1.000000;363;Spri3
5438;Die;340;Die;1.000000;74;Takicardie
5439;Bocerie du Sud;840;Bocerie du Sud;1.000000;76;Alkroan Peninsula
5440;Bocerie du Sud;840;Bocerie du Sud;1.000000;76;Alkroan Peninsula
5441;Sabadeirado;1203;Sabadeirado;0.994751;371;Spri11
5442;Sabadeirado;1203;Sabadeirado;1.000000;371;Spri11
5443;Bunfast;776;Bunfast;1.000000;96;Battlebuns Frontier
5444;Bunfast;776;Bunfast;1.000000;96;Battlebuns Frontier
5445;Bunfast;776;Bunfast;1.000000;96;Battlebuns Frontier
5446;Southern Solakean Strait;343;Southern Solakean Strait;1.000000;96;Battlebuns Frontier
5447;Nordbun;777;Nordbun;1.000000;96;Battlebuns Frontier
5448;Rodridough;1180;Rodridough;1.000000;368;Spri8
5449;Albathorn;338;Albathorn;1.000000;161;Arivoejan Mountains
5450;Albathorn;338;Albathorn;1.000000;161;Arivoejan Mountains
5451;Albathorn;338;Albathorn;1.000000;161;Arivoejan Mountains
5452;Greater Thamplatin Area;371;Greater Thamplatin Area;1.000000;161;Arivoejan Mountains
5453;Greater Thamplatin Area;371;Greater Thamplatin Area;1.000000;161;Arivoejan Mountains
5454;Greater Thamplatin Area;371;Greater Thamplatin Area;1.000000;161;Arivoejan Mountains
5455;Greater Thamplatin Area;371;Greater Thamplatin Area;1.000000;161;Arivoejan Mountains
5456;Fishtun;507;Fishtun;1.000000;244;Fishtun
5457;Fishtun;507;Fishtun;1.000000;244;Fishtun
5458;Fishtun;507;Fishtun;1.000000;244;Fishtun
5459;Chok;823;Chok;1.000000;57;Goatlandia
5460;Chok;823;Chok;1.000000;57;Goatlandia
5461;Sabadeirado;1203;Sabadeirado;1.000000;371;Spri11
5462;Sabadeirado;1203;Sabadeirado;1.000000;371;Spri11
5463;Sabadeirado;1203;Sabadeirado;1.000000;371;Spri11
5464;Sabadeirado;1203;Sabadeirado;1.000000;371;Spri11
5465;Fishtun;507;Fishtun;1.000000;244;Fishtun
5466;Heizong;970;Heizong;1.000000;105;Mount Izwae
5467;Watermaster Domain;344;Watermaster Domain;1.000000;92;Watermaster Domain
5468;Watermaster Domain;344;Watermaster Domain;1.000000;92;Watermaster Domain
5469;Watermaster Domain;344;Watermaster Domain;1.000000;92;Watermaster Domain
5470;Watermaster Domain;344;Watermaster Domain;1.000000;92;Watermaster Domain
5471;Animéquitaine;321;Animéquitaine;1.000000;73;Animequitaine
5472;Animéquitaine;321;Animéquitaine;1.000000;73;Animequitaine
5473;Burgeros;1202;Burgeros;1.000000;365;Spri5
5474;Burgeros;1202;Burgeros;1.000000;365;Spri5
5475;Burgeros;1202;Burgeros;1.000000;365;Spri5
5476;Burgeros;1202;Burgeros;1.000000;365;Spri5
5477;Burgeros;1202;Burgeros;1.000000;365;Spri5
5478;Near East Monke Slopes;305;Near East Monke Slopes;1.000000;328;Macaquian Ridge
5479;Mount Izwae;969;Mount Izwae;0.550111;105;Mount Izwae
5480;Mount Izwae;969;Mount Izwae;0.827476;105;Mount Izwae
5481;Mount Izwae;969;Mount Izwae;1.000000;105;Mount Izwae
5482;Hoplin;747;Hoplin;1.000000;92;Watermaster Domain
5483;Hoplin;747;Hoplin;1.000000;92;Watermaster Domain
5484;Hoplin;747;Hoplin;1.000000;92;Watermaster Domain
5485;Hoplin;747;Hoplin;1.000000;92;Watermaster Domain
5486;Inner Solity;328;Inner Solity;1.000000;56;Solaria
5487;Goaghan Steppes;311;Goaghan Steppes;1.000000;57;Goatlandia
5488;Izwivin;341;Izwivin;1.000000;105;Mount Izwae
5489;New Basni;1207;New Basni;1.000000;373;Flusionea1
5490;Burgeros;1202;Burgeros;1.000000;365;Spri5
5491;Novari;329;Novari;1.000000;158;Novhurst
5492;Great Ape Groves;1106;Great Ape Groves;1.000000;244;Fishtun
5493;Great Ape Groves;1106;Great Ape Groves;1.000000;244;Fishtun
5494;Great Ape Groves;1106;Great Ape Groves;0.995546;244;Fishtun
5495;Battlebuns Frontier;339;Battlebuns Frontier;1.000000;96;Battlebuns Frontier
5496;Heizong;970;Heizong;1.000000;105;Mount Izwae
5497;New Basni;1207;New Basni;1.000000;373;Flusionea1
5498;Preballens;1176;Preballens;1.000000;361;Ballens
5499;Amburbia;1375;Amburbia;1.000000;169;Procione Heartlands
5500;Amburbia;1375;Amburbia;1.000000;169;Procione Heartlands
5501;Amburbia;1375;Amburbia;1.000000;169;Procione Heartlands
5502;Southern Solakean Strait;343;Southern Solakean Strait;0.914894;96;Battlebuns Frontier
5503;Nordbun;777;Nordbun;1.000000;96;Battlebuns Frontier
5504;Nordbun;777;Nordbun;1.000000;96;Battlebuns Frontier
5505;West Dazhungli;353;West Dazhungli;1.000000;365;Spri5
5506;West Dazhungli;353;West Dazhungli;1.000000;365;Spri5
5507;West Dazhungli;353;West Dazhungli;1.000000;365;Spri5
5508;Near West Dazhungli;1362;Near West Dazhungli;1.000000;364;Spri4
5509;Near West Dazhungli;1362;Near West Dazhungli;1.000000;364;Spri4
5510;Aricrest;335;Aricrest;1.000000;161;Arivoejan Mountains
5511;Aricrest;335;Aricrest;1.000000;161;Arivoejan Mountains
5512;Aricrest;335;Aricrest;1.000000;161;Arivoejan Mountains
5513;Aricrest;335;Aricrest;1.000000;161;Arivoejan Mountains
5514;Aricrest;335;Aricrest;1.000000;161;Arivoejan Mountains
5515;Khatshaeta;267;Khatshaeta;1.000000;57;Goatlandia
5516;Khatshaeta;267;Khatshaeta;1.000000;57;Goatlandia
5517;Great Ape Groves;1106;Great Ape Groves;1.000000;244;Fishtun
5518;Ganymeda;271;Ganymeda;1.000000;56;Solaria
5519;Lomo;845;Lomo;1.000000;100;Tenetianen
5520;Lomo;845;Lomo;1.000000;100;Tenetianen
5521;Ehw Fauah;1182;Ehw Fauah;1.000000;363;Spri3
5522;Terence Mountains;888;Terence Mountains;0.656676;161;Arivoejan Mountains
5523;Great Hill;181;Great Hill;1.000000;247;Formicidea
5524;Calder Coasts;1130;Calder Coasts;1.000000;250;Frusian Savannah
5525;New Kumakh;1208;New Kumakh;1.000000;371;Spri11
5526;New Kumakh;1208;New Kumakh;1.000000;371;Spri11
5527;Dazhungli;1177;Dazhungli;1.000000;363;Spri3
5528;Narnburg;898;Narnburg;1.000000;206;Purrhelmshaven
5529;Narnburg;898;Narnburg;0.983673;206;Purrhelmshaven
5530;Purrhelmshaven;1371;Purrhelmshaven;0.995238;206;Purrhelmshaven
5531;S. Arivoejan Mountains;885;S. Arivoejan Mountains;1.000000;161;Arivoejan Mountains
5532;S. Arivoejan Mountains;885;S. Arivoejan Mountains;0.823315;161;Arivoejan Mountains
5533;S. Arivoejan Mountains;885;S. Arivoejan Mountains;1.000000;161;Arivoejan Mountains
5534;Southern Solakean Strait;343;Southern Solakean Strait;1.000000;96;Battlebuns Frontier
5535;Nordbun;777;Nordbun;0.649425;96;Battlebuns Frontier
5536;Protondria;273;Protondria;1.000000;56;Solaria
5537;Far East Monke Slopes 3;1138;Far East Monke Slopes 3;1.000000;325;Formicidea3
5538;Far East Monke Slopes 3;1138;Far East Monke Slopes 3;1.000000;325;Formicidea3
5539;Far East Monke Slopes 3;1138;Far East Monke Slopes 3;1.000000;325;Formicidea3
5540;Novhurst;1357;Novhurst;1.000000;158;Novhurst
5541;Novhurst;1357;Novhurst;1.000000;158;Novhurst
5542;Novhurst;1357;Novhurst;1.000000;158;Novhurst
5543;Novhurst;1357;Novhurst;1.000000;158;Novhurst
5544;Novhurst;1357;Novhurst;1.000000;158;Novhurst
5545;Novhurst;1357;Novhurst;1.000000;158;Novhurst
5546;Roquitz;1470;Roquitz;1.000000;73;Animequitaine
5547;Roquitz;1470;Roquitz;1.000000;73;Animequitaine
5548;Ailesainque;721;Ailesainque;1.000000;76;Alkroan Peninsula
5549;Ailesainque;721;Ailesainque;1.000000;76;Alkroan Peninsula
5550;Ailesainque;721;Ailesainque;1.000000;76;Alkroan Peninsula
5551;Felinensee;333;Felinensee;1.000000;206;Purrhelmshaven
5552;Ehw Fauah;1182;Ehw Fauah;1.000000;363;Spri3
5553;Ehw Fauah;1182;Ehw Fauah;1.000000;363;Spri3
5554;Watermaster Domain;344;Watermaster Domain;1.000000;92;Watermaster Domain
5555;Watermaster Domain;344;Watermaster Domain;1.000000;92;Watermaster Domain
5556;Southern Chok;277;Southern Chok;1.000000;57;Goatlandia
5557;Protondria;273;Protondria;1.000000;56;Solaria
5558;Protondria;273;Protondria;1.000000;56;Solaria
5559;Drillbit;842;Drillbit;1.000000;100;Tenetianen
5560;Drillbit;842;Drillbit;1.000000;100;Tenetianen
5561;Drillbit;842;Drillbit;1.000000;100;Tenetianen
5562;Drillbit;842;Drillbit;1.000000;100;Tenetianen
5563;Drillbit;842;Drillbit;1.000000;100;Tenetianen
5564;Drillbit;842;Drillbit;1.000000;100;Tenetianen
5565;Near West Great Hill;1134;Near West Great Hill;1.000000;324;Formicidea2
5566;Amburbia;1375;Amburbia;1.000000;169;Procione Heartlands
5567;East Monke Slopes;1104;East Monke Slopes;1.000000;328;Macaquian Ridge
5568;East Monke Slopes;1104;East Monke Slopes;1.000000;328;Macaquian Ridge
5569;East Monke Slopes;1104;East Monke Slopes;1.000000;328;Macaquian Ridge
5570;Far East Monke Slopes 3;1138;Far East Monke Slopes 3;1.000000;325;Formicidea3
5571;Far East Monke Slopes 3;1138;Far East Monke Slopes 3;1.000000;325;Formicidea3
5572;Far East Monke Slopes 3;1138;Far East Monke Slopes 3;1.000000;325;Formicidea3
5573;Far East Monke Slopes 3;1138;Far East Monke Slopes 3;1.000000;325;Formicidea3
5574;Tak-Icar;347;Tak-Icar;1.000000;74;Takicardie
5575;Western Novhurst;345;Western Novhurst;1.000000;158;Novhurst
5576;Western Novhurst;345;Western Novhurst;1.000000;158;Novhurst
5577;Western Novhurst;345;Western Novhurst;1.000000;158;Novhurst
5578;Western Novhurst;345;Western Novhurst;1.000000;158;Novhurst
5579;Western Novhurst;345;Western Novhurst;1.000000;158;Novhurst
5580;Chok;823;Chok;1.000000;57;Goatlandia
5581;Parudus;973;Parudus;1.000000;106;Paraneon
5582;Parudus;973;Parudus;0.544186;106;Paraneon
5583;Usswaeri;971;Usswaeri;1.000000;105;Mount Izwae
5584;Felinensee;333;Felinensee;1.000000;206;Purrhelmshaven
5585;Meghaduta;1205;Meghaduta;1.000000;371;Spri11
5586;Meghaduta;1205;Meghaduta;1.000000;371;Spri11
5587;Meghaduta;1205;Meghaduta;1.000000;371;Spri11
5588;Meghaduta;1205;Meghaduta;1.000000;371;Spri11
5589;Sebowlia 2;1191;Sebowlia 2;1.000000;365;Spri5
5590;Platéire;352;Platéire;1.000000;160;The Swamplands
5591;Platéire;352;Platéire;1.000000;160;The Swamplands
5592;Alkroa;336;Alkroa;1.000000;76;Alkroan Peninsula
5593;Protondria;273;Protondria;1.000000;56;Solaria
5594;West Dazhungli;353;West Dazhungli;1.000000;365;Spri5
5595;West Dazhungli;353;West Dazhungli;1.000000;365;Spri5
5596;Southern Chok;277;Southern Chok;1.000000;57;Goatlandia
5597;Southern Chok;277;Southern Chok;1.000000;57;Goatlandia
5598;West Great Hill;1139;West Great Hill;1.000000;324;Formicidea2
5599;East Great Hill;500;East Great Hill;1.000000;250;Frusian Savannah
5600;East Great Hill;500;East Great Hill;0.997512;250;Frusian Savannah
5601;East Great Hill;500;East Great Hill;1.000000;250;Frusian Savannah
5602;East Great Hill;500;East Great Hill;1.000000;250;Frusian Savannah
5603;East Great Hill;500;East Great Hill;1.000000;250;Frusian Savannah
5604;Far East Monke Slopes 4;310;Far East Monke Slopes 4;1.000000;325;Formicidea3
5605;Khatshaeta;267;Khatshaeta;1.000000;57;Goatlandia
5606;Imakani;852;Imakani;1.000000;35;Bryumen
5607;Felsdorf;346;Felsdorf;1.000000;206;Purrhelmshaven
5608;Felsdorf;346;Felsdorf;1.000000;206;Purrhelmshaven
5609;Near West Dazhungli;1362;Near West Dazhungli;1.000000;364;Spri4
5610;Psossqe;1363;Psossqe;1.000000;364;Spri4
5611;Psossqe;1363;Psossqe;1.000000;364;Spri4
5612;Psossqe;1363;Psossqe;1.000000;364;Spri4
5613;Psossqe;1363;Psossqe;1.000000;364;Spri4
5614;Parudus;973;Parudus;1.000000;106;Paraneon
5615;Narnburg;898;Narnburg;1.000000;206;Purrhelmshaven
5616;Ornistralia;342;Ornistralia;0.984925;161;Arivoejan Mountains
5617;Ornistralia;342;Ornistralia;1.000000;161;Arivoejan Mountains
5618;East Monke Slopes;1104;East Monke Slopes;1.000000;328;Macaquian Ridge
5619;Near West Great Hill;1134;Near West Great Hill;1.000000;324;Formicidea2
5620;Hoplin;747;Hoplin;1.000000;92;Watermaster Domain
5621;Hoplin;747;Hoplin;1.000000;92;Watermaster Domain
5622;Hoplin;747;Hoplin;1.000000;92;Watermaster Domain
5623;Tak-Icar;347;Tak-Icar;1.000000;74;Takicardie
5624;Tak-Icar;347;Tak-Icar;1.000000;74;Takicardie
5625;Charles;349;Charles;0.839056;74;Takicardie
5626;Zarbin;972;Zarbin;1.000000;105;Mount Izwae
5627;Western Novhurst;345;Western Novhurst;1.000000;158;Novhurst
5628;East Great Hill;500;East Great Hill;1.000000;250;Frusian Savannah
5629;East Great Hill;500;East Great Hill;1.000000;250;Frusian Savannah
5630;Alkroa;336;Alkroa;1.000000;76;Alkroan Peninsula
5631;Garyxia;841;Garyxia;1.000000;76;Alkroan Peninsula
5632;Garyxia;841;Garyxia;0.984694;76;Alkroan Peninsula
5633;Rozzmione;309;Rozzmione;1.000000;169;Procione Heartlands
5634;Rozzmione;309;Rozzmione;1.000000;169;Procione Heartlands
5635;Rozzmione;309;Rozzmione;1.000000;169;Procione Heartlands
5636;Far East Monke Slopes 3;1138;Far East Monke Slopes 3;1.000000;325;Formicidea3
5637;Far East Monke Slopes 3;1138;Far East Monke Slopes 3;1.000000;325;Formicidea3
5638;Far East Monke Slopes 3;1138;Far East Monke Slopes 3;1.000000;325;Formicidea3
5639;Far East Monke Slopes 3;1138;Far East Monke Slopes 3;1.000000;325;Formicidea3
5640;Jharuna;1206;Jharuna;1.000000;370;Spri10
5641;Near West Dazhungli;1362;Near West Dazhungli;1.000000;364;Spri4
5642;Fiftybun;775;Fiftybun;1.000000;96;Battlebuns Frontier
5643;Fiftybun;775;Fiftybun;1.000000;96;Battlebuns Frontier
5644;Fiftybun;775;Fiftybun;1.000000;96;Battlebuns Frontier
5645;Fiftybun;775;Fiftybun;1.000000;96;Battlebuns Frontier
5646;Fiftybun;775;Fiftybun;1.000000;96;Battlebuns Frontier
5647;Protondria;273;Protondria;1.000000;56;Solaria
5648;Khatshaeta;267;Khatshaeta;1.000000;57;Goatlandia
5649;Distretto dei Pescatori;814;Distretto dei Pescatori;1.000000;169;Procione Heartlands
5650;Distretto dei Pescatori;814;Distretto dei Pescatori;1.000000;169;Procione Heartlands
5651;Near North Great Hill;1215;Near North Great Hill;1.000000;247;Formicidea
5652;Hoplin;747;Hoplin;1.000000;92;Watermaster Domain
5653;Usswaeri;971;Usswaeri;1.000000;105;Mount Izwae
5654;Jharuna;1206;Jharuna;1.000000;370;Spri10
5655;Jharuna;1206;Jharuna;1.000000;370;Spri10
5656;Jharuna;1206;Jharuna;1.000000;370;Spri10
5657;Jharuna;1206;Jharuna;1.000000;370;Spri10
5658;Burgeros;1202;Burgeros;1.000000;365;Spri5
5659;Goaghan Lake;818;Goaghan Lake;1.000000;99;Datlof
5660;Wafburg;1433;Wafburg;0.513353;99;Datlof
5661;Drillbit;842;Drillbit;1.000000;100;Tenetianen
5662;Baie Lunaire;828;Baie Lunaire;1.000000;79;Central Solakean Sea
5663;Usswaeri;971;Usswaeri;1.000000;105;Mount Izwae
5664;Usswaeri;971;Usswaeri;1.000000;105;Mount Izwae
5665;Jharuna;1206;Jharuna;1.000000;370;Spri10
5666;Lomo;845;Lomo;1.000000;100;Tenetianen
5667;Lomo;845;Lomo;1.000000;100;Tenetianen
5668;Purrhelmshaven;438;Purrhelmshaven;1.000000;206;Purrhelmshaven
5669;Purrhelmshaven;438;Purrhelmshaven;1.000000;206;Purrhelmshaven
5670;Alkroa;336;Alkroa;0.698545;76;Alkroan Peninsula
5671;Baie Lunaire;828;Baie Lunaire;1.000000;79;Central Solakean Sea
5672;West Dazhungli;353;West Dazhungli;1.000000;365;Spri5
5673;West Dazhungli;353;West Dazhungli;1.000000;365;Spri5
5674;Far West Great Hill;195;Far West Great Hill;1.000000;324;Formicidea2
5675;Far West Great Hill;195;Far West Great Hill;1.000000;324;Formicidea2
5676;Far West Great Hill;195;Far West Great Hill;1.000000;324;Formicidea2
5677;Far West Great Hill;195;Far West Great Hill;1.000000;324;Formicidea2
5678;Far West Great Hill;195;Far West Great Hill;1.000000;324;Formicidea2
5679;Far West Great Hill;195;Far West Great Hill;1.000000;324;Formicidea2
5680;Mount Ylmira;889;Mount Ylmira;0.799270;162;Central Arivoejo
5681;Rozzmione Hills;813;Rozzmione Hills;1.000000;169;Procione Heartlands
5682;Rozzmione Hills;813;Rozzmione Hills;1.000000;169;Procione Heartlands
5683;Southern Chok;277;Southern Chok;1.000000;57;Goatlandia
5684;Fishtun;507;Fishtun;1.000000;244;Fishtun
5685;Foraoise Cairead;780;Foraoise Cairead;1.000000;91;Lakeside City
5686;Foraoise Cairead;780;Foraoise Cairead;1.000000;91;Lakeside City
5687;Venusia;356;Venusia;0.505587;56;Solaria
5688;Venusia;356;Venusia;1.000000;56;Solaria
5689;Southern Venusia;1013;Southern Venusia;0.725490;292;Solakean Shores
5690;Southern Venusia;1013;Southern Venusia;1.000000;292;Solakean Shores
5691;Southern Venusia;1013;Southern Venusia;1.000000;292;Solakean Shores
5692;Wafburg;844;Wafburg;1.000000;99;Datlof
5693;Wafburg;844;Wafburg;1.000000;99;Datlof
5694;Godreim;974;Godreim;1.000000;106;Paraneon
5695;Godreim;974;Godreim;1.000000;106;Paraneon
5696;Meghaduta;1205;Meghaduta;1.000000;371;Spri11
5697;Meghaduta;1205;Meghaduta;1.000000;371;Spri11
5698;Ornistralia;342;Ornistralia;1.000000;161;Arivoejan Mountains
5699;Lisejr Metroplitan Area;326;Lisejr Metroplitan Area;1.000000;162;Central Arivoejo
5700;Lisejr Metroplitan Area;326;Lisejr Metroplitan Area;1.000000;162;Central Arivoejo
5701;Lisejr Metroplitan Area;326;Lisejr Metroplitan Area;1.000000;162;Central Arivoejo
5702;Doneghare;748;Doneghare;1.000000;92;Watermaster Domain
5703;Doneghare;748;Doneghare;1.000000;92;Watermaster Domain
5704;Venusia;356;Venusia;1.000000;56;Solaria
5705;Koasski;1181;Koasski;1.000000;364;Spri4
5706;Far West Great Hill;195;Far West Great Hill;1.000000;324;Formicidea2
5707;Near North Great Hill;1215;Near North Great Hill;1.000000;247;Formicidea
5708;Near North Great Hill;1215;Near North Great Hill;1.000000;247;Formicidea
5709;Near North Great Hill;1215;Near North Great Hill;1.000000;247;Formicidea
5710;Near North Great Hill;1215;Near North Great Hill;1.000000;247;Formicidea
5711;Near North Great Hill;1215;Near North Great Hill;1.000000;247;Formicidea
5712;Doneghare;748;Doneghare;1.000000;92;Watermaster Domain
5713;Doneghare;748;Doneghare;1.000000;92;Watermaster Domain
5714;Doneghare;748;Doneghare;1.000000;92;Watermaster Domain
5715;Varhk;1190;Varhk;1.000000;364;Spri4
5716;Varhk;1190;Varhk;1.000000;364;Spri4
5717;Varhk;1190;Varhk;1.000000;364;Spri4
5718;Varhk;1190;Varhk;1.000000;364;Spri4
5719;Velthordshire;880;Velthordshire;1.000000;160;The Swamplands
5720;Platéire;352;Platéire;1.000000;160;The Swamplands
5721;East Great Hill;500;East Great Hill;1.000000;250;Frusian Savannah
5722;Kealand;790;Kealand;1.000000;160;The Swamplands
5723;Tenetianen;357;Tenetianen;1.000000;100;Tenetianen
5724;North Fishtun;1107;North Fishtun;1.000000;318;Macaquian Far South
5725;North Fishtun;1107;North Fishtun;1.000000;318;Macaquian Far South
5726;North Fishtun;1107;North Fishtun;1.000000;318;Macaquian Far South
5727;North Fishtun;1107;North Fishtun;1.000000;318;Macaquian Far South
5728;North Fishtun;1107;North Fishtun;1.000000;318;Macaquian Far South
5729;North Fishtun;1107;North Fishtun;1.000000;318;Macaquian Far South
5730;Near North Great Ape Groves;1109;Near North Great Ape Groves;1.000000;318;Macaquian Far South
5731;Koasski;1181;Koasski;1.000000;364;Spri4
5732;Koasski;1181;Koasski;1.000000;364;Spri4
5733;Garyxia;841;Garyxia;1.000000;76;Alkroan Peninsula
5734;East Monke Slopes;1104;East Monke Slopes;1.000000;328;Macaquian Ridge
5735;Doneghare;748;Doneghare;1.000000;92;Watermaster Domain
5736;Doneghare;748;Doneghare;1.000000;92;Watermaster Domain
5737;Foraoise Cairead;780;Foraoise Cairead;1.000000;91;Lakeside City
5738;Tenetianen;357;Tenetianen;1.000000;100;Tenetianen
5739;Neu-Meownich;386;Neu-Meownich;1.000000;206;Purrhelmshaven
5740;Neu-Meownich;386;Neu-Meownich;0.534247;206;Purrhelmshaven
5741;Neu-Meownich;386;Neu-Meownich;1.000000;206;Purrhelmshaven
5742;Jharuna;1206;Jharuna;1.000000;370;Spri10
5743;North Fishtun;1107;North Fishtun;1.000000;318;Macaquian Far South
5744;Near North Great Ape Groves;1109;Near North Great Ape Groves;1.000000;318;Macaquian Far South
5745;Near North Great Ape Groves;1109;Near North Great Ape Groves;1.000000;318;Macaquian Far South
5746;Near North Great Ape Groves;1109;Near North Great Ape Groves;1.000000;318;Macaquian Far South
5747;Near North Great Ape Groves;1109;Near North Great Ape Groves;1.000000;318;Macaquian Far South
5748;Near North Great Ape Groves;1109;Near North Great Ape Groves;1.000000;318;Macaquian Far South
5749;Near North Great Ape Groves;1109;Near North Great Ape Groves;1.000000;318;Macaquian Far South
5750;Near North Great Ape Groves;1109;Near North Great Ape Groves;1.000000;318;Macaquian Far South
5751;Halile Septentrionale;829;Halile Septentrionale;1.000000;79;Central Solakean Sea
5752;Tenetianen;357;Tenetianen;1.000000;100;Tenetianen
5753;Tenetianen;357;Tenetianen;1.000000;100;Tenetianen
5754;Tenetianen;357;Tenetianen;1.000000;100;Tenetianen
5755;Far North Great Hill;1144;Far North Great Hill;1.000000;247;Formicidea
5756;Far North Great Hill;1144;Far North Great Hill;1.000000;247;Formicidea
5757;Far North Great Hill;1144;Far North Great Hill;1.000000;247;Formicidea
5758;Halile Septentrionale;829;Halile Septentrionale;1.000000;79;Central Solakean Sea
5759;Velthordshire;880;Velthordshire;1.000000;160;The Swamplands
5760;Velthordshire;880;Velthordshire;1.000000;160;The Swamplands
5761;Velthordshire;880;Velthordshire;0.636620;160;The Swamplands
5762;Langcastle-On-Bog;881;Langcastle-On-Bog;1.000000;160;The Swamplands
5763;Langcastle-On-Bog;881;Langcastle-On-Bog;1.000000;160;The Swamplands
5764;Novanada;360;Novanada;1.000000;160;The Swamplands
5765;Novanada;360;Novanada;1.000000;160;The Swamplands
5766;Novanada;360;Novanada;1.000000;160;The Swamplands
5767;Novanada;360;Novanada;1.000000;160;The Swamplands
5768;Novanada;360;Novanada;1.000000;160;The Swamplands
5769;Bunoshima;774;Bunoshima;1.000000;91;Lakeside City
5770;Bunoshima;774;Bunoshima;1.000000;91;Lakeside City
5771;Bunoshima;774;Bunoshima;1.000000;91;Lakeside City
5772;Bunoshima;774;Bunoshima;1.000000;91;Lakeside City
5773;Wafburg;1433;Wafburg;1.000000;99;Datlof
5774;Kealand;790;Kealand;1.000000;160;The Swamplands
5775;Kealand;790;Kealand;1.000000;160;The Swamplands
5776;Wafburg;844;Wafburg;1.000000;99;Datlof
5777;Wafburg;844;Wafburg;1.000000;99;Datlof
5778;Wafburg;1433;Wafburg;1.000000;99;Datlof
5779;Ornistralia;342;Ornistralia;1.000000;161;Arivoejan Mountains
5780;North Usswaeri;1274;North Usswaeri;1.000000;115;Lundil
5781;Goprdus;976;Goprdus;1.000000;106;Paraneon
5782;Goprdus;976;Goprdus;0.966469;106;Paraneon
5783;Euenum;348;Euenum;0.909091;106;Paraneon
5784;Euenum;348;Euenum;0.935614;106;Paraneon
5785;Thalmandy;811;Thalmandy;1.000000;162;Central Arivoejo
5786;North Hoxxhagen Surface Zone;1367;North Hoxxhagen Surface Zone;0.590571;162;Central Arivoejo
5787;Thalmandy;811;Thalmandy;0.993562;162;Central Arivoejo
5788;North Hoxxhagen Surface Zone;1367;North Hoxxhagen Surface Zone;0.813212;162;Central Arivoejo
5789;Parachute;843;Parachute;1.000000;99;Datlof
5790;Parachute;843;Parachute;1.000000;99;Datlof
5791;North Usswaeri;1274;North Usswaeri;1.000000;115;Lundil
5792;North Usswaeri;1274;North Usswaeri;1.000000;115;Lundil
5793;North Usswaeri;1274;North Usswaeri;1.000000;115;Lundil
5794;Psossqe;1363;Psossqe;1.000000;364;Spri4
5795;Far East Monke Slopes;1149;Far East Monke Slopes;1.000000;327;Hivelands2
5796;Far East Monke Slopes;1149;Far East Monke Slopes;1.000000;327;Hivelands2
5797;Far East Monke Slopes;1149;Far East Monke Slopes;1.000000;327;Hivelands2
5798;Far East Monke Slopes;1149;Far East Monke Slopes;1.000000;327;Hivelands2
5799;Lakeside City;359;Lakeside City;1.000000;91;Lakeside City
5800;Lakeside City;359;Lakeside City;0.805970;91;Lakeside City
5801;Lakeside City;359;Lakeside City;1.000000;91;Lakeside City
5802;Lakeside City;359;Lakeside City;1.000000;91;Lakeside City
5803;Near North Great Ape Groves;1109;Near North Great Ape Groves;1.000000;318;Macaquian Far South
5804;Halile Méridionale;827;Halile Méridionale;1.000000;79;Central Solakean Sea
5805;The Lake District;379;The Lake District;1.000000;160;The Swamplands
5806;Koasski;1181;Koasski;1.000000;364;Spri4
5807;Koasski;1181;Koasski;1.000000;364;Spri4
5808;Koasski;1181;Koasski;1.000000;364;Spri4
5809;Rozzmione;309;Rozzmione;1.000000;169;Procione Heartlands
5810;Nordbun;777;Nordbun;0.774379;96;Battlebuns Frontier
5811;Kealand;790;Kealand;1.000000;160;The Swamplands
5812;Xuhre;720;Xuhre;1.000000;76;Alkroan Peninsula
5813;Xuhre;720;Xuhre;1.000000;76;Alkroan Peninsula
5814;North Lomo;1276;North Lomo;1.000000;108;The Valley
5815;Halile Septentrionale;829;Halile Septentrionale;1.000000;79;Central Solakean Sea
5816;Halile Méridionale;827;Halile Méridionale;1.000000;79;Central Solakean Sea
5817;South Koti;1201;South Koti;1.000000;370;Spri10
5818;South Koti;1201;South Koti;1.000000;370;Spri10
5819;The Lake District;379;The Lake District;1.000000;160;The Swamplands
5820;Candoburg;1014;Candoburg;1.000000;292;Solakean Shores
5821;Parachute;843;Parachute;1.000000;99;Datlof
5822;Parachute;843;Parachute;1.000000;99;Datlof
5823;Parachute;843;Parachute;1.000000;99;Datlof
5824;Southumberland;372;Southumberland;1.000000;160;The Swamplands
5825;Southumberland;372;Southumberland;1.000000;160;The Swamplands
5826;Godreim;974;Godreim;1.000000;106;Paraneon
5827;South Koti;1201;South Koti;1.000000;370;Spri10
5828;Novanada;360;Novanada;1.000000;160;The Swamplands
5829;Novanada;360;Novanada;1.000000;160;The Swamplands
5830;Petite Corélie;826;Petite Corélie;1.000000;77;Eastern Solakean Sea
5831;Datlof;354;Datlof;1.000000;99;Datlof
5832;Datlof;354;Datlof;1.000000;99;Datlof
5833;Datlof;354;Datlof;1.000000;99;Datlof
5834;Havener;899;Havener;1.000000;206;Purrhelmshaven
5835;Lukastadt;900;Lukastadt;1.000000;206;Purrhelmshaven
5836;Lukastadt;900;Lukastadt;0.501247;206;Purrhelmshaven
5837;Lukastadt;900;Lukastadt;1.000000;206;Purrhelmshaven
5838;Meghaduta;1205;Meghaduta;1.000000;371;Spri11
5839;Near North Great Ape Groves;1109;Near North Great Ape Groves;1.000000;318;Macaquian Far South
5840;North Great Hill;373;North Great Hill;1.000000;247;Formicidea
5841;Parachute;843;Parachute;1.000000;99;Datlof
5842;Clawlogne;374;Clawlogne;1.000000;153;Katteneiland
5843;Clawlogne;374;Clawlogne;1.000000;153;Katteneiland
5844;Near North Great Hill;1215;Near North Great Hill;1.000000;247;Formicidea
5845;Lakeside City;359;Lakeside City;1.000000;91;Lakeside City
5846;North Lomo;1276;North Lomo;1.000000;108;The Valley
5847;North Lomo;1276;North Lomo;1.000000;108;The Valley
5848;North Usswaeri;1274;North Usswaeri;1.000000;115;Lundil
5849;Meerut;1204;Meerut;1.000000;370;Spri10
5850;Meerut;1204;Meerut;0.719258;370;Spri10
5851;Meerut;1204;Meerut;1.000000;370;Spri10
5852;Meerut;1204;Meerut;1.000000;370;Spri10
5853;Psossqe;1363;Psossqe;1.000000;364;Spri4
5854;The Lake District;379;The Lake District;1.000000;160;The Swamplands
5855;Far East Monke Slopes 5;1148;Far East Monke Slopes 5;1.000000;327;Hivelands2
5856;Far East Monke Slopes 5;1148;Far East Monke Slopes 5;1.000000;327;Hivelands2
5857;Tenetianen;357;Tenetianen;1.000000;100;Tenetianen
5858;Seagoers' Republic;377;Seagoers' Republic;1.000000;90;Seagoer's Republic
5859;Seagoers' Republic;377;Seagoers' Republic;1.000000;90;Seagoer's Republic
5860;Seagoers' Republic;377;Seagoers' Republic;1.000000;90;Seagoer's Republic
5861;South Koti;1201;South Koti;1.000000;370;Spri10
5862;Thalmandy;811;Thalmandy;1.000000;162;Central Arivoejo
5863;Lesser Lisejr;810;Lesser Lisejr;0.969697;162;Central Arivoejo
5864;East Hoxxhagen Surface Zone;1369;East Hoxxhagen Surface Zone;0.813390;162;Central Arivoejo
5865;Lakeside City;359;Lakeside City;1.000000;91;Lakeside City
5866;Lakeside City;359;Lakeside City;1.000000;91;Lakeside City
5867;Botetown;757;Botetown;1.000000;90;Seagoer's Republic
5868;Botetown;757;Botetown;1.000000;90;Seagoer's Republic
5869;Botetown;757;Botetown;1.000000;90;Seagoer's Republic
5870;Botetown;757;Botetown;1.000000;90;Seagoer's Republic
5871;The Valley;378;The Valley;1.000000;108;The Valley
5872;The Valley;378;The Valley;1.000000;108;The Valley
5873;The Valley;378;The Valley;1.000000;108;The Valley
5874;The Valley;378;The Valley;1.000000;108;The Valley
5875;The Valley;378;The Valley;1.000000;108;The Valley
5876;The Valley;378;The Valley;1.000000;108;The Valley
5877;The Valley;378;The Valley;1.000000;108;The Valley
5878;The Valley;378;The Valley;1.000000;108;The Valley
5879;Bunork;758;Bunork;1.000000;90;Seagoer's Republic
5880;Bunork;758;Bunork;1.000000;90;Seagoer's Republic
5881;Bunork;758;Bunork;1.000000;90;Seagoer's Republic
5882;Bunork;758;Bunork;1.000000;90;Seagoer's Republic
5883;North Usswaeri;1274;North Usswaeri;1.000000;115;Lundil
5884;North Usswaeri;1274;North Usswaeri;1.000000;115;Lundil
5885;North Usswaeri;1274;North Usswaeri;1.000000;115;Lundil
5886;Far East Monke Slopes;1149;Far East Monke Slopes;1.000000;327;Hivelands2
5887;Far West Great Hill 3;1146;Far West Great Hill 3;1.000000;218;Hivelands
5888;Far West Great Hill;195;Far West Great Hill;1.000000;324;Formicidea2
5889;Halile Méridionale;827;Halile Méridionale;1.000000;79;Central Solakean Sea
5890;Datlof;354;Datlof;1.000000;99;Datlof
5891;Havener;899;Havener;1.000000;206;Purrhelmshaven
5892;Havener;899;Havener;1.000000;206;Purrhelmshaven
5893;Platishire;380;Platishire;1.000000;162;Central Arivoejo
5894;Platishire;380;Platishire;1.000000;162;Central Arivoejo
5895;Platishire;380;Platishire;1.000000;162;Central Arivoejo
5896;Platishire;380;Platishire;1.000000;162;Central Arivoejo
5897;Platishire;380;Platishire;1.000000;162;Central Arivoejo
5898;Platishire;380;Platishire;1.000000;162;Central Arivoejo
5899;Doneghare;748;Doneghare;1.000000;92;Watermaster Domain
5900;Distretto dei Pescatori;814;Distretto dei Pescatori;0.603053;169;Procione Heartlands
5901;Clawlogne;374;Clawlogne;1.000000;153;Katteneiland
5902;Clawlogne;374;Clawlogne;1.000000;153;Katteneiland
5903;Clawlogne;374;Clawlogne;1.000000;153;Katteneiland
5904;Petit Loutterie;417;Petit Loutterie;1.000000;171;Arivoshian Ocean
5905;North Great Hill;373;North Great Hill;1.000000;247;Formicidea
5906;North Great Hill;373;North Great Hill;1.000000;247;Formicidea
5907;Gatzostad;408;Gatzostad;1.000000;153;Katteneiland
5908;Gatzostad;408;Gatzostad;1.000000;153;Katteneiland
5909;Lowcoast;882;Lowcoast;1.000000;160;The Swamplands
5910;Lowcoast;882;Lowcoast;1.000000;160;The Swamplands
5911;Lowcoast;882;Lowcoast;1.000000;160;The Swamplands
5912;Lowcoast;882;Lowcoast;1.000000;160;The Swamplands
5913;Lesser Lisejr;810;Lesser Lisejr;1.000000;162;Central Arivoejo
5914;Far North Great Hill;1144;Far North Great Hill;1.000000;247;Formicidea
5915;Far North Great Hill;1144;Far North Great Hill;1.000000;247;Formicidea
5916;Far North Great Hill;1144;Far North Great Hill;1.000000;247;Formicidea
5917;Far North Great Hill;1144;Far North Great Hill;1.000000;247;Formicidea
5918;Far North Great Hill;1144;Far North Great Hill;1.000000;247;Formicidea
5919;Heavenbun;789;Heavenbun;1.000000;93;Karrotia
5920;Heavenbun;789;Heavenbun;1.000000;93;Karrotia
5921;South Koti;1201;South Koti;1.000000;370;Spri10
5922;Southumberland;372;Southumberland;1.000000;160;The Swamplands
5923;Southumberland;372;Southumberland;1.000000;160;The Swamplands
5924;Far West Great Hill 3;1146;Far West Great Hill 3;1.000000;218;Hivelands
5925;Far West Great Hill 3;1146;Far West Great Hill 3;1.000000;218;Hivelands
5926;Far West Great Hill 3;1146;Far West Great Hill 3;1.000000;218;Hivelands
5927;Far West Great Hill 3;1146;Far West Great Hill 3;1.000000;218;Hivelands
5928;Xuhre;720;Xuhre;1.000000;76;Alkroan Peninsula
5929;North Lomo;1276;North Lomo;1.000000;108;The Valley
5930;Meerut;1204;Meerut;1.000000;370;Spri10
5931;North Fishtun;1107;North Fishtun;1.000000;318;Macaquian Far South
5932;Far East Monke Slopes 5;1148;Far East Monke Slopes 5;1.000000;327;Hivelands2
5933;Far East Monke Slopes 5;1148;Far East Monke Slopes 5;1.000000;327;Hivelands2
5934;Far East Monke Slopes 5;1148;Far East Monke Slopes 5;1.000000;327;Hivelands2
5935;Far East Monke Slopes 5;1148;Far East Monke Slopes 5;1.000000;327;Hivelands2
5936;Far East Monke Slopes 5;1148;Far East Monke Slopes 5;1.000000;327;Hivelands2
5937;Far East Monke Slopes 5;1148;Far East Monke Slopes 5;1.000000;327;Hivelands2
5938;Far East Monke Slopes 5;1148;Far East Monke Slopes 5;1.000000;327;Hivelands2
5939;Paraneum;975;Paraneum;1.000000;106;Paraneon
5940;Frontiere Solarienne;363;Frontiere Solarienne;1.000000;292;Solakean Shores
5941;Frontiere Solarienne;363;Frontiere Solarienne;1.000000;292;Solakean Shores
5942;South Koti;1201;South Koti;1.000000;370;Spri10
5943;South Koti;1201;South Koti;1.000000;370;Spri10
5944;North Lomo;1276;North Lomo;1.000000;108;The Valley
5945;North Lomo;1276;North Lomo;1.000000;108;The Valley
5946;South Koti;1201;South Koti;1.000000;370;Spri10
5947;Gatzostad;408;Gatzostad;1.000000;153;Katteneiland
5948;Gatzostad;408;Gatzostad;0.910959;153;Katteneiland
5949;North Monke Slopes;362;North Monke Slopes;1.000000;327;Hivelands2
5950;North Monke Slopes;362;North Monke Slopes;1.000000;327;Hivelands2
5951;North Monke Slopes;362;North Monke Slopes;1.000000;327;Hivelands2
5952;North Monke Slopes;362;North Monke Slopes;1.000000;327;Hivelands2
5953;North Monke Slopes;362;North Monke Slopes;1.000000;327;Hivelands2
5954;North Monke Slopes;362;North Monke Slopes;1.000000;327;Hivelands2
5955;North Monke Slopes;362;North Monke Slopes;1.000000;327;Hivelands2
5956;North Monke Slopes;362;North Monke Slopes;1.000000;327;Hivelands2
5957;North Monke Slopes;362;North Monke Slopes;1.000000;327;Hivelands2
5958;North Monke Slopes;362;North Monke Slopes;1.000000;327;Hivelands2
5959;Far East Monke Slopes;1149;Far East Monke Slopes;1.000000;327;Hivelands2
5960;Heavenbun;789;Heavenbun;1.000000;93;Karrotia
5961;Île de Corélie;825;Île de Corélie;1.000000;77;Eastern Solakean Sea
5962;Candoburg;1014;Candoburg;1.000000;292;Solakean Shores
5963;Candoburg;1014;Candoburg;0.810945;292;Solakean Shores
5964;Candoburg;1014;Candoburg;1.000000;292;Solakean Shores
5965;West Euenum;1279;West Euenum;1.000000;115;Lundil
5966;West Euenum;1279;West Euenum;1.000000;115;Lundil
5967;West Euenum;1279;West Euenum;1.000000;115;Lundil
5968;West Euenum;1279;West Euenum;1.000000;115;Lundil
5969;North Great Ape Groves;1108;North Great Ape Groves;1.000000;318;Macaquian Far South
5970;North Great Ape Groves;1108;North Great Ape Groves;1.000000;318;Macaquian Far South
5971;North Great Ape Groves;1108;North Great Ape Groves;1.000000;318;Macaquian Far South
5972;North Great Ape Groves;1108;North Great Ape Groves;1.000000;318;Macaquian Far South
5973;Covebun City;760;Covebun City;1.000000;89;Covebun City
5974;Covebun City;760;Covebun City;1.000000;89;Covebun City
5975;Covebun City;760;Covebun City;1.000000;89;Covebun City
5976;Mayzerian Archipelago;388;Mayzerian Archipelago;1.000000;80;Western Solakean Sea
5977;Meerut;1204;Meerut;1.000000;370;Spri10
5978;Meerut;1204;Meerut;1.000000;370;Spri10
5979;Françaslien;385;Françaslien;0.730263;164;Loutterian Peninsula
5980;Far North Great Hill 3;1145;Far North Great Hill 3;1.000000;218;Hivelands
5981;Paraneum;975;Paraneum;0.979757;106;Paraneon
5982;Paraneum;975;Paraneum;1.000000;106;Paraneon
5983;Tipanum;977;Tipanum;0.679739;106;Paraneon
5984;Thornwall;387;Thornwall;1.000000;160;The Swamplands
5985;North Lomo;1276;North Lomo;1.000000;108;The Valley
5986;Françaslien;385;Françaslien;1.000000;164;Loutterian Peninsula
5987;Republic of the Bay;384;Republic of the Bay;1.000000;89;Covebun City
5988;Republic of the Bay;384;Republic of the Bay;1.000000;89;Covebun City
5989;Republic of the Bay;384;Republic of the Bay;1.000000;89;Covebun City
5990;Watlern;389;Watlern;1.000000;164;Loutterian Peninsula
5991;Watlern;389;Watlern;0.761290;164;Loutterian Peninsula
5992;Dlapawien;392;Dlapawien;1.000000;164;Loutterian Peninsula
5993;Watlern;389;Watlern;1.000000;164;Loutterian Peninsula
5994;Gatzostad;408;Gatzostad;1.000000;153;Katteneiland
5995;Southwestern Marshes;397;Southwestern Marshes;1.000000;162;Central Arivoejo
5996;Southwestern Marshes;397;Southwestern Marshes;1.000000;162;Central Arivoejo
5997;Southwestern Marshes;397;Southwestern Marshes;1.000000;162;Central Arivoejo
5998;Southwestern Marshes;397;Southwestern Marshes;1.000000;162;Central Arivoejo
5999;Southwestern Marshes;397;Southwestern Marshes;1.000000;162;Central Arivoejo
6000;Ylmira's Peak;1368;Ylmira's Peak;0.585903;162;Central Arivoejo
6001;Ylmira's Peak;1368;Ylmira's Peak;1.000000;162;Central Arivoejo
6002;Hopping Meadows;778;Hopping Meadows;1.000000;91;Lakeside City
6003;Hopping Meadows;778;Hopping Meadows;1.000000;91;Lakeside City
6004;Hopping Meadows;778;Hopping Meadows;1.000000;91;Lakeside City
6005;Hopping Meadows;778;Hopping Meadows;1.000000;91;Lakeside City
6006;Xuhre;720;Xuhre;1.000000;76;Alkroan Peninsula
6007;Parachute;843;Parachute;1.000000;99;Datlof
6008;North Great Ape Groves;1108;North Great Ape Groves;1.000000;318;Macaquian Far South
6009;North Great Ape Groves;1108;North Great Ape Groves;1.000000;318;Macaquian Far South
6010;North Great Ape Groves;1108;North Great Ape Groves;1.000000;318;Macaquian Far South
6011;Far North Great Hill 3;1145;Far North Great Hill 3;1.000000;218;Hivelands
6012;Far North Great Hill 3;1145;Far North Great Hill 3;1.000000;218;Hivelands
6013;Far North Great Hill 3;1145;Far North Great Hill 3;1.000000;218;Hivelands
6014;Far North Great Hill 3;1145;Far North Great Hill 3;1.000000;218;Hivelands
6015;Far North Great Hill 3;1145;Far North Great Hill 3;1.000000;218;Hivelands
6016;Far North Great Hill 3;1145;Far North Great Hill 3;1.000000;218;Hivelands
6017;Far North Great Hill 3;1145;Far North Great Hill 3;1.000000;218;Hivelands
6018;Far North Great Hill 3;1145;Far North Great Hill 3;1.000000;218;Hivelands
6019;Bunoshima;774;Bunoshima;1.000000;91;Lakeside City
6020;Bunoshima;774;Bunoshima;1.000000;91;Lakeside City
6021;Caroshel;761;Caroshel;1.000000;89;Covebun City
6022;East The Valley;1280;East The Valley;1.000000;107;Kholina
6023;East The Valley;1280;East The Valley;1.000000;107;Kholina
6024;East The Valley;1280;East The Valley;1.000000;107;Kholina
6025;East The Valley;1280;East The Valley;1.000000;107;Kholina
6026;North Great Ape Groves;1108;North Great Ape Groves;1.000000;318;Macaquian Far South
6027;Bunvelline;779;Bunvelline;1.000000;91;Lakeside City
6028;Covebun City;760;Covebun City;1.000000;89;Covebun City
6029;Clawlogne;374;Clawlogne;0.867550;153;Katteneiland
6030;North Datlof;1273;North Datlof;1.000000;109;Majakhemer
6031;North Lomo;1276;North Lomo;1.000000;108;The Valley
6032;Heavenbun;789;Heavenbun;0.787431;93;Karrotia
6033;Deux-Rivieres;1019;Deux-Rivieres;1.000000;292;Solakean Shores
6034;Deux-Rivieres;1019;Deux-Rivieres;1.000000;292;Solakean Shores
6035;Far East Monke Slopes 6;1147;Far East Monke Slopes 6;1.000000;218;Hivelands
6036;Far East Monke Slopes 6;1147;Far East Monke Slopes 6;1.000000;218;Hivelands
6037;Far East Monke Slopes 6;1147;Far East Monke Slopes 6;1.000000;218;Hivelands
6038;Far East Monke Slopes 6;1147;Far East Monke Slopes 6;1.000000;218;Hivelands
6039;Far East Monke Slopes 6;1147;Far East Monke Slopes 6;1.000000;218;Hivelands
6040;Far East Monke Slopes 6;1147;Far East Monke Slopes 6;1.000000;218;Hivelands
6041;Far East Monke Slopes 6;1147;Far East Monke Slopes 6;1.000000;218;Hivelands
6042;Platishire;380;Platishire;1.000000;162;Central Arivoejo
6043;North Datlof;1273;North Datlof;1.000000;109;Majakhemer
6044;The Valley;378;The Valley;1.000000;108;The Valley
6045;Purriland;834;Purriland;1.000000;153;Katteneiland
6046;Purriland;834;Purriland;1.000000;153;Katteneiland
6047;Purriland;834;Purriland;1.000000;153;Katteneiland
6048;North Datlof;1273;North Datlof;1.000000;109;Majakhemer
6049;Near East The Valley;1281;Near East The Valley;1.000000;108;The Valley
6050;East The Valley;1280;East The Valley;1.000000;107;Kholina
6051;Euenum;348;Euenum;1.000000;106;Paraneon
6052;Havener;899;Havener;1.000000;206;Purrhelmshaven
6053;North Datlof;1273;North Datlof;1.000000;109;Majakhemer
6054;North Datlof;1273;North Datlof;1.000000;109;Majakhemer
6055;North Datlof;1273;North Datlof;1.000000;109;Majakhemer
6056;North Datlof;1273;North Datlof;1.000000;109;Majakhemer
6057;North Datlof;1273;North Datlof;1.000000;109;Majakhemer
6058;Caroshel;761;Caroshel;1.000000;89;Covebun City
6059;North Monke Slopes;362;North Monke Slopes;1.000000;327;Hivelands2
6060;Bunvelline;779;Bunvelline;1.000000;91;Lakeside City
6061;Katjeisland;394;Katjeisland;1.000000;156;Novaplatten Channel
6062;Katjeisland;394;Katjeisland;1.000000;156;Novaplatten Channel
6063;Françaslien;385;Françaslien;1.000000;164;Loutterian Peninsula
6064;Brashten;1349;Brashten;1.000000;164;Loutterian Peninsula
6065;Brashten;1349;Brashten;1.000000;164;Loutterian Peninsula
6066;North Datlof;1273;North Datlof;1.000000;109;Majakhemer
6067;Burnoutte;1559;Burnoutte;0.571681;97;Kepler
6068;Rheilen;1353;Rheilen;1.000000;153;Katteneiland
6069;Rheilen;1353;Rheilen;1.000000;153;Katteneiland
6070;Rheilen;1353;Rheilen;1.000000;153;Katteneiland
6071;Lanterien;1348;Lanterien;1.000000;164;Loutterian Peninsula
6072;Lanterien;1348;Lanterien;1.000000;164;Loutterian Peninsula
6073;Lanterien;1348;Lanterien;1.000000;164;Loutterian Peninsula
6074;Botetown;757;Botetown;1.000000;90;Seagoer's Republic
6075;Thornwall;387;Thornwall;1.000000;160;The Swamplands
6076;Roqtreal;1018;Roqtreal;0.994094;292;Solakean Shores
6077;Roqtreal;1018;Roqtreal;1.000000;292;Solakean Shores
6078;Collines Chaudiere;383;Collines Chaudiere;0.980609;58;Lesser Lake
6079;Near East The Valley;1281;Near East The Valley;1.000000;108;The Valley
6080;Near East The Valley;1281;Near East The Valley;1.000000;108;The Valley
6081;Near East The Valley;1281;Near East The Valley;1.000000;108;The Valley
6082;Volcabun;756;Volcabun;0.567073;88;Buncible
6083;Bunvelline;779;Bunvelline;1.000000;91;Lakeside City
6084;West Euenum;1279;West Euenum;1.000000;115;Lundil
6085;Purriland;834;Purriland;1.000000;153;Katteneiland
6086;Purriland;834;Purriland;1.000000;153;Katteneiland
6087;Botetown;757;Botetown;1.000000;90;Seagoer's Republic
6088;Near East The Valley;1281;Near East The Valley;1.000000;108;The Valley
6089;Inner Katpine Valley;824;Inner Katpine Valley;0.994845;153;Katteneiland
6090;Katpine Mountain (E);839;Katpine Mountain (E);0.576227;153;Katteneiland
6091;Muldvarpe Coasts;812;Muldvarpe Coasts;1.000000;162;Central Arivoejo
6092;Taupwald;1345;Taupwald;0.814010;164;Loutterian Peninsula
6093;Muldvarpe Coasts;812;Muldvarpe Coasts;0.551913;162;Central Arivoejo
6094;Ottre;1350;Ottre;0.660163;164;Loutterian Peninsula
6095;Karrotia;381;Karrotia;1.000000;93;Karrotia
6096;Karrotia;381;Karrotia;1.000000;93;Karrotia
6097;Karrotia;381;Karrotia;1.000000;93;Karrotia
6098;Ravkan Range;1015;Ravkan Range;1.000000;58;Lesser Lake
6099;Katjeisland;394;Katjeisland;1.000000;156;Novaplatten Channel
6100;Bunoshima;774;Bunoshima;1.000000;91;Lakeside City
6101;Leapbound;1286;Leapbound;1.000000;84;Lalaland
6102;Leapbound;1286;Leapbound;1.000000;84;Lalaland
6103;Leapbound;1286;Leapbound;1.000000;84;Lalaland
6104;Leapbound;1286;Leapbound;0.997214;84;Lalaland
6105;Leapbound;1286;Leapbound;1.000000;84;Lalaland
6106;Interfleuvie;1021;Interfleuvie;1.000000;58;Lesser Lake
6107;East Craiovetzi;400;East Craiovetzi;1.000000;201;Paradis Island
6108;East Craiovetzi;400;East Craiovetzi;1.000000;201;Paradis Island
6109;East Craiovetzi;400;East Craiovetzi;1.000000;201;Paradis Island
6110;East Craiovetzi;400;East Craiovetzi;1.000000;201;Paradis Island
6111;East Craiovetzi;400;East Craiovetzi;1.000000;201;Paradis Island
6112;East Craiovetzi;400;East Craiovetzi;1.000000;201;Paradis Island
6113;Tipanum;977;Tipanum;1.000000;106;Paraneon
6114;Tipanum;977;Tipanum;1.000000;106;Paraneon
6115;Rheilen;1353;Rheilen;1.000000;153;Katteneiland
6116;Dlapawien;392;Dlapawien;1.000000;164;Loutterian Peninsula
6117;Coeurlie;1033;Coeurlie;0.967254;79;Central Solakean Sea
6118;Reuniocelie Centrale;1034;Reuniocelie Centrale;0.946970;79;Central Solakean Sea
6119;Tetelibre;402;Tetelibre;0.940840;79;Central Solakean Sea
6120;Cote-Nord;1017;Cote-Nord;1.000000;291;Great Lake
6121;Tipanum;977;Tipanum;1.000000;106;Paraneon
6122;Ottre;1350;Ottre;1.000000;164;Loutterian Peninsula
6123;Firemaster Union;401;Firemaster Union;1.000000;88;Buncible
6124;Bunrry;759;Bunrry;1.000000;89;Covebun City
6125;Bunrry;759;Bunrry;1.000000;89;Covebun City
6126;Bunrry;759;Bunrry;1.000000;89;Covebun City
6127;Interfleuvie;1021;Interfleuvie;1.000000;58;Lesser Lake
6128;Interfleuvie;1021;Interfleuvie;0.659864;58;Lesser Lake
6129;Bas-Roquent;1020;Bas-Roquent;1.000000;58;Lesser Lake
6130;Rheilen;1353;Rheilen;1.000000;153;Katteneiland
6131;Rheilen;1353;Rheilen;1.000000;153;Katteneiland
6132;Rheilen;1353;Rheilen;1.000000;153;Katteneiland
6133;Firemaster Union;401;Firemaster Union;1.000000;88;Buncible
6134;Firemaster Union;401;Firemaster Union;1.000000;88;Buncible
6135;Collines Chaudiere;383;Collines Chaudiere;1.000000;58;Lesser Lake
6136;Near West Tipanum;367;Near West Tipanum;1.000000;115;Lundil
6137;Near West Tipanum;367;Near West Tipanum;1.000000;115;Lundil
6138;Near West Tipanum;367;Near West Tipanum;1.000000;115;Lundil
6139;Near West Tipanum;367;Near West Tipanum;1.000000;115;Lundil
6140;Ranagrad;1270;Ranagrad;1.000000;111;Ged'Tum
6141;Hopping Meadows;778;Hopping Meadows;1.000000;91;Lakeside City
6142;North Datlof;1273;North Datlof;1.000000;109;Majakhemer
6143;North Tipanum;1275;North Tipanum;1.000000;115;Lundil
6144;North Tipanum;1275;North Tipanum;1.000000;115;Lundil
6145;North Tipanum;1275;North Tipanum;1.000000;115;Lundil
6146;North Tipanum;1275;North Tipanum;1.000000;115;Lundil
6147;North Tipanum;1275;North Tipanum;1.000000;115;Lundil
6148;North Tipanum;1275;North Tipanum;1.000000;115;Lundil
6149;North Tipanum;1275;North Tipanum;1.000000;115;Lundil
6150;Firemaster Union;401;Firemaster Union;1.000000;88;Buncible
6151;Taupwald;1345;Taupwald;1.000000;164;Loutterian Peninsula
6152;Firemaster Union;401;Firemaster Union;1.000000;88;Buncible
6153;Ranagrad;1270;Ranagrad;1.000000;111;Ged'Tum
6154;Ranagrad;1270;Ranagrad;1.000000;111;Ged'Tum
6155;Ranagrad;1270;Ranagrad;1.000000;111;Ged'Tum
6156;Ranagrad;1270;Ranagrad;1.000000;111;Ged'Tum
6157;Buncible;755;Buncible;1.000000;88;Buncible
6158;Buncible;755;Buncible;1.000000;88;Buncible
6159;Buncible;755;Buncible;1.000000;88;Buncible
6160;Buncible;755;Buncible;1.000000;88;Buncible
6161;Ravkan Range;1015;Ravkan Range;1.000000;58;Lesser Lake
6162;Ravkan Range;1015;Ravkan Range;1.000000;58;Lesser Lake
6163;Ravkan Range;1015;Ravkan Range;1.000000;58;Lesser Lake
6164;Carotney;769;Carotney;1.000000;82;Bunville
6165;Carotney;769;Carotney;1.000000;82;Bunville
6166;Carotney;769;Carotney;1.000000;82;Bunville
6167;Bunvelline;779;Bunvelline;1.000000;91;Lakeside City
6168;Hopping Meadows;778;Hopping Meadows;1.000000;91;Lakeside City
6169;North The Valley;1282;North The Valley;1.000000;107;Kholina
6170;North The Valley;1282;North The Valley;1.000000;107;Kholina
6171;North The Valley;1282;North The Valley;1.000000;107;Kholina
6172;Bunrry;759;Bunrry;1.000000;89;Covebun City
6173;Baltiquie Superieure;364;Baltiquie Superieure;1.000000;97;Kepler
6174;Baltiquie Superieure;364;Baltiquie Superieure;1.000000;97;Kepler
6175;Lairen;958;Lairen;1.000000;116;Nacru
6176;Lairen;958;Lairen;1.000000;116;Nacru
6177;Lairen;958;Lairen;1.000000;116;Nacru
6178;Lairen;958;Lairen;1.000000;116;Nacru
6179;Lairen;958;Lairen;1.000000;116;Nacru
6180;Lairen;958;Lairen;1.000000;116;Nacru
6181;South Espen;390;South Espen;1.000000;109;Majakhemer
6182;South Espen;390;South Espen;1.000000;109;Majakhemer
6183;South Espen;390;South Espen;1.000000;109;Majakhemer
6184;South Espen;390;South Espen;1.000000;109;Majakhemer
6185;Purriland;834;Purriland;1.000000;153;Katteneiland
6186;Bunvelline;779;Bunvelline;1.000000;91;Lakeside City
6187;East The Valley;1280;East The Valley;1.000000;107;Kholina
6188;Ranagrad;1270;Ranagrad;1.000000;111;Ged'Tum
6189;Taupwald;1345;Taupwald;0.961353;164;Loutterian Peninsula
6190;Petit Loutteria;1358;Petit Loutteria;1.000000;164;Loutterian Peninsula
6191;Petit Loutteria;1358;Petit Loutteria;1.000000;164;Loutterian Peninsula
6192;Brashten;1349;Brashten;1.000000;164;Loutterian Peninsula
6193;Bunrry;759;Bunrry;1.000000;89;Covebun City
6194;Bunrry;759;Bunrry;1.000000;89;Covebun City
6195;Loudennes;1346;Loudennes;1.000000;164;Loutterian Peninsula
6196;Bunbunia;770;Bunbunia;1.000000;82;Bunville
6197;Bunbunia;770;Bunbunia;1.000000;82;Bunville
6198;Harity Falls;773;Harity Falls;1.000000;82;Bunville
6199;Harity Falls;773;Harity Falls;1.000000;82;Bunville
6200;North Datlof;1273;North Datlof;1.000000;109;Majakhemer
6201;East The Valley;1280;East The Valley;1.000000;107;Kholina
6202;Lily Groves;395;Lily Groves;1.000000;111;Ged'Tum
6203;Lily Groves;395;Lily Groves;1.000000;111;Ged'Tum
6204;Lily Groves;395;Lily Groves;1.000000;111;Ged'Tum
6205;Lily Groves;395;Lily Groves;1.000000;111;Ged'Tum
6206;Loudennes;1346;Loudennes;0.978102;164;Loutterian Peninsula
6207;Loudennes;1346;Loudennes;0.997636;164;Loutterian Peninsula
6208;Loudennes;1346;Loudennes;0.679191;164;Loutterian Peninsula
6209;Pawmariens;403;Pawmariens;0.981982;164;Loutterian Peninsula
6210;Carotney;769;Carotney;1.000000;82;Bunville
6211;Republic of the Bay;384;Republic of the Bay;0.516779;89;Covebun City
6212;Volcabun;756;Volcabun;0.994460;88;Buncible
6213;Oltenitza;391;Oltenitza;1.000000;112;Coltur
6214;Oltenitza;391;Oltenitza;1.000000;112;Coltur
6215;Oltenitza;391;Oltenitza;1.000000;112;Coltur
6216;Oltenitza;391;Oltenitza;1.000000;112;Coltur
6217;Oltenitza;391;Oltenitza;1.000000;112;Coltur
6218;Zeeland;407;Zeeland;1.000000;153;Katteneiland
6219;Zeeland;407;Zeeland;1.000000;153;Katteneiland
6220;Zeeland;407;Zeeland;1.000000;153;Katteneiland
6221;Zeeland;407;Zeeland;1.000000;153;Katteneiland
6222;Zeeland;407;Zeeland;1.000000;153;Katteneiland
6223;Zeeland;407;Zeeland;1.000000;153;Katteneiland
6224;Zeeland;407;Zeeland;1.000000;153;Katteneiland
6225;Cote Occidentale;805;Cote Occidentale;1.000000;291;Great Lake
6226;Cote Occidentale;805;Cote Occidentale;1.000000;291;Great Lake
6227;Firesea;754;Firesea;1.000000;88;Buncible
6228;Firesea;754;Firesea;1.000000;88;Buncible
6229;Interfleuvie;1021;Interfleuvie;1.000000;58;Lesser Lake
6230;Cote-Nord;1017;Cote-Nord;0.698545;291;Great Lake
6231;South Espen;390;South Espen;1.000000;109;Majakhemer
6232;Bunbunia;770;Bunbunia;1.000000;82;Bunville
6233;Bunbunia;770;Bunbunia;1.000000;82;Bunville
6234;Bunbunia;770;Bunbunia;1.000000;82;Bunville
6235;Kambosland;1352;Kambosland;1.000000;153;Katteneiland
6236;Harity Falls;773;Harity Falls;1.000000;82;Bunville
6237;Hallien;405;Hallien;1.000000;164;Loutterian Peninsula
6238;Hallien;405;Hallien;1.000000;164;Loutterian Peninsula
6239;Iles Salines;1022;Iles Salines;1.000000;291;Great Lake
6240;Nouvelle Yorke;804;Nouvelle Yorke;1.000000;97;Kepler
6241;Nouvelle Yorke;804;Nouvelle Yorke;1.000000;97;Kepler
6242;Nouvelle Yorke;804;Nouvelle Yorke;1.000000;97;Kepler
6243;Near West Tipanum;367;Near West Tipanum;1.000000;115;Lundil
6244;Oltenitza;391;Oltenitza;1.000000;112;Coltur
6245;Oltenitza;391;Oltenitza;1.000000;112;Coltur
6246;N.Pawsterdam North;833;N.Pawsterdam North;0.848416;153;Katteneiland
6247;Miauwhattan;382;Miauwhattan;1.000000;153;Katteneiland
6248;Miauwhattan;382;Miauwhattan;0.580902;153;Katteneiland
6249;Miauwhattan;382;Miauwhattan;1.000000;153;Katteneiland
6250;N.Pawsterdam South;832;N.Pawsterdam South;0.800000;153;Katteneiland
6251;Miauwhattan;382;Miauwhattan;1.000000;153;Katteneiland
6252;Miauwhattan;382;Miauwhattan;1.000000;153;Katteneiland
6253;Hallien;405;Hallien;1.000000;164;Loutterian Peninsula
6254;Lily Groves;395;Lily Groves;1.000000;111;Ged'Tum
6255;Grande Loutteria;791;Grande Loutteria;1.000000;164;Loutterian Peninsula
6256;Grande Loutteria;791;Grande Loutteria;1.000000;164;Loutterian Peninsula
6257;Western Shores;765;Western Shores;1.000000;82;Bunville
6258;Bas-Roquent;1020;Bas-Roquent;1.000000;58;Lesser Lake
6259;Harity Falls;773;Harity Falls;1.000000;82;Bunville
6260;Harity Falls;773;Harity Falls;1.000000;82;Bunville
6261;Earthmaster Quarries;411;Earthmaster Quarries;1.000000;94;Earthmaster Quarries
6262;Earthmaster Quarries;411;Earthmaster Quarries;1.000000;94;Earthmaster Quarries
6263;Earthmaster Quarries;411;Earthmaster Quarries;1.000000;94;Earthmaster Quarries
6264;Earthmaster Quarries;411;Earthmaster Quarries;1.000000;94;Earthmaster Quarries
6265;Earthmaster Quarries;411;Earthmaster Quarries;1.000000;94;Earthmaster Quarries
6266;Jorviland;831;Jorviland;1.000000;153;Katteneiland
6267;Jorviland;831;Jorviland;1.000000;153;Katteneiland
6268;Ottenon;1347;Ottenon;1.000000;164;Loutterian Peninsula
6269;Carotney;769;Carotney;1.000000;82;Bunville
6270;Carotney;769;Carotney;1.000000;82;Bunville
6271;Earthmaster Quarries;411;Earthmaster Quarries;1.000000;94;Earthmaster Quarries
6272;Near East The Valley;1281;Near East The Valley;1.000000;108;The Valley
6273;Kambosland;1352;Kambosland;1.000000;153;Katteneiland
6274;Kambosland;1352;Kambosland;1.000000;153;Katteneiland
6275;Ottenon;1347;Ottenon;1.000000;164;Loutterian Peninsula
6276;Ottenon;1347;Ottenon;1.000000;164;Loutterian Peninsula
6277;Volcabun;756;Volcabun;1.000000;88;Buncible
6278;Morghare;786;Morghare;1.000000;94;Earthmaster Quarries
6279;Morghare;786;Morghare;1.000000;94;Earthmaster Quarries
6280;Morghare;786;Morghare;1.000000;94;Earthmaster Quarries
6281;South Espen;390;South Espen;1.000000;109;Majakhemer
6282;South Espen;390;South Espen;1.000000;109;Majakhemer
6283;Western Shores;765;Western Shores;1.000000;82;Bunville
6284;Western Shores;765;Western Shores;1.000000;82;Bunville
6285;Firesea;754;Firesea;1.000000;88;Buncible
6286;Firesea;754;Firesea;1.000000;88;Buncible
6287;Firesea;754;Firesea;1.000000;88;Buncible
6288;East The Valley;1280;East The Valley;1.000000;107;Kholina
6289;Kambosland;1352;Kambosland;1.000000;153;Katteneiland
6290;Kambosland;1352;Kambosland;1.000000;153;Katteneiland
6291;Buncible;755;Buncible;1.000000;88;Buncible
6292;Roquestrie;1016;Roquestrie;1.000000;291;Great Lake
6293;Roquestrie;1016;Roquestrie;1.000000;291;Great Lake
6294;Ravkan Range;1015;Ravkan Range;1.000000;58;Lesser Lake
6295;Craiovetzi;304;Craiovetzi;1.000000;112;Coltur
6296;Craiovetzi;304;Craiovetzi;1.000000;112;Coltur
6297;Craiovetzi;304;Craiovetzi;1.000000;112;Coltur
6298;Craiovetzi;304;Craiovetzi;1.000000;112;Coltur
6299;Craiovetzi;304;Craiovetzi;1.000000;112;Coltur
6300;Craiovetzi;304;Craiovetzi;1.000000;112;Coltur
6301;Craiovetzi;304;Craiovetzi;1.000000;112;Coltur
6302;Craiovetzi;304;Craiovetzi;1.000000;112;Coltur
6303;Craiovetzi;304;Craiovetzi;1.000000;112;Coltur
6304;Bunbunia;770;Bunbunia;1.000000;82;Bunville
6305;Bunbunia;770;Bunbunia;1.000000;82;Bunville
6306;Harity Falls;773;Harity Falls;1.000000;82;Bunville
6307;Lairen;958;Lairen;1.000000;116;Nacru
6308;Kambosland;1352;Kambosland;1.000000;153;Katteneiland
6309;Kambosland;1352;Kambosland;1.000000;153;Katteneiland
6310;Kambosland;1352;Kambosland;1.000000;153;Katteneiland
6311;Baltiquie Inferieure;358;Baltiquie Inferieure;1.000000;97;Kepler
6312;Baltiquie Inferieure;358;Baltiquie Inferieure;0.997101;97;Kepler
6313;Hallien;405;Hallien;1.000000;164;Loutterian Peninsula
6314;South Espen;390;South Espen;1.000000;109;Majakhemer
6315;Lily Groves;395;Lily Groves;1.000000;111;Ged'Tum
6316;Arborian Shores;1030;Arborian Shores;1.000000;293;Drakodria
6317;Aaptun;396;Aaptun;1.000000;97;Kepler
6318;Aaptun;396;Aaptun;1.000000;97;Kepler
6319;South Espen;390;South Espen;1.000000;109;Majakhemer
6320;South Espen;390;South Espen;1.000000;109;Majakhemer
6321;Lesser Lake;365;Lesser Lake;1.000000;58;Lesser Lake
6322;West Tipanum;413;West Tipanum;1.000000;115;Lundil
6323;West Tipanum;413;West Tipanum;1.000000;115;Lundil
6324;West Tipanum;413;West Tipanum;1.000000;115;Lundil
6325;West Tipanum;413;West Tipanum;1.000000;115;Lundil
6326;Zeeland;407;Zeeland;1.000000;153;Katteneiland
6327;Ottenon;1347;Ottenon;1.000000;164;Loutterian Peninsula
6328;Lalaland;1285;Lalaland;1.000000;84;Lalaland
6329;Lalaland;1285;Lalaland;1.000000;84;Lalaland
6330;Lalaland;1285;Lalaland;1.000000;84;Lalaland
6331;Lalaland;1285;Lalaland;1.000000;84;Lalaland
6332;East The Valley;1280;East The Valley;1.000000;107;Kholina
6333;North Tipanum;1275;North Tipanum;1.000000;115;Lundil
6334;Pawmariens;403;Pawmariens;1.000000;164;Loutterian Peninsula
6335;Nouvelle Yorke;804;Nouvelle Yorke;1.000000;97;Kepler
6336;Nouvelle Yorke;804;Nouvelle Yorke;1.000000;97;Kepler
6337;Cote Sud;370;Cote Sud;1.000000;291;Great Lake
6338;Cote Sud;370;Cote Sud;1.000000;291;Great Lake
6339;Arborian Shores;1030;Arborian Shores;1.000000;293;Drakodria
6340;Arborian Shores;1030;Arborian Shores;1.000000;293;Drakodria
6341;Arborian Shores;1030;Arborian Shores;1.000000;293;Drakodria
6342;Yelbun;768;Yelbun;1.000000;82;Bunville
6343;Yelbun;768;Yelbun;1.000000;82;Bunville
6344;Yelbun;768;Yelbun;1.000000;82;Bunville
6345;Yelbun;768;Yelbun;1.000000;82;Bunville
6346;Harity Falls;773;Harity Falls;1.000000;82;Bunville
6347;Croakenburg;1271;Croakenburg;1.000000;111;Ged'Tum
6348;Croakenburg;1271;Croakenburg;1.000000;111;Ged'Tum
6349;Croakenburg;1271;Croakenburg;1.000000;111;Ged'Tum
6350;Morghare;786;Morghare;1.000000;94;Earthmaster Quarries
6351;Morghare;786;Morghare;1.000000;94;Earthmaster Quarries
6352;Lily Groves;395;Lily Groves;1.000000;111;Ged'Tum
6353;Oltenitza;391;Oltenitza;1.000000;112;Coltur
6354;Harity Falls;773;Harity Falls;1.000000;82;Bunville
6355;Baltiquie Inferieure;358;Baltiquie Inferieure;1.000000;97;Kepler
6356;Baltiquie Inferieure;358;Baltiquie Inferieure;1.000000;97;Kepler
6357;Lairen;958;Lairen;1.000000;116;Nacru
6358;Lairen;958;Lairen;1.000000;116;Nacru
6359;South Espen;390;South Espen;1.000000;109;Majakhemer
6360;South Espen;390;South Espen;1.000000;109;Majakhemer
6361;North The Valley;1282;North The Valley;1.000000;107;Kholina
6362;North The Valley;1282;North The Valley;1.000000;107;Kholina
6363;North The Valley;1282;North The Valley;1.000000;107;Kholina
6364;East The Valley;1280;East The Valley;1.000000;107;Kholina
6365;Western Shores;765;Western Shores;1.000000;82;Bunville
6366;Arborian Shores;1030;Arborian Shores;1.000000;293;Drakodria
6367;Lesser Lake;365;Lesser Lake;0.792937;58;Lesser Lake
6368;Lesser Lake;365;Lesser Lake;1.000000;58;Lesser Lake
6369;Daslai;959;Daslai;1.000000;110;Ordem
6370;Daslai;959;Daslai;1.000000;110;Ordem
6371;West Tipanum;413;West Tipanum;1.000000;115;Lundil
6372;Tsarigrad;1272;Tsarigrad;1.000000;113;Dov'Gil
6373;Tsarigrad;1272;Tsarigrad;1.000000;113;Dov'Gil
6374;Grande Loutteria;791;Grande Loutteria;1.000000;164;Loutterian Peninsula
6375;Bungle;753;Bungle;1.000000;88;Buncible
6376;Seaside Groves;415;Seaside Groves;1.000000;85;Vasmar
6377;Seaside Groves;415;Seaside Groves;1.000000;85;Vasmar
6378;Seaside Groves;415;Seaside Groves;1.000000;85;Vasmar
6379;Grandbuney;766;Grandbuney;1.000000;82;Bunville
6380;Grandbuney;766;Grandbuney;1.000000;82;Bunville
6381;Earthmaster Quarries;411;Earthmaster Quarries;1.000000;94;Earthmaster Quarries
6382;Yelbun;768;Yelbun;1.000000;82;Bunville
6383;Yelbun;768;Yelbun;1.000000;82;Bunville
6384;Firesea;754;Firesea;1.000000;88;Buncible
6385;Firesea;754;Firesea;1.000000;88;Buncible
6386;Upper Vasmar Ridge;1032;Upper Vasmar Ridge;1.000000;85;Vasmar
6387;Upper Vasmar Ridge;1032;Upper Vasmar Ridge;1.000000;85;Vasmar
6388;Bungle;753;Bungle;1.000000;88;Buncible
6389;Bungle;753;Bungle;0.980843;88;Buncible
6390;Bungle;753;Bungle;1.000000;88;Buncible
6391;Croakenburg;1271;Croakenburg;1.000000;111;Ged'Tum
6392;Croakenburg;1271;Croakenburg;1.000000;111;Ged'Tum
6393;Croakenburg;1271;Croakenburg;1.000000;111;Ged'Tum
6394;Harity Falls;773;Harity Falls;1.000000;82;Bunville
6395;Croakenburg;1271;Croakenburg;1.000000;111;Ged'Tum
6396;Bunbunia;770;Bunbunia;1.000000;82;Bunville
6397;Adhare;750;Adhare;1.000000;83;Harelyne
6398;Adhare;750;Adhare;1.000000;83;Harelyne
6399;Yelbun;768;Yelbun;1.000000;82;Bunville
6400;Yelbun;768;Yelbun;1.000000;82;Bunville
6401;Yelbun;768;Yelbun;1.000000;82;Bunville
6402;Pohtinville;781;Pohtinville;1.000000;82;Bunville
6403;Pohtinville;781;Pohtinville;1.000000;82;Bunville
6404;Pohtinville;781;Pohtinville;1.000000;82;Bunville
6405;Daslai;959;Daslai;1.000000;110;Ordem
6406;Far West Tundrabor;376;Far West Tundrabor;1.000000;107;Kholina
6407;Plavetan Range;964;Plavetan Range;1.000000;291;Great Lake
6408;North The Valley;1282;North The Valley;1.000000;107;Kholina
6409;Far West Tundrabor;376;Far West Tundrabor;1.000000;107;Kholina
6410;Far West Tundrabor;376;Far West Tundrabor;1.000000;107;Kholina
6411;Tsarigrad;1272;Tsarigrad;1.000000;113;Dov'Gil
6412;Plavetan Range;964;Plavetan Range;1.000000;291;Great Lake
6413;Plavetan Range;964;Plavetan Range;1.000000;291;Great Lake
6414;Plavetan Range;964;Plavetan Range;1.000000;291;Great Lake
6415;South Espen;390;South Espen;1.000000;109;Majakhemer
6416;Croakenburg;1271;Croakenburg;0.638596;111;Ged'Tum
6417;Northern Melkhiigra;1372;Northern Melkhiigra;1.000000;113;Dov'Gil
6418;Northern Melkhiigra;1372;Northern Melkhiigra;1.000000;113;Dov'Gil
6419;Northern Melkhiigra;1372;Northern Melkhiigra;1.000000;113;Dov'Gil
6420;Firesea;754;Firesea;1.000000;88;Buncible
6421;Aaptun;396;Aaptun;1.000000;97;Kepler
6422;Aaptun;396;Aaptun;1.000000;97;Kepler
6423;Shingia;351;Shingia;1.000000;116;Nacru
6424;Shingia;351;Shingia;1.000000;116;Nacru
6425;Shingia;351;Shingia;1.000000;116;Nacru
6426;Far West Tundrabor;376;Far West Tundrabor;1.000000;107;Kholina
6427;Far West Tundrabor;376;Far West Tundrabor;1.000000;107;Kholina
6428;Bungle;753;Bungle;1.000000;88;Buncible
6429;Bungle;753;Bungle;1.000000;88;Buncible
6430;Bungle;753;Bungle;1.000000;88;Buncible
6431;Earthmaster Quarries;411;Earthmaster Quarries;1.000000;94;Earthmaster Quarries
6432;Earthmaster Quarries;411;Earthmaster Quarries;1.000000;94;Earthmaster Quarries
6433;Upper Vasmar Ridge;1032;Upper Vasmar Ridge;1.000000;85;Vasmar
6434;Upper Vasmar Ridge;1032;Upper Vasmar Ridge;1.000000;85;Vasmar
6435;Upper Vasmar Ridge;1032;Upper Vasmar Ridge;1.000000;85;Vasmar
6436;Lesser Lake;365;Lesser Lake;1.000000;58;Lesser Lake
6437;Pohtinville;781;Pohtinville;1.000000;82;Bunville
6438;Greater Bunville;406;Greater Bunville;1.000000;82;Bunville
6439;Arborian Shores;1030;Arborian Shores;1.000000;293;Drakodria
6440;West Southport;419;West Southport;1.000000;251;Paluush Strait
6441;West Southport;419;West Southport;1.000000;251;Paluush Strait
6442;West Southport;419;West Southport;1.000000;251;Paluush Strait
6443;West Southport;419;West Southport;1.000000;251;Paluush Strait
6444;Northern Melkhiigra;1372;Northern Melkhiigra;1.000000;113;Dov'Gil
6445;Northern Melkhiigra;1372;Northern Melkhiigra;1.000000;113;Dov'Gil
6446;Chaparallia;1287;Chaparallia;1.000000;84;Lalaland
6447;Chaparallia;1287;Chaparallia;1.000000;84;Lalaland
6448;Chaparallia;1287;Chaparallia;1.000000;84;Lalaland
6449;Hideash;806;Hideash;1.000000;97;Kepler
6450;Hideash;806;Hideash;1.000000;97;Kepler
6451;Great Gap;416;Great Gap;1.000000;293;Drakodria
6452;South Irkentia;1284;South Irkentia;1.000000;117;Nouteq
6453;Greater Bunville;406;Greater Bunville;1.000000;82;Bunville
6454;Greater Bunville;406;Greater Bunville;1.000000;82;Bunville
6455;Western Hushed Forest;420;Western Hushed Forest;1.000000;86;Hushed Forest
6456;Western Hushed Forest;420;Western Hushed Forest;1.000000;86;Hushed Forest
6457;Western Hushed Forest;420;Western Hushed Forest;1.000000;86;Hushed Forest
6458;Western Hushed Forest;420;Western Hushed Forest;1.000000;86;Hushed Forest
6459;Western Hushed Forest;420;Western Hushed Forest;1.000000;86;Hushed Forest
6460;Adhare;750;Adhare;1.000000;83;Harelyne
6461;Adhare;750;Adhare;1.000000;83;Harelyne
6462;Upper Vasmar Ridge;1032;Upper Vasmar Ridge;1.000000;85;Vasmar
6463;Grandbuney;766;Grandbuney;1.000000;82;Bunville
6464;Lalaland;1285;Lalaland;1.000000;84;Lalaland
6465;Lalaland;1285;Lalaland;1.000000;84;Lalaland
6466;Espen;956;Espen;1.000000;116;Nacru
6467;South Irkentia;1284;South Irkentia;1.000000;117;Nouteq
6468;South Irkentia;1284;South Irkentia;1.000000;117;Nouteq
6469;Lalaland;1285;Lalaland;1.000000;84;Lalaland
6470;Silal;421;Silal;1.000000;97;Kepler
6471;Silal;421;Silal;1.000000;97;Kepler
6472;Silal;421;Silal;1.000000;97;Kepler
6473;Greater Bunville;406;Greater Bunville;1.000000;82;Bunville
6474;Greater Bunville;406;Greater Bunville;1.000000;82;Bunville
6475;Great Gap;416;Great Gap;1.000000;293;Drakodria
6476;Great Gap;416;Great Gap;1.000000;293;Drakodria
6477;South Espen;390;South Espen;1.000000;109;Majakhemer
6478;Carot Springs;772;Carot Springs;1.000000;95;Airmaster Sanctuaries
6479;Western Altairyu;965;Western Altairyu;1.000000;110;Ordem
6480;Western Altairyu;965;Western Altairyu;1.000000;110;Ordem
6481;Daslai;959;Daslai;1.000000;110;Ordem
6482;West Tipanum;413;West Tipanum;1.000000;115;Lundil
6483;East Tartaphrogia;433;East Tartaphrogia;1.000000;112;Coltur
6484;East Tartaphrogia;433;East Tartaphrogia;1.000000;112;Coltur
6485;East Tartaphrogia;433;East Tartaphrogia;1.000000;112;Coltur
6486;East Tartaphrogia;433;East Tartaphrogia;1.000000;112;Coltur
6487;Grandbuney;766;Grandbuney;1.000000;82;Bunville
6488;Grandbuney;766;Grandbuney;1.000000;82;Bunville
6489;Grandbuney;766;Grandbuney;1.000000;82;Bunville
6490;Grandbuney;766;Grandbuney;1.000000;82;Bunville
6491;Daslai;959;Daslai;1.000000;110;Ordem
6492;Daslai;959;Daslai;1.000000;110;Ordem
6493;Hushed Frontier;1031;Hushed Frontier;1.000000;293;Drakodria
6494;Hideash;806;Hideash;0.705479;97;Kepler
6495;Plavevivorea;425;Plavevivorea;0.545171;97;Kepler
6496;Plavevivorea;425;Plavevivorea;1.000000;97;Kepler
6497;Plavevivorea;425;Plavevivorea;1.000000;97;Kepler
6498;Espen;956;Espen;1.000000;116;Nacru
6499;Espen;956;Espen;1.000000;116;Nacru
6500;Silal;421;Silal;1.000000;97;Kepler
6501;Silal;421;Silal;1.000000;97;Kepler
6502;Silal;421;Silal;1.000000;97;Kepler
6503;Tsarigrad;1272;Tsarigrad;1.000000;113;Dov'Gil
6504;Tsarigrad;1272;Tsarigrad;1.000000;113;Dov'Gil
6505;Pohtinville;781;Pohtinville;1.000000;82;Bunville
6506;Carot Springs;772;Carot Springs;1.000000;95;Airmaster Sanctuaries
6507;Carot Springs;772;Carot Springs;1.000000;95;Airmaster Sanctuaries
6508;Carot Springs;772;Carot Springs;1.000000;95;Airmaster Sanctuaries
6509;Carot Springs;772;Carot Springs;1.000000;95;Airmaster Sanctuaries
6510;Adhare;750;Adhare;1.000000;83;Harelyne
6511;Adhare;750;Adhare;0.997067;83;Harelyne
6512;Adhare;750;Adhare;1.000000;83;Harelyne
6513;Buntowel;783;Buntowel;1.000000;94;Earthmaster Quarries
6514;Buntowel;783;Buntowel;1.000000;94;Earthmaster Quarries
6515;Airmaster Sanctuaries;422;Airmaster Sanctuaries;1.000000;95;Airmaster Sanctuaries
6516;West Tundrabor;1277;West Tundrabor;1.000000;118;Cerepisenia
6517;Airmaster Sanctuaries;422;Airmaster Sanctuaries;1.000000;95;Airmaster Sanctuaries
6518;Airmaster Sanctuaries;422;Airmaster Sanctuaries;1.000000;95;Airmaster Sanctuaries
6519;Airmaster Sanctuaries;422;Airmaster Sanctuaries;1.000000;95;Airmaster Sanctuaries
6520;Airmaster Sanctuaries;422;Airmaster Sanctuaries;1.000000;95;Airmaster Sanctuaries
6521;Western Altairyu;965;Western Altairyu;1.000000;110;Ordem
6522;Shingia;351;Shingia;1.000000;116;Nacru
6523;Shingia;351;Shingia;1.000000;116;Nacru
6524;South Irkentia;1284;South Irkentia;1.000000;117;Nouteq
6525;South Irkentia;1284;South Irkentia;1.000000;117;Nouteq
6526;Eastern Altairyu;369;Eastern Altairyu;1.000000;110;Ordem
6527;Eastern Altairyu;369;Eastern Altairyu;1.000000;110;Ordem
6528;Eastern Altairyu;369;Eastern Altairyu;1.000000;110;Ordem
6529;Eastern Altairyu;369;Eastern Altairyu;1.000000;110;Ordem
6530;Eastern Altairyu;369;Eastern Altairyu;1.000000;110;Ordem
6531;Eastern Altairyu;369;Eastern Altairyu;1.000000;110;Ordem
6532;Eastern Altairyu;369;Eastern Altairyu;1.000000;110;Ordem
6533;South Harelene;1309;South Harelene;1.000000;252;Kerak
6534;South Harelene;1309;South Harelene;1.000000;252;Kerak
6535;South Harelene;1309;South Harelene;1.000000;252;Kerak
6536;South Harelene;1309;South Harelene;1.000000;252;Kerak
6537;South Harelene;1309;South Harelene;1.000000;252;Kerak
6538;South Harelene;1309;South Harelene;1.000000;252;Kerak
6539;Bundor;785;Bundor;1.000000;94;Earthmaster Quarries
6540;Buntowel;783;Buntowel;1.000000;94;Earthmaster Quarries
6541;Buntowel;783;Buntowel;1.000000;94;Earthmaster Quarries
6542;Buntowel;783;Buntowel;1.000000;94;Earthmaster Quarries
6543;Bundor;785;Bundor;1.000000;94;Earthmaster Quarries
6544;Western Altairyu;965;Western Altairyu;1.000000;110;Ordem
6545;Western Altairyu;965;Western Altairyu;1.000000;110;Ordem
6546;South Irkentia;1284;South Irkentia;1.000000;117;Nouteq
6547;South Irkentia;1284;South Irkentia;1.000000;117;Nouteq
6548;South Irkentia;1284;South Irkentia;1.000000;117;Nouteq
6549;South Irkentia;1284;South Irkentia;1.000000;117;Nouteq
6550;South Irkentia;1284;South Irkentia;1.000000;117;Nouteq
6551;Lalaland;1285;Lalaland;1.000000;84;Lalaland
6552;Seaside Groves;415;Seaside Groves;0.848315;85;Vasmar
6553;Western Slopes;414;Western Slopes;0.554187;85;Vasmar
6554;Western Slopes;414;Western Slopes;0.987624;85;Vasmar
6555;Western Slopes;414;Western Slopes;1.000000;85;Vasmar
6556;South Irkentia;1284;South Irkentia;1.000000;117;Nouteq
6557;Nouvelle-Chaville;430;Nouvelle-Chaville;1.000000;113;Dov'Gil
6558;West Tundrabor;1277;West Tundrabor;1.000000;118;Cerepisenia
6559;Far West Tundrabor;376;Far West Tundrabor;1.000000;107;Kholina
6560;Far West Tundrabor;376;Far West Tundrabor;1.000000;107;Kholina
6561;Far West Tundrabor;376;Far West Tundrabor;1.000000;107;Kholina
6562;West Tundrabor;1277;West Tundrabor;1.000000;118;Cerepisenia
6563;West Tundrabor;1277;West Tundrabor;1.000000;118;Cerepisenia
6564;Great Gap;416;Great Gap;1.000000;293;Drakodria
6565;Millennial Frontier;1029;Millennial Frontier;1.000000;293;Drakodria
6566;Espen;956;Espen;1.000000;116;Nacru
6567;Espen;956;Espen;1.000000;116;Nacru
6568;Espen;956;Espen;1.000000;116;Nacru
6569;West Tundrabor;1277;West Tundrabor;1.000000;118;Cerepisenia
6570;West Tundrabor;1277;West Tundrabor;1.000000;118;Cerepisenia
6571;West Tundrabor;1277;West Tundrabor;1.000000;118;Cerepisenia
6572;Tartaphrogia;1373;Tartaphrogia;1.000000;113;Dov'Gil
6573;Tartaphrogia;1373;Tartaphrogia;1.000000;113;Dov'Gil
6574;Grove Plains;1028;Grove Plains;1.000000;85;Vasmar
6575;Grove Plains;1028;Grove Plains;1.000000;85;Vasmar
6576;Grove Plains;1028;Grove Plains;1.000000;85;Vasmar
6577;Grove Plains;1028;Grove Plains;1.000000;85;Vasmar
6578;Northern Hervus;355;Northern Hervus;1.000000;110;Ordem
6579;Northern Hervus;355;Northern Hervus;1.000000;110;Ordem
6580;Northern Hervus;355;Northern Hervus;1.000000;110;Ordem
6581;Northern Hervus;355;Northern Hervus;1.000000;110;Ordem
6582;Northern Hervus;355;Northern Hervus;1.000000;110;Ordem
6583;Northern Hervus;355;Northern Hervus;1.000000;110;Ordem
6584;Northern Hervus;355;Northern Hervus;1.000000;110;Ordem
6585;Grandbun Woods;788;Grandbun Woods;1.000000;82;Bunville
6586;Grandbun Woods;788;Grandbun Woods;1.000000;82;Bunville
6587;Grandbun Woods;788;Grandbun Woods;1.000000;82;Bunville
6588;Grandbun Woods;788;Grandbun Woods;1.000000;82;Bunville
6589;Bungle;753;Bungle;1.000000;88;Buncible
6590;Nouvelle-Chaville;430;Nouvelle-Chaville;0.885852;113;Dov'Gil
6591;Nouvelle-Ronronlin;268;Nouvelle-Ronronlin;1.000000;113;Dov'Gil
6592;Nouvelle-Ronronlin;268;Nouvelle-Ronronlin;1.000000;113;Dov'Gil
6593;Nouvelle-Chaville;430;Nouvelle-Chaville;1.000000;113;Dov'Gil
6594;Chaparallia;1287;Chaparallia;1.000000;84;Lalaland
6595;Chaparallia;1287;Chaparallia;1.000000;84;Lalaland
6596;South Harelene;1309;South Harelene;1.000000;252;Kerak
6597;Greater Bunville;406;Greater Bunville;1.000000;82;Bunville
6598;Lalaland;1285;Lalaland;1.000000;84;Lalaland
6599;Chaparallia;1287;Chaparallia;1.000000;84;Lalaland
6600;Eastern Hushed Forest;426;Eastern Hushed Forest;1.000000;97;Kepler
6601;Eastern Hushed Forest;426;Eastern Hushed Forest;1.000000;97;Kepler
6602;Eastern Hushed Forest;426;Eastern Hushed Forest;1.000000;97;Kepler
6603;East Irkentia;1283;East Irkentia;1.000000;117;Nouteq
6604;East Irkentia;1283;East Irkentia;1.000000;117;Nouteq
6605;East Irkentia;1283;East Irkentia;1.000000;117;Nouteq
6606;East Irkentia;1283;East Irkentia;1.000000;117;Nouteq
6607;South Irkentia;1284;South Irkentia;1.000000;117;Nouteq
6608;Far West Southport;1310;Far West Southport;1.000000;252;Kerak
6609;Far West Southport;1310;Far West Southport;1.000000;252;Kerak
6610;Far West Southport;1310;Far West Southport;1.000000;252;Kerak
6611;Far West Southport;1310;Far West Southport;1.000000;252;Kerak
6612;Far West Southport;1310;Far West Southport;1.000000;252;Kerak
6613;Upbuntrick;763;Upbuntrick;1.000000;95;Airmaster Sanctuaries
6614;Upbuntrick;763;Upbuntrick;1.000000;95;Airmaster Sanctuaries
6615;Central Hushed Forest;368;Central Hushed Forest;1.000000;86;Hushed Forest
6616;Central Hushed Forest;368;Central Hushed Forest;1.000000;86;Hushed Forest
6617;Central Hushed Forest;368;Central Hushed Forest;1.000000;86;Hushed Forest
6618;Central Hushed Forest;368;Central Hushed Forest;1.000000;86;Hushed Forest
6619;Eastern Hushed Forest;426;Eastern Hushed Forest;1.000000;97;Kepler
6620;Grandhaven;1027;Grandhaven;1.000000;293;Drakodria
6621;Grandhaven;1027;Grandhaven;1.000000;293;Drakodria
6622;Pidin;853;Pidin;1.000000;172;Kipu
6623;Pidin;853;Pidin;1.000000;172;Kipu
6624;Pidin;853;Pidin;1.000000;172;Kipu
6625;Pidin;853;Pidin;1.000000;172;Kipu
6626;Pidin;853;Pidin;1.000000;172;Kipu
6627;Bundor;785;Bundor;1.000000;94;Earthmaster Quarries
6628;Bundor;785;Bundor;1.000000;94;Earthmaster Quarries
6629;Buntowel;783;Buntowel;0.851906;94;Earthmaster Quarries
6630;Buntowel;783;Buntowel;1.000000;94;Earthmaster Quarries
6631;Grove Plains;1028;Grove Plains;1.000000;85;Vasmar
6632;Pohtinville;781;Pohtinville;1.000000;82;Bunville
6633;Pohtinville;781;Pohtinville;1.000000;82;Bunville
6634;Carot Springs;772;Carot Springs;1.000000;95;Airmaster Sanctuaries
6635;Bundor;785;Bundor;1.000000;94;Earthmaster Quarries
6636;Shar;953;Shar;1.000000;98;Plaveta
6637;Provicae;412;Provicae;1.000000;98;Plaveta
6638;Provicae;412;Provicae;1.000000;98;Plaveta
6639;Provicae;412;Provicae;1.000000;98;Plaveta
6640;Provicae;412;Provicae;1.000000;98;Plaveta
6641;Provicae;412;Provicae;1.000000;98;Plaveta
6642;Provicae;412;Provicae;1.000000;98;Plaveta
6643;Provicae;412;Provicae;1.000000;98;Plaveta
6644;Tundrabor;978;Tundrabor;1.000000;114;Vauro
6645;Adhare;750;Adhare;1.000000;83;Harelyne
6646;Grandbun Woods;788;Grandbun Woods;1.000000;82;Bunville
6647;Grandbun Woods;788;Grandbun Woods;1.000000;82;Bunville
6648;Croakenburg;1271;Croakenburg;0.550420;111;Ged'Tum
6649;Shar;953;Shar;1.000000;98;Plaveta
6650;Shar;953;Shar;1.000000;98;Plaveta
6651;Shar;953;Shar;1.000000;98;Plaveta
6652;Shar;953;Shar;1.000000;98;Plaveta
6653;Shar;953;Shar;1.000000;98;Plaveta
6654;Tartaphrogia;1373;Tartaphrogia;1.000000;113;Dov'Gil
6655;Tartaphrogia;1373;Tartaphrogia;1.000000;113;Dov'Gil
6656;Airmaster Sanctuaries;422;Airmaster Sanctuaries;1.000000;95;Airmaster Sanctuaries
6657;Airmaster Sanctuaries;422;Airmaster Sanctuaries;1.000000;95;Airmaster Sanctuaries
6658;Airmaster Sanctuaries;422;Airmaster Sanctuaries;1.000000;95;Airmaster Sanctuaries
6659;Bunteria;399;Bunteria;1.000000;84;Lalaland
6660;Bunteria;399;Bunteria;1.000000;84;Lalaland
6661;Bunteria;399;Bunteria;1.000000;84;Lalaland
6662;Bunteria;399;Bunteria;1.000000;84;Lalaland
6663;Bunteria;399;Bunteria;1.000000;84;Lalaland
6664;Bunteria;399;Bunteria;1.000000;84;Lalaland
6665;Bunteria;399;Bunteria;1.000000;84;Lalaland
6666;Magnatia;957;Magnatia;1.000000;146;Solstia
6667;Magnatia;957;Magnatia;1.000000;146;Solstia
6668;Magnatia;957;Magnatia;1.000000;146;Solstia
6669;Millennial Frontier;1029;Millennial Frontier;1.000000;293;Drakodria
6670;Millennial Frontier;1029;Millennial Frontier;1.000000;293;Drakodria
6671;Magnatia;957;Magnatia;1.000000;146;Solstia
6672;Magnatia;957;Magnatia;1.000000;146;Solstia
6673;Silal;421;Silal;1.000000;97;Kepler
6674;Southport;749;Southport;1.000000;83;Harelyne
6675;Southport;749;Southport;1.000000;83;Harelyne
6676;Southport;749;Southport;1.000000;83;Harelyne
6677;Southport;749;Southport;1.000000;83;Harelyne
6678;Southport;749;Southport;1.000000;83;Harelyne
6679;Western Slopes;414;Western Slopes;1.000000;85;Vasmar
6680;Grandhaven;1027;Grandhaven;0.830626;293;Drakodria
6681;South Vasmar Ridge;1026;South Vasmar Ridge;1.000000;85;Vasmar
6682;Plavevivorea;425;Plavevivorea;1.000000;97;Kepler
6683;Plavevivorea;425;Plavevivorea;1.000000;97;Kepler
6684;Pohtinville;781;Pohtinville;1.000000;82;Bunville
6685;Harelyne Magocracy;418;Harelyne Magocracy;0.992665;83;Harelyne
6686;Zhangbun;771;Zhangbun;1.000000;95;Airmaster Sanctuaries
6687;Zhangbun;771;Zhangbun;1.000000;95;Airmaster Sanctuaries
6688;Zhangbun;771;Zhangbun;1.000000;95;Airmaster Sanctuaries
6689;Zhangbun;771;Zhangbun;1.000000;95;Airmaster Sanctuaries
6690;Copse Shores;1288;Copse Shores;1.000000;84;Lalaland
6691;Copse Shores;1288;Copse Shores;1.000000;84;Lalaland
6692;Copse Shores;1288;Copse Shores;1.000000;84;Lalaland
6693;Copse Shores;1288;Copse Shores;1.000000;84;Lalaland
6694;Copse Shores;1288;Copse Shores;1.000000;84;Lalaland
6695;Grandbun Woods;788;Grandbun Woods;1.000000;82;Bunville
6696;Tundrabor;978;Tundrabor;1.000000;114;Vauro
6697;Tundrabor;978;Tundrabor;1.000000;114;Vauro
6698;Tundrabor;978;Tundrabor;1.000000;114;Vauro
6699;Tundrabor;978;Tundrabor;1.000000;114;Vauro
6700;Near West Southport;1306;Near West Southport;1.000000;252;Kerak
6701;Near West Southport;1306;Near West Southport;1.000000;252;Kerak
6702;Near West Southport;1306;Near West Southport;1.000000;252;Kerak
6703;Near West Southport;1306;Near West Southport;1.000000;252;Kerak
6704;Near West Southport;1306;Near West Southport;1.000000;252;Kerak
6705;Near West Southport;1306;Near West Southport;1.000000;252;Kerak
6706;Near West Southport;1306;Near West Southport;1.000000;252;Kerak
6707;Southport;749;Southport;0.996774;83;Harelyne
6708;Southport;749;Southport;1.000000;83;Harelyne
6709;East Tundrabor;439;East Tundrabor;1.000000;114;Vauro
6710;East Tundrabor;439;East Tundrabor;1.000000;114;Vauro
6711;East Tundrabor;439;East Tundrabor;1.000000;114;Vauro
6712;South Vasmar Ridge;1026;South Vasmar Ridge;1.000000;85;Vasmar
6713;South Vasmar Ridge;1026;South Vasmar Ridge;1.000000;85;Vasmar
6714;Bunmal;767;Bunmal;1.000000;82;Bunville
6715;Bunmal;767;Bunmal;1.000000;82;Bunville
6716;Bunmal;767;Bunmal;1.000000;82;Bunville
6717;Zhangbun;771;Zhangbun;1.000000;95;Airmaster Sanctuaries
6718;Zhangbun;771;Zhangbun;1.000000;95;Airmaster Sanctuaries
6719;Grove Bounds;366;Grove Bounds;1.000000;87;Talsan'ar
6720;Grove Bounds;366;Grove Bounds;1.000000;87;Talsan'ar
6721;Grove Bounds;366;Grove Bounds;1.000000;87;Talsan'ar
6722;Grove Bounds;366;Grove Bounds;1.000000;87;Talsan'ar
6723;Eden;428;Eden;1.000000;98;Plaveta
6724;Eden;428;Eden;1.000000;98;Plaveta
6725;Harelyne Magocracy;418;Harelyne Magocracy;1.000000;83;Harelyne
6726;Upbuntrick;763;Upbuntrick;1.000000;95;Airmaster Sanctuaries
6727;Buntowel;783;Buntowel;1.000000;94;Earthmaster Quarries
6728;Southport;749;Southport;1.000000;83;Harelyne
6729;Airmaster Sanctuaries;422;Airmaster Sanctuaries;1.000000;95;Airmaster Sanctuaries
6730;Far East Irkentia;424;Far East Irkentia;1.000000;118;Cerepisenia
6731;Far East Irkentia;424;Far East Irkentia;1.000000;118;Cerepisenia
6732;Far East Irkentia;424;Far East Irkentia;1.000000;118;Cerepisenia
6733;Far East Irkentia;424;Far East Irkentia;1.000000;118;Cerepisenia
6734;Far East Irkentia;424;Far East Irkentia;1.000000;118;Cerepisenia
6735;Harelyne Magocracy;418;Harelyne Magocracy;1.000000;83;Harelyne
6736;Harelyne Magocracy;418;Harelyne Magocracy;1.000000;83;Harelyne
6737;Harelyne Magocracy;418;Harelyne Magocracy;1.000000;83;Harelyne
6738;Harelyne Magocracy;418;Harelyne Magocracy;1.000000;83;Harelyne
6739;Grandbuney;766;Grandbuney;1.000000;82;Bunville
6740;Irkentia;435;Irkentia;1.000000;116;Nacru
6741;Irkentia;435;Irkentia;1.000000;116;Nacru
6742;Irkentia;435;Irkentia;1.000000;116;Nacru
6743;Irkentia;435;Irkentia;1.000000;116;Nacru
6744;Irkentia;435;Irkentia;1.000000;116;Nacru
6745;Irkentia;435;Irkentia;1.000000;116;Nacru
6746;Rockenbun;784;Rockenbun;1.000000;94;Earthmaster Quarries
6747;Rockenbun;784;Rockenbun;1.000000;94;Earthmaster Quarries
6748;Rockenbun;784;Rockenbun;1.000000;94;Earthmaster Quarries
6749;Bunmal;767;Bunmal;1.000000;82;Bunville
6750;Rockenbun;784;Rockenbun;1.000000;94;Earthmaster Quarries
6751;Regnus;404;Regnus;1.000000;146;Solstia
6752;Regnus;404;Regnus;1.000000;146;Solstia
6753;Regnus;404;Regnus;1.000000;146;Solstia
6754;Regnus;404;Regnus;1.000000;146;Solstia
6755;Regnus;404;Regnus;1.000000;146;Solstia
6756;Regnus;404;Regnus;1.000000;146;Solstia
6757;Regnus;404;Regnus;1.000000;146;Solstia
6758;Regnus;404;Regnus;1.000000;146;Solstia
6759;Near West Tundrabor;1278;Near West Tundrabor;1.000000;118;Cerepisenia
6760;Near West Tundrabor;1278;Near West Tundrabor;1.000000;118;Cerepisenia
6761;Near West Tundrabor;1278;Near West Tundrabor;1.000000;118;Cerepisenia
6762;Near West Tundrabor;1278;Near West Tundrabor;1.000000;118;Cerepisenia
6763;Near West Tundrabor;1278;Near West Tundrabor;1.000000;118;Cerepisenia
6764;Far East Irkentia;424;Far East Irkentia;1.000000;118;Cerepisenia
6765;Far East Irkentia;424;Far East Irkentia;1.000000;118;Cerepisenia
6766;Far East Irkentia;424;Far East Irkentia;1.000000;118;Cerepisenia
6767;Extreme Ridges;444;Extreme Ridges;1.000000;85;Vasmar
6768;Extreme Ridges;444;Extreme Ridges;1.000000;85;Vasmar
6769;East Irkentia;1283;East Irkentia;1.000000;117;Nouteq
6770;East Irkentia;1283;East Irkentia;1.000000;117;Nouteq
6771;Near South Harelene;423;Near South Harelene;1.000000;252;Kerak
6772;Near South Harelene;423;Near South Harelene;1.000000;252;Kerak
6773;Near South Harelene;423;Near South Harelene;1.000000;252;Kerak
6774;Near South Harelene;423;Near South Harelene;1.000000;252;Kerak
6775;Near South Harelene;423;Near South Harelene;1.000000;252;Kerak
6776;Copse Shores;1288;Copse Shores;1.000000;84;Lalaland
6777;Plavetan Groves;432;Plavetan Groves;1.000000;98;Plaveta
6778;Near West Tundrabor;1278;Near West Tundrabor;1.000000;118;Cerepisenia
6779;Hareport;787;Hareport;1.000000;82;Bunville
6780;Hareport;787;Hareport;1.000000;82;Bunville
6781;Magnatia;957;Magnatia;1.000000;146;Solstia
6782;East Tundrabor;439;East Tundrabor;1.000000;114;Vauro
6783;Millennial Frontier;1029;Millennial Frontier;1.000000;293;Drakodria
6784;Plavetan Groves;432;Plavetan Groves;1.000000;98;Plaveta
6785;Tundrabor;978;Tundrabor;1.000000;114;Vauro
6786;East Tartaphrogia;433;East Tartaphrogia;1.000000;112;Coltur
6787;Lhara;762;Lhara;1.000000;95;Airmaster Sanctuaries
6788;Neu-Meo;803;Neu-Meo;1.000000;98;Plaveta
6789;Neu-Meo;803;Neu-Meo;1.000000;98;Plaveta
6790;Neu-Meo;803;Neu-Meo;1.000000;98;Plaveta
6791;Extreme Ridges;444;Extreme Ridges;1.000000;85;Vasmar
6792;Iron Mounts;817;Iron Mounts;1.000000;87;Talsan'ar
6793;Paol;955;Paol;1.000000;146;Solstia
6794;Paol;955;Paol;1.000000;146;Solstia
6795;Paol;955;Paol;1.000000;146;Solstia
6796;Paol;955;Paol;1.000000;146;Solstia
6797;Koti;855;Koti;1.000000;172;Kipu
6798;Koti;855;Koti;1.000000;172;Kipu
6799;Koti;855;Koti;1.000000;172;Kipu
6800;Koti;855;Koti;1.000000;172;Kipu
6801;Koti;855;Koti;1.000000;172;Kipu
6802;Koti;855;Koti;1.000000;172;Kipu
6803;Koti;855;Koti;1.000000;172;Kipu
6804;Plavetan Groves;432;Plavetan Groves;1.000000;98;Plaveta
6805;Plavetan Groves;432;Plavetan Groves;1.000000;98;Plaveta
6806;Near West Tundrabor;1278;Near West Tundrabor;1.000000;118;Cerepisenia
6807;Near West Southport;1306;Near West Southport;1.000000;252;Kerak
6808;Near West Southport;1306;Near West Southport;1.000000;252;Kerak
6809;Arctic Shores;410;Arctic Shores;1.000000;293;Drakodria
6810;Arctic Shores;410;Arctic Shores;1.000000;293;Drakodria
6811;Arctic Shores;410;Arctic Shores;1.000000;293;Drakodria
6812;Arctic Shores;410;Arctic Shores;1.000000;293;Drakodria
6813;Arctic Shores;410;Arctic Shores;1.000000;293;Drakodria
6814;Iron Mounts;817;Iron Mounts;1.000000;87;Talsan'ar
6815;Iron Mounts;817;Iron Mounts;1.000000;87;Talsan'ar
6816;Hareport;787;Hareport;1.000000;82;Bunville
6817;Hareport;787;Hareport;1.000000;82;Bunville
6818;Hareport;787;Hareport;1.000000;82;Bunville
6819;Buntowel;783;Buntowel;1.000000;94;Earthmaster Quarries
6820;Eden;428;Eden;1.000000;98;Plaveta
6821;Millennial Frontier;1029;Millennial Frontier;1.000000;293;Drakodria
6822;Southern Hervus;963;Southern Hervus;1.000000;146;Solstia
6823;Southern Hervus;963;Southern Hervus;1.000000;146;Solstia
6824;Southern Hervus;963;Southern Hervus;1.000000;146;Solstia
6825;Chaisen;960;Chaisen;1.000000;146;Solstia
6826;Chaisen;960;Chaisen;1.000000;146;Solstia
6827;Chaisen;960;Chaisen;1.000000;146;Solstia
6828;Chaisen;960;Chaisen;1.000000;146;Solstia
6829;Bundraford;751;Bundraford;1.000000;83;Harelyne
6830;Bundraford;751;Bundraford;1.000000;83;Harelyne
6831;Bundraford;751;Bundraford;1.000000;83;Harelyne
6832;Near East Irkentia;427;Near East Irkentia;1.000000;117;Nouteq
6833;Near East Irkentia;427;Near East Irkentia;1.000000;117;Nouteq
6834;Hareport;787;Hareport;1.000000;82;Bunville
6835;Near East Irkentia;427;Near East Irkentia;1.000000;117;Nouteq
6836;Near East Irkentia;427;Near East Irkentia;1.000000;117;Nouteq
6837;Near East Irkentia;427;Near East Irkentia;1.000000;117;Nouteq
6838;Rockenbun;784;Rockenbun;1.000000;94;Earthmaster Quarries
6839;Lhara;762;Lhara;1.000000;95;Airmaster Sanctuaries
6840;Kipu;434;Kipu;1.000000;172;Kipu
6841;Kipu;434;Kipu;1.000000;172;Kipu
6842;Kipu;434;Kipu;1.000000;172;Kipu
6843;Kipu;434;Kipu;1.000000;172;Kipu
6844;Kipu;434;Kipu;1.000000;172;Kipu
6845;Rockenbun;784;Rockenbun;1.000000;94;Earthmaster Quarries
6846;Copse Shores;1288;Copse Shores;1.000000;84;Lalaland
6847;Rockenbun;784;Rockenbun;1.000000;94;Earthmaster Quarries
6848;Rockenbun;784;Rockenbun;1.000000;94;Earthmaster Quarries
6849;Rockenbun;784;Rockenbun;1.000000;94;Earthmaster Quarries
6850;Arctic Shores;410;Arctic Shores;1.000000;293;Drakodria
6851;Chaisen;960;Chaisen;1.000000;146;Solstia
6852;Near West Tundrabor;1278;Near West Tundrabor;1.000000;118;Cerepisenia
6853;Near West Tundrabor;1278;Near West Tundrabor;1.000000;118;Cerepisenia
6854;Bunmal;767;Bunmal;1.000000;82;Bunville
6855;Zhangbun;771;Zhangbun;1.000000;95;Airmaster Sanctuaries
6856;Far East Irkentia;424;Far East Irkentia;1.000000;118;Cerepisenia
6857;Far East Irkentia;424;Far East Irkentia;1.000000;118;Cerepisenia
6858;Lhara;762;Lhara;1.000000;95;Airmaster Sanctuaries
6859;Near East Irkentia;427;Near East Irkentia;1.000000;117;Nouteq
6860;Ravrianta;436;Ravrianta;1.000000;87;Talsan'ar
6861;Port Ravke;431;Port Ravke;1.000000;87;Talsan'ar
6862;Port Ravke;431;Port Ravke;0.566591;87;Talsan'ar
6863;Port Ravke;431;Port Ravke;1.000000;87;Talsan'ar
6864;Lhara;762;Lhara;1.000000;95;Airmaster Sanctuaries
6865;Lhara;762;Lhara;1.000000;95;Airmaster Sanctuaries
6866;Buyantse;764;Buyantse;1.000000;95;Airmaster Sanctuaries
6867;Buyantse;764;Buyantse;1.000000;95;Airmaster Sanctuaries
6868;Reijen;954;Reijen;1.000000;98;Plaveta
6869;Reijen;954;Reijen;1.000000;98;Plaveta
6870;Reijen;954;Reijen;1.000000;98;Plaveta
6871;Buyantse;764;Buyantse;1.000000;95;Airmaster Sanctuaries
6872;Chaisen;960;Chaisen;1.000000;146;Solstia
6873;Bunmal;767;Bunmal;1.000000;82;Bunville
6874;Extreme Ridges;444;Extreme Ridges;1.000000;85;Vasmar
6875;Extreme Ridges;444;Extreme Ridges;1.000000;85;Vasmar
6876;Plavetan Groves;432;Plavetan Groves;1.000000;98;Plaveta
6877;Hareport;787;Hareport;1.000000;82;Bunville
6878;Hareport;787;Hareport;1.000000;82;Bunville
6879;Hareport;787;Hareport;1.000000;82;Bunville
6880;Buyantse;764;Buyantse;1.000000;95;Airmaster Sanctuaries
6881;Iron Basin;830;Iron Basin;0.675000;87;Talsan'ar
6882;Iron Basin;830;Iron Basin;1.000000;87;Talsan'ar
6883;Far East Irkentia;424;Far East Irkentia;1.000000;118;Cerepisenia
6884;Far East Irkentia;424;Far East Irkentia;1.000000;118;Cerepisenia
6885;Shimmering Hills;782;Shimmering Hills;1.000000;95;Airmaster Sanctuaries
6886;Shimmering Hills;782;Shimmering Hills;1.000000;95;Airmaster Sanctuaries
6887;East Tundrabor;439;East Tundrabor;1.000000;114;Vauro
6888;Uutta;859;Uutta;1.000000;172;Kipu
6889;Uutta;859;Uutta;1.000000;172;Kipu
6890;Uutta;859;Uutta;1.000000;172;Kipu
6891;Uutta;859;Uutta;1.000000;172;Kipu
6892;Uutta;859;Uutta;1.000000;172;Kipu
6893;Uutta;859;Uutta;1.000000;172;Kipu
6894;Uutta;859;Uutta;1.000000;172;Kipu
6895;Uutta;859;Uutta;1.000000;172;Kipu
6896;Uutta;859;Uutta;1.000000;172;Kipu
6897;Armhop;752;Armhop;1.000000;83;Harelyne
6898;Hareport;787;Hareport;1.000000;82;Bunville
6899;Hareport;787;Hareport;0.987768;82;Bunville
6900;Port Ravke;431;Port Ravke;1.000000;87;Talsan'ar
6901;Teho;854;Teho;1.000000;173;Teho
6902;Teho;854;Teho;1.000000;173;Teho
6903;Teho;854;Teho;1.000000;173;Teho
6904;Teho;854;Teho;1.000000;173;Teho
6905;Teho;854;Teho;1.000000;173;Teho
6906;Teho;854;Teho;1.000000;173;Teho
6907;Teho;854;Teho;1.000000;173;Teho
6908;Southern Hervus;963;Southern Hervus;1.000000;146;Solstia
6909;Vensis;952;Vensis;1.000000;98;Plaveta
6910;Vensis;952;Vensis;1.000000;98;Plaveta
6911;Vensis;952;Vensis;1.000000;98;Plaveta
6912;Vensis;952;Vensis;1.000000;98;Plaveta
6913;Vensis;952;Vensis;1.000000;98;Plaveta
6914;Vensis;952;Vensis;1.000000;98;Plaveta
6915;Regnus;404;Regnus;1.000000;146;Solstia
6916;Regnus;404;Regnus;1.000000;146;Solstia
6917;Northern Solstice;961;Northern Solstice;1.000000;98;Plaveta
6918;Northern Solstice;961;Northern Solstice;1.000000;98;Plaveta
6919;Northern Solstice;961;Northern Solstice;1.000000;98;Plaveta
6920;Reijen;954;Reijen;1.000000;98;Plaveta
6921;Bundraford;751;Bundraford;1.000000;83;Harelyne
6922;Shimmering Hills;782;Shimmering Hills;1.000000;95;Airmaster Sanctuaries
6923;Greater Solstice;437;Greater Solstice;1.000000;98;Plaveta
6924;Greater Solstice;437;Greater Solstice;1.000000;98;Plaveta
6925;Greater Solstice;437;Greater Solstice;1.000000;98;Plaveta
6926;Greater Solstice;437;Greater Solstice;1.000000;98;Plaveta
6927;Greater Solstice;437;Greater Solstice;1.000000;98;Plaveta
6928;Greater Solstice;437;Greater Solstice;1.000000;98;Plaveta
6929;Greater Solstice;437;Greater Solstice;0.624658;98;Plaveta
6930;Greater Solstice;437;Greater Solstice;1.000000;98;Plaveta
6931;Greater Solstice;437;Greater Solstice;1.000000;98;Plaveta
6932;Antarctic Canal Zone;441;Antarctic Canal Zone;0.947589;193;Antarctic Canal
6933;Greater Solstice;437;Greater Solstice;1.000000;98;Plaveta
6934;Armhop;752;Armhop;1.000000;83;Harelyne
6935;Armhop;752;Armhop;1.000000;83;Harelyne
6936;Bundraford;751;Bundraford;1.000000;83;Harelyne
6937;Bundraford;751;Bundraford;1.000000;83;Harelyne
6938;Bundraford;751;Bundraford;1.000000;83;Harelyne
6939;Northern Solstice;961;Northern Solstice;1.000000;98;Plaveta
6940;Shimmering Hills;782;Shimmering Hills;1.000000;95;Airmaster Sanctuaries
6941;Shimmering Hills;782;Shimmering Hills;0.997368;95;Airmaster Sanctuaries
6942;Shimmering Hills;782;Shimmering Hills;1.000000;95;Airmaster Sanctuaries
6943;Buyantse;764;Buyantse;1.000000;95;Airmaster Sanctuaries
6944;Armhop;752;Armhop;1.000000;83;Harelyne
6945;Vensis;952;Vensis;1.000000;98;Plaveta
6946;Kivaa;860;Kivaa;1.000000;172;Kipu
6947;Kivaa;860;Kivaa;1.000000;172;Kipu
6948;Kivaa;860;Kivaa;1.000000;172;Kipu
6949;Kivaa;860;Kivaa;1.000000;172;Kipu
6950;Kivaa;860;Kivaa;1.000000;172;Kipu
6951;Kivaa;860;Kivaa;1.000000;172;Kipu
6952;Kivaa;860;Kivaa;1.000000;172;Kipu
6953;Armhop;752;Armhop;1.000000;83;Harelyne
6954;Greater Solstice;437;Greater Solstice;1.000000;98;Plaveta
6955;Buyantse;764;Buyantse;1.000000;95;Airmaster Sanctuaries
6956;Siina;856;Siina;1.000000;173;Teho
6957;Siina;856;Siina;1.000000;173;Teho
6958;Siina;856;Siina;1.000000;173;Teho
6959;Siina;856;Siina;1.000000;173;Teho
6960;Siina;856;Siina;1.000000;173;Teho
6961;Siina;856;Siina;1.000000;173;Teho
6962;Siina;856;Siina;1.000000;173;Teho
6963;Siina;856;Siina;1.000000;173;Teho
6964;Siina;856;Siina;1.000000;173;Teho
6965;Nova Sealtle;871;Nova Sealtle;1.000000;185;Western Pinglandia
6966;Tuomita;863;Tuomita;1.000000;177;Central Harania
6967;Tuomita;863;Tuomita;1.000000;177;Central Harania
6968;Waterdeen;962;Waterdeen;1.000000;192;Vasmar Channel
6969;Waterdeen;962;Waterdeen;1.000000;192;Vasmar Channel
6970;Waterdeen;962;Waterdeen;1.000000;192;Vasmar Channel
6971;Jolloin;429;Jolloin;1.000000;177;Central Harania
6972;Jolloin;429;Jolloin;1.000000;177;Central Harania
6973;Jolloin;429;Jolloin;1.000000;177;Central Harania
6974;Jolloin;429;Jolloin;1.000000;177;Central Harania
6975;Tuomita;863;Tuomita;1.000000;177;Central Harania
6976;Tuomita;863;Tuomita;1.000000;177;Central Harania
6977;Tuomita;863;Tuomita;1.000000;177;Central Harania
6978;Penghatan;442;Penghatan;1.000000;183;Penghattan
6979;Penghatan;442;Penghatan;1.000000;183;Penghattan
6980;Penghatan;442;Penghatan;1.000000;183;Penghattan
6981;Penghatan;442;Penghatan;1.000000;183;Penghattan
6982;Penghatan;442;Penghatan;1.000000;183;Penghattan
6983;Penghatan;442;Penghatan;1.000000;183;Penghattan
6984;Penghatan;442;Penghatan;1.000000;183;Penghattan
6985;Penghatan;442;Penghatan;1.000000;183;Penghattan
6986;Penghatan;442;Penghatan;1.000000;183;Penghattan
6987;Las Pengu;440;Las Pengu;1.000000;185;Western Pinglandia
6988;Las Pengu;440;Las Pengu;1.000000;185;Western Pinglandia
6989;Pysya;865;Pysya;1.000000;178;Eastern Harania
6990;Pysya;865;Pysya;1.000000;178;Eastern Harania
6991;Pysya;865;Pysya;1.000000;178;Eastern Harania
6992;Pysya;865;Pysya;1.000000;178;Eastern Harania
6993;Pysya;865;Pysya;1.000000;178;Eastern Harania
6994;Tempere;443;Tempere;1.000000;174;Antero
6995;Tempere;443;Tempere;1.000000;174;Antero
6996;Tempere;443;Tempere;0.903717;174;Antero
6997;Tempere;443;Tempere;1.000000;174;Antero
6998;Tempere;443;Tempere;1.000000;174;Antero
6999;Waterdeen;962;Waterdeen;1.000000;192;Vasmar Channel
7000;Uutta;861;Uutta;1.000000;176;Suokaa
7001;Uutta;861;Uutta;1.000000;176;Suokaa
7002;Uutta;861;Uutta;1.000000;176;Suokaa
7003;Uutta;861;Uutta;1.000000;176;Suokaa
7004;Uutta;861;Uutta;1.000000;176;Suokaa
7005;Uutta;861;Uutta;1.000000;176;Suokaa
7006;Uutta;861;Uutta;0.625263;176;Suokaa
7007;South Stratia;451;South Stratia;1.000000;182;Fenntown Tundra
7008;South Stratia;451;South Stratia;1.000000;182;Fenntown Tundra
7009;South Stratia;451;South Stratia;1.000000;182;Fenntown Tundra
7010;South Stratia;451;South Stratia;1.000000;182;Fenntown Tundra
7011;South Stratia;451;South Stratia;1.000000;182;Fenntown Tundra
7012;South Stratia;451;South Stratia;1.000000;182;Fenntown Tundra
7013;South Stratia;451;South Stratia;1.000000;182;Fenntown Tundra
7014;Paimen;857;Paimen;1.000000;173;Teho
7015;Paimen;857;Paimen;1.000000;173;Teho
7016;Antarctic Canal Zone;441;Antarctic Canal Zone;1.000000;193;Antarctic Canal
7017;Palaa;858;Palaa;1.000000;173;Teho
7018;Palaa;858;Palaa;1.000000;173;Teho
7019;Palaa;858;Palaa;1.000000;173;Teho
7020;Neufennhause;874;Neufennhause;1.000000;181;Foxsnot
7021;Neufennhause;874;Neufennhause;1.000000;181;Foxsnot
7022;Neufennhause;874;Neufennhause;1.000000;181;Foxsnot
7023;Neufennhause;874;Neufennhause;1.000000;181;Foxsnot
7024;Neufennhause;874;Neufennhause;1.000000;181;Foxsnot
7025;Siina;856;Siina;1.000000;173;Teho
7026;Nonik;446;Nonik;1.000000;179;Endless Gate
7027;Nonik;446;Nonik;1.000000;179;Endless Gate
7028;Nonik;446;Nonik;1.000000;179;Endless Gate
7029;Suokaa;862;Suokaa;1.000000;176;Suokaa
7030;Froicoubeh;447;Froicoubeh;1.000000;174;Antero
7031;Seeker's Cove;877;Seeker's Cove;1.000000;185;Western Pinglandia
7032;Kivaa;860;Kivaa;0.669824;172;Kipu
7033;Harelene;508;Harelene;1.000000;187;Penglia
7034;Harelene;508;Harelene;1.000000;187;Penglia
7035;Paimen;857;Paimen;1.000000;173;Teho
7036;Penglia;872;Penglia;1.000000;187;Penglia
7037;Penglia;872;Penglia;1.000000;187;Penglia
7038;Penglia;872;Penglia;1.000000;187;Penglia
7039;Harelene;508;Harelene;1.000000;187;Penglia
7040;Harelene;508;Harelene;1.000000;187;Penglia
7041;Harelene;508;Harelene;1.000000;187;Penglia
7042;Penglin;866;Penglin;1.000000;184;Penglin Region
7043;Penglin;866;Penglin;1.000000;184;Penglin Region
7044;Palaa;858;Palaa;1.000000;173;Teho
7045;Palaa;858;Palaa;1.000000;173;Teho
7046;Konigland;867;Konigland;1.000000;174;Antero
7047;Konigland;867;Konigland;1.000000;174;Antero
7048;Suokaa;862;Suokaa;1.000000;176;Suokaa
7049;Suokaa;862;Suokaa;1.000000;176;Suokaa
7050;Far South Infernum's Castle 3;457;Far South Infernum's Castle 3;0.183026;282;Snowdonia
7051;Far West Westpaw 3;1297;Far West Westpaw 3;0.496247;387;Mercurian Mountains
7052;Quantus Hub;1291;Quantus Hub;0.603448;388;Mercurian Panhandle
7053;South Infernum's Castle;1301;South Infernum's Castle;0.855401;386;Great Grove Ridge
7054;South Infernum's Castle;1301;South Infernum's Castle;1.000000;386;Great Grove Ridge
7055;Jhaoq;18;Jhaoq;0.768875;125;Zuspriland
7056;Pawmur;1465;Pawmur;1.000000;12;Pawmur-Clawtoust
7057;Atarbuhl;375;Atarbuhl;1.000000;10;Pawmalay
7058;Jhaoq;18;Jhaoq;0.557522;125;Zuspriland
7059;Kattenburg;37;Kattenburg;0.726295;48;Ezikanien
7060;Ibrumore;26;Ibrumore;1.000000;280;Ibrumore
7061;Ibrumore;26;Ibrumore;0.457778;280;Ibrumore
7062;Minskbark;627;Minskbark;0.839286;8;Cutelogne
7063;Barkdivostok;632;Barkdivostok;0.723577;8;Cutelogne
7064;Point Ene;571;Point Ene;0.668385;122;Xoeken
7065;Wolfgorod;633;Wolfgorod;1.000000;22;Northern Sobakiland
7066;Mittelpurrsen;48;Mittelpurrsen;0.636015;19;Purrsia
7067;Duuhr Sanctuary;55;Duuhr Sanctuary;1.000000;235;Duuhr Sea
7068;Winston;481;Winston;0.594742;47;Winston
7069;Exene;575;Exene;0.831858;121;Ooooex
7070;Copper Ridges;993;Copper Ridges;0.320682;199;Northern Enotita
7071;Ezikat;564;Ezikat;0.473952;47;Winston
7072;Stronberg;651;Stronberg;0.698656;26;Northern Katzen Mountains
7073;Tailsbaden;84;Tailsbaden;0.401408;26;Northern Katzen Mountains
7074;Tigar;78;Tigar;0.902326;25;Tailsbaden
7075;North Flerk;1254;North Flerk;0.582904;345;Midflusionea4
7076;West Flerk;1225;West Flerk;1.000000;345;Midflusionea4
7077;Near North Flerk;81;Near North Flerk;0.580214;343;Midflusionea2
7078;Becatlingen;539;Becatlingen;0.348281;26;Northern Katzen Mountains
7079;Northern Heart Mountains;1361;Northern Heart Mountains;0.594423;1;Flusionea
7080;Ostmeopin;521;Ostmeopin;0.960503;17;Meopinstaat
7081;Near East Northern Ezicania;1266;Near East Northern Ezicania;0.601379;347;Midflusionea6
7082;Mewdu Mush;553;Mewdu Mush;0.405134;45;Struken
7083;Mewbet;552;Mewbet;0.656812;44;Catpine Range
7084;Northern Ezicania;92;Northern Ezicania;0.558386;347;Midflusionea6
7085;Darwinsball;1442;Darwinsball;0.471327;36;Katzen Hills
7086;Northern Ezicania;92;Northern Ezicania;0.771104;347;Midflusionea6
7087;Katzil;119;Katzil;0.743956;36;Katzen Hills
7088;Sud-Solagnaw;118;Sud-Solagnaw;0.433303;37;Solagnaw
7089;Rossevanejt;923;Rossevanejt;0.644068;207;Western Sueno Del Sol
7090;Catka;135;Catka;0.346939;38;Meownich
7091;East Northern Ezicania;1264;East Northern Ezicania;0.582649;347;Midflusionea6
7092;Felstigerfels;138;Felstigerfels;0.883929;30;Itchiloo
7093;North Southern Ezicania;148;North Southern Ezicania;0.489807;237;Tiefland
7094;Near West Cize;185;Near West Cize;0.776877;239;Northern Altaria
7095;Upper Bramble Basin;986;Upper Bramble Basin;1.000000;286;The Dish
7096;Titanus;610;Titanus;0.935650;132;Valaros
7097;East Neminia 9;1538;East Neminia 9;0.683480;131;Nitros
7098;Middle Bramble Basin;987;Middle Bramble Basin;1.000000;286;The Dish
7099;Iorn;165;Iorn;0.588946;132;Valaros
7100;Valaros;609;Valaros;0.626894;132;Valaros
7101;Near West Southern Stollparche;1155;Near West Southern Stollparche;0.596463;238;Groundhogistan
7102;Great Bramble Basin;984;Great Bramble Basin;1.000000;285;Bramble Basins
7103;Iorn;165;Iorn;0.558480;132;Valaros
7104;Unkhus Vel;1007;Unkhus Vel;0.547351;289;Sand Kolechia
7105;Lower Bramble Basin;988;Lower Bramble Basin;1.000000;285;Bramble Basins
7106;Sudbergen;613;Sudbergen;0.839943;131;Nitros
7107;Neu-Mewxico;1449;Neu-Mewxico;0.494170;32;Neu-Mewxico
7108;Hammerhand;498;Hammerhand;1.000000;131;Nitros
7109;Epoustouflant;1167;Epoustouflant;1.000000;141;Rustalia
7110;Zorud Tal;999;Zorud Tal;1.000000;288;Red Kolechia
7111;Meonwald;197;Meonwald;0.574163;34;Meon
7112;Valaros;609;Valaros;0.992366;132;Valaros
7113;Beauparc;350;Beauparc;0.743590;141;Rustalia
7114;Nouvelle Roqualie;1165;Nouvelle Roqualie;0.688679;141;Rustalia
7115;Purrton;531;Purrton;0.995363;40;Meowfelde
7116;Centralia;189;Centralia;0.846512;141;Rustalia
7117;Qaradel Tas;59;Qaradel Tas;1.000000;288;Red Kolechia
7118;Solonien;1319;Solonien;1.000000;197;Lower Crabspian Sea
7119;Mau-Vegas;530;Mau-Vegas;0.676508;32;Neu-Mewxico
7120;West Petite Qualie;205;West Petite Qualie;1.000000;143;Central Sun Sea
7121;Centralia;189;Centralia;0.575472;141;Rustalia
7122;Rhayman;1213;Rhayman;0.494824;131;Nitros
7123;Nitros;606;Nitros;1.000000;131;Nitros
7124;Near North Southern Stollparche;221;Near North Southern Stollparche;0.576149;241;Hyphaeicia
7125;Qaradel Tas;59;Qaradel Tas;0.994231;288;Red Kolechia
7126;Drakenburg;532;Drakenburg;0.735235;33;Drakwald Jungle
7127;West Petite Qualie;205;West Petite Qualie;1.000000;143;Central Sun Sea
7128;Ajax;607;Ajax;0.855856;133;Myriad
7129;Victoneustadt;1440;Victoneustadt;0.582230;32;Neu-Mewxico
7130;Far North Southern Stollparche;1150;Far North Southern Stollparche;0.464757;240;Oervoud
7131;Purrton;531;Purrton;0.552712;40;Meowfelde
7132;Aluminitas;1507;Aluminitas;0.824273;133;Myriad
7133;East Southern Stollparche;187;East Southern Stollparche;0.463393;242;Altarimen Roams
7134;Platnum;502;Platnum;1.000000;131;Nitros
7135;Mahin Geh;1211;Mahin Geh;0.664715;382;Flusionea10
7136;Myriad;612;Myriad;0.575125;133;Myriad
7137;Aluminitas;1507;Aluminitas;0.983051;133;Myriad
7138;Drakwald;206;Drakwald;0.378973;130;Himezulte
7139;Near South Démotagne;237;Near South Démotagne;0.263597;240;Oervoud
7140;Lower Neminia 7;1506;Lower Neminia 7;1.000000;133;Myriad
7141;Far West Fodaria 8;1522;Far West Fodaria 8;0.613230;305;Kronk5
7142;Himezulte;220;Himezulte;0.734788;130;Himezulte
7143;Myriad;612;Myriad;0.599138;133;Myriad
7144;Myriad;1505;Myriad;1.000000;133;Myriad
7145;Funchaleta;1199;Funchaleta;0.358808;376;Flusionea4
7146;Great Vardalv;263;Great Vardalv;1.000000;249;Variitia
7147;Zaradoughza;1188;Zaradoughza;1.000000;380;Flusionea8
7148;Great Calder Peak;253;Great Calder Peak;0.389648;211;Frusia
7149;Tsayan Mounts;1172;Tsayan Mounts;0.938567;366;Eulysses Plain
7150;Cookimbra;1173;Cookimbra;0.526829;367;Spri7
7151;Great Calder Peak;253;Great Calder Peak;0.518657;211;Frusia
7152;Umtraha;850;Umtraha;1.000000;35;Bryumen
7153;Umtraha;850;Umtraha;1.000000;35;Bryumen
7154;Bergtun;1100;Bergtun;0.629787;316;Greater Saru
7155;Franckfort;316;Franckfort;1.000000;72;Massif Roqual
7156;Les Mosges;1472;Les Mosges;0.755725;72;Massif Roqual
7157;Buyrity;274;Buyrity;1.000000;35;Bryumen
7158;East Dourouhtei;1209;East Dourouhtei;0.756512;373;Flusionea1
7159;Brekarya;289;Brekarya;1.000000;119;Brekarya
7160;Near East Brewtun;1105;Near East Brewtun;0.543689;328;Macaquian Ridge
7161;N. Arivoejan Mountains;883;N. Arivoejan Mountains;0.787879;161;Arivoejan Mountains
7162;Churrilbao;1200;Churrilbao;0.950000;369;Spri9
7163;Brekarya;289;Brekarya;1.000000;119;Brekarya
7164;Staullparche;171;Staullparche;1.000000;366;Eulysses Plain
7165;Zharr Station;322;Zharr Station;1.000000;373;Flusionea1
7166;Marossqenardhu;1364;Marossqenardhu;0.799180;363;Spri3
7167;Marossqenardhu;1364;Marossqenardhu;0.526138;363;Spri3
7168;Animéquitaine;321;Animéquitaine;0.882353;73;Animequitaine
7169;Brongon Gede;851;Brongon Gede;1.000000;35;Bryumen
7170;Imakani;852;Imakani;1.000000;35;Bryumen
7171;New Kumakh;1208;New Kumakh;1.000000;371;Spri11
7172;Novastaati;330;Novastaati;0.320548;161;Arivoejan Mountains
7173;Roquitz;1470;Roquitz;0.732323;73;Animequitaine
7174;Terence Mountains;888;Terence Mountains;1.000000;161;Arivoejan Mountains
7175;Far East Monke Slopes;1149;Far East Monke Slopes;0.532558;327;Hivelands2
7176;West Dazhungli;353;West Dazhungli;0.494065;370;Spri10
7177;Mount Ylmira;889;Mount Ylmira;1.000000;162;Central Arivoejo
7178;Meghaduta;1205;Meghaduta;1.000000;371;Spri11
7179;Jharuna;1206;Jharuna;0.735052;370;Spri10
7180;Deux-Rivieres;1019;Deux-Rivieres;1.000000;292;Solakean Shores
7181;Katpine Mountains (N);838;Katpine Mountains (N);1.000000;153;Katteneiland
7182;Katpine Mountains (W);393;Katpine Mountains (W);0.880497;153;Katteneiland
7183;Katpine Mountain (E);839;Katpine Mountain (E);0.945638;153;Katteneiland
7184;Collines Chaudiere;383;Collines Chaudiere;0.639535;58;Lesser Lake
7185;Ravkan Range;1015;Ravkan Range;1.000000;58;Lesser Lake
7186;Firemaster Union;401;Firemaster Union;0.714286;88;Buncible
7187;Buncible;755;Buncible;0.548768;88;Buncible
7188;South Espen;390;South Espen;1.000000;109;Majakhemer
7189;Adhare;750;Adhare;0.865854;83;Harelyne
7190;Harelyne Magocracy;418;Harelyne Magocracy;0.647059;83;Harelyne
7191;Iron Mounts;817;Iron Mounts;0.816754;87;Talsan'ar
7192;Flux Towns;869;Flux Towns;0.065765;175;Haranian Steppes
7193;Polar Flusiocean;0;;0.000000;275;Polar Flusiocean
7194;Snowdonian Cape;0;;0.000000;278;Snowdonian Cape
7195;Snowdonian Cape;0;;0.000000;278;Snowdonian Cape
7196;Northeastern Flusiocean;0;;0.000000;277;Northeastern Flusiocean
7197;Central Flusiocean;0;;0.000000;266;Central Flusiocean
7198;Central Flusiocean;0;;0.000000;266;Central Flusiocean
7199;Snowdonian Cape;0;;0.000000;278;Snowdonian Cape
7200;Eastern Flusiocean;0;;0.000000;265;Eastern Flusiocean
7201;North Mercurian Channel;0;;0.000000;269;North Mercurian Channel
7202;Northeastern Flusiocean;0;;0.000000;277;Northeastern Flusiocean
7203;North Mercurian Channel;0;;0.000000;269;North Mercurian Channel
7204;Northwest Pawcific;0;;0.000000;272;Northwest Pawcific
7205;Northeastern Flusiocean;0;;0.000000;277;Northeastern Flusiocean
7206;Anatheman Waters;0;;0.000000;255;Anatheman Waters
7207;North Mercurian Channel;0;;0.000000;269;North Mercurian Channel
7208;Northwest Pawcific;0;;0.000000;272;Northwest Pawcific
7209;Northwest Pawcific;0;;0.000000;272;Northwest Pawcific
7210;Central Flusiocean;0;;0.000000;266;Central Flusiocean
7211;Eastern Flusiocean;0;;0.000000;265;Eastern Flusiocean
7212;Eastern Flusiocean;0;;0.000000;265;Eastern Flusiocean
7213;Eastern Flusiocean;0;;0.000000;265;Eastern Flusiocean
7214;Southern Flusiocean;0;;0.000000;228;Southern Flusiocean
7215;Belkansavet Approaches;0;;0.000000;229;Belkansavet Approaches
7216;Duuhr Sea;0;;0.000000;235;Duuhr Sea
7217;Belkansavet Approaches;0;;0.000000;229;Belkansavet Approaches
7218;Propanian Shores;0;;0.000000;231;Propanian Shores
7219;Anatheman Waters;0;;0.000000;255;Anatheman Waters
7220;Poltro Sea;0;;0.000000;234;Poltro Sea
7221;West Pawcific;0;;0.000000;268;West Pawcific
7222;Mercurian Trench;0;;0.000000;236;Mercurian Trench
7223;Propanian Shores;0;;0.000000;231;Propanian Shores
7224;Donofettian Ridge;0;;0.000000;233;Donofettian Ridge
7225;Poltro Sea;0;;0.000000;234;Poltro Sea
7226;Donofettian Ridge;0;;0.000000;233;Donofettian Ridge
7227;Poltro Sea;0;;0.000000;234;Poltro Sea
7228;Northeast Pawcific;0;;0.000000;271;Northeast Pawcific
7229;Pawcific-Katlantic Ridge;0;;0.000000;270;Pawcific-Katlantic Ridge
7230;Pawcific-Katlantic Ridge;0;;0.000000;270;Pawcific-Katlantic Ridge
7231;West Katlantic;0;;0.000000;135;West Katlantic
7232;Northeast Pawcific;0;;0.000000;271;Northeast Pawcific
7233;Blasterian Approaches;0;;0.000000;136;Blasterian Approaches
7234;Pawcific-Katlantic Ridge;0;;0.000000;270;Pawcific-Katlantic Ridge
7235;East Pawcific;0;;0.000000;134;East Pawcific
7236;West Katlantic;0;;0.000000;135;West Katlantic
7237;West Katlantic;0;;0.000000;135;West Katlantic
7238;Central Katlantic;0;;0.000000;273;Central Katlantic
7239;East Katlantic;0;;0.000000;274;East Katlantic
7240;East Katlantic;0;;0.000000;274;East Katlantic
7241;Central Katlantic;0;;0.000000;273;Central Katlantic
7242;Central Katlantic;0;;0.000000;273;Central Katlantic
7243;Frigid Approaches;0;;0.000000;276;Frigid Approaches
7244;Frigid Approaches;0;;0.000000;276;Frigid Approaches
7245;Northwestern Flusiocean;0;;0.000000;279;Northwestern Flusiocean
7246;East Pawcific;0;;0.000000;134;East Pawcific
7247;East Pawcific;0;;0.000000;134;East Pawcific
7248;East Katlantic;0;;0.000000;274;East Katlantic
7249;Zuspri Waters;0;;0.000000;128;Zuspri Waters
7250;Central Katlantic;0;;0.000000;273;Central Katlantic
7251;Zuspri Waters;0;;0.000000;128;Zuspri Waters
7252;Zuspri Waters;0;;0.000000;128;Zuspri Waters
7253;Laurnaise Approaches;0;;0.000000;261;Laurnaise Approaches
7254;Laurnaise Approaches;0;;0.000000;261;Laurnaise Approaches
7255;Northwestern Flusiocean;0;;0.000000;279;Northwestern Flusiocean
7256;Northwestern Flusiocean;0;;0.000000;279;Northwestern Flusiocean
7257;Northwestern Flusiocean;0;;0.000000;279;Northwestern Flusiocean
7258;Polar Flusiocean;0;;0.000000;275;Polar Flusiocean
7259;Northwestern Flusiocean;0;;0.000000;279;Northwestern Flusiocean
7260;Serpentine Gulf;0;;0.000000;257;Serpentine Gulf
7261;Polar Flusiocean;0;;0.000000;275;Polar Flusiocean
7262;Western Flusiocean;0;;0.000000;264;Western Flusiocean
7263;Central Flusiocean;0;;0.000000;266;Central Flusiocean
7264;Snowdonia;0;;0.000000;282;Snowdonia
7265;Anatheman Waters;0;;0.000000;255;Anatheman Waters
7266;Southern Flusiocean;0;;0.000000;228;Southern Flusiocean
7267;Duuhr Sea;0;;0.000000;235;Duuhr Sea
7268;Anatheman Waters;0;;0.000000;255;Anatheman Waters
7269;Mercurian Gulf;0;;0.000000;256;Mercurian Gulf
7270;Mercurian Gulf;0;;0.000000;256;Mercurian Gulf
7271;Southern Flusiocean;0;;0.000000;228;Southern Flusiocean
7272;Belkansavet Approaches;0;;0.000000;229;Belkansavet Approaches
7273;Mercurian Gulf;0;;0.000000;256;Mercurian Gulf
7274;Duuhr Sea;0;;0.000000;235;Duuhr Sea
7275;Mercurian Gulf;0;;0.000000;256;Mercurian Gulf
7276;North Mercurian Channel;0;;0.000000;269;North Mercurian Channel
7277;Anatheman Waters;0;;0.000000;255;Anatheman Waters
7278;Anatheman Waters;0;;0.000000;255;Anatheman Waters
7279;North Mercurian Channel;0;;0.000000;269;North Mercurian Channel
7280;Anatheman Waters;0;;0.000000;255;Anatheman Waters
7281;North Mercurian Channel;0;;0.000000;269;North Mercurian Channel
7282;Mercurian Gulf;0;;0.000000;256;Mercurian Gulf
7283;Mercurian Gulf;0;;0.000000;256;Mercurian Gulf
7284;Mercurian Gulf;0;;0.000000;256;Mercurian Gulf
7285;Mercurian Gulf;0;;0.000000;256;Mercurian Gulf
7286;Mercurian Gulf;0;;0.000000;256;Mercurian Gulf
7287;Mercurian Gulf;0;;0.000000;256;Mercurian Gulf
7288;Mercurian Trench;0;;0.000000;236;Mercurian Trench
7289;Norveskian Channel;0;;0.000000;227;Norveskian Channel
7290;Northern Pordoshian Strait;0;;0.000000;226;Northern Pordoshian Strait
7291;Norveskian Channel;0;;0.000000;227;Norveskian Channel
7292;Belkansavet Approaches;0;;0.000000;229;Belkansavet Approaches
7293;Belkansavet Approaches;0;;0.000000;229;Belkansavet Approaches
7294;Belkansavet Approaches;0;;0.000000;229;Belkansavet Approaches
7295;Southern Pordoshian Strait;0;;0.000000;170;Southern Pordoshian Strait
7296;Arivoshian Ocean;0;;0.000000;171;Arivoshian Ocean
7297;Southern Pordoshian Strait;0;;0.000000;170;Southern Pordoshian Strait
7298;Belkansavet Approaches;0;;0.000000;229;Belkansavet Approaches
7299;Propanian Shores;0;;0.000000;231;Propanian Shores
7300;Southern Pordoshian Strait;0;;0.000000;170;Southern Pordoshian Strait
7301;Duuhr Sea;0;;0.000000;235;Duuhr Sea
7302;Poltro Sea;0;;0.000000;234;Poltro Sea
7303;Mercurian Gulf;0;;0.000000;256;Mercurian Gulf
7304;Mercurian Gulf;0;;0.000000;256;Mercurian Gulf
7305;Poltro Sea;0;;0.000000;234;Poltro Sea
7306;Poltro Sea;0;;0.000000;234;Poltro Sea
7307;Propanian Shores;0;;0.000000;231;Propanian Shores
7308;Parelian Gulf;0;;0.000000;230;Parelian Gulf
7309;Altarian Ridge;0;;0.000000;232;Altarian Ridge
7310;Poltro Sea;0;;0.000000;234;Poltro Sea
7311;Central Sun Sea;0;;0.000000;143;Central Sun Sea
7312;Altarian Ridge;0;;0.000000;232;Altarian Ridge
7313;Central Sun Sea;0;;0.000000;143;Central Sun Sea
7314;North Mercurian Channel;0;;0.000000;269;North Mercurian Channel
7315;Mercurian Gulf;0;;0.000000;256;Mercurian Gulf
7316;West Pawcific;0;;0.000000;268;West Pawcific
7317;North Mercurian Channel;0;;0.000000;269;North Mercurian Channel
7318;West Pawcific;0;;0.000000;268;West Pawcific
7319;West Pawcific;0;;0.000000;268;West Pawcific
7320;Mercurian Trench;0;;0.000000;236;Mercurian Trench
7321;Fleäderreich;0;;0.000000;142;Fleäderreich
7322;Fleäderreich;0;;0.000000;142;Fleäderreich
7323;Mercurian Trench;0;;0.000000;236;Mercurian Trench
7324;West Pawcific;0;;0.000000;268;West Pawcific
7325;Fleäderreich;0;;0.000000;142;Fleäderreich
7326;Fleäderreich;0;;0.000000;142;Fleäderreich
7327;West Pawcific;0;;0.000000;268;West Pawcific
7328;West Pawcific;0;;0.000000;268;West Pawcific
7329;Blasterian Approaches;0;;0.000000;136;Blasterian Approaches
7330;Blasterian Approaches;0;;0.000000;136;Blasterian Approaches
7331;Blasterian Approaches;0;;0.000000;136;Blasterian Approaches
7332;Blasterian Approaches;0;;0.000000;136;Blasterian Approaches
7333;Northeastern Sun Sea;0;;0.000000;137;Northeastern Sun Sea
7334;Fleäderreich;0;;0.000000;142;Fleäderreich
7335;Northeastern Sun Sea;0;;0.000000;137;Northeastern Sun Sea
7336;Northeastern Sun Sea;0;;0.000000;137;Northeastern Sun Sea
7337;Blasterian Approaches;0;;0.000000;136;Blasterian Approaches
7338;Northeastern Sun Sea;0;;0.000000;137;Northeastern Sun Sea
7339;Northeastern Sun Sea;0;;0.000000;137;Northeastern Sun Sea
7340;Fleäderreich;0;;0.000000;142;Fleäderreich
7341;Central Sun Sea;0;;0.000000;143;Central Sun Sea
7342;Central Sun Sea;0;;0.000000;143;Central Sun Sea
7343;Fleäderreich;0;;0.000000;142;Fleäderreich
7344;Northeastern Sun Sea;0;;0.000000;137;Northeastern Sun Sea
7345;Northeastern Sun Sea;0;;0.000000;137;Northeastern Sun Sea
7346;Central Sun Sea;0;;0.000000;143;Central Sun Sea
7347;Central Sun Sea;0;;0.000000;143;Central Sun Sea
7348;Central Sun Sea;0;;0.000000;143;Central Sun Sea
7349;Central Sun Sea;0;;0.000000;143;Central Sun Sea
7350;Northeastern Sun Sea;0;;0.000000;137;Northeastern Sun Sea
7351;Eastern Sun Sea;0;;0.000000;138;Eastern Sun Sea
7352;Eastern Sun Sea;0;;0.000000;138;Eastern Sun Sea
7353;Northeastern Sun Sea;0;;0.000000;137;Northeastern Sun Sea
7354;Northeastern Sun Sea;0;;0.000000;137;Northeastern Sun Sea
7355;Low Sea;0;;0.000000;52;Low Sea
7356;Highest Sea;0;;0.000000;147;Highest Sea
7357;Low Sea;0;;0.000000;52;Low Sea
7358;High Sea;0;;0.000000;24;High Sea
7359;Northeastern Sun Sea;0;;0.000000;137;Northeastern Sun Sea
7360;Eastern Sun Sea;0;;0.000000;138;Eastern Sun Sea
7361;Low Sea;0;;0.000000;52;Low Sea
7362;Low Sea;0;;0.000000;52;Low Sea
7363;High Sea;0;;0.000000;24;High Sea
7364;Low Sea;0;;0.000000;52;Low Sea
7365;High Sea;0;;0.000000;24;High Sea
7366;Parelian Gulf;0;;0.000000;230;Parelian Gulf
7367;Arivoshian Ocean;0;;0.000000;171;Arivoshian Ocean
7368;Arivoshian Ocean;0;;0.000000;171;Arivoshian Ocean
7369;Altarian Ridge;0;;0.000000;232;Altarian Ridge
7370;Parelian Gulf;0;;0.000000;230;Parelian Gulf
7371;Parelian Gulf;0;;0.000000;230;Parelian Gulf
7372;Arivoshian Ocean;0;;0.000000;171;Arivoshian Ocean
7373;Eastern Arivoshean Ocean;0;;0.000000;254;Eastern Arivoshean Ocean
7374;Eastern Arivoshean Ocean;0;;0.000000;254;Eastern Arivoshean Ocean
7375;Triplet Bay;0;;0.000000;144;Triplet Bay
7376;Watermaster Domain;344;Watermaster Domain;0.000233;194;Oshian Channel
7377;Triplet Bay;0;;0.000000;144;Triplet Bay
7378;Altarian Ridge;0;;0.000000;232;Altarian Ridge
7379;Altarian Ridge;0;;0.000000;232;Altarian Ridge
7380;Altarian Ridge;0;;0.000000;232;Altarian Ridge
7381;Central Sun Sea;0;;0.000000;143;Central Sun Sea
7382;Altarian Ridge;0;;0.000000;232;Altarian Ridge
7383;South Démotagne;1156;South Démotagne;0.001023;144;Triplet Bay
7384;Triplet Bay;0;;0.000000;144;Triplet Bay
7385;Triplet Bay;0;;0.000000;144;Triplet Bay
7386;Triplet Bay;0;;0.000000;144;Triplet Bay
7387;Triplet Bay;0;;0.000000;144;Triplet Bay
7388;Altarian Channel;0;;0.000000;195;Altarian Channel
7389;Triplet Bay;0;;0.000000;144;Triplet Bay
7390;Altarian Channel;0;;0.000000;195;Altarian Channel
7391;Eastern Arivoshean Ocean;0;;0.000000;254;Eastern Arivoshean Ocean
7392;Eastern Arivoshean Ocean;0;;0.000000;254;Eastern Arivoshean Ocean
7393;Paluush Strait;0;;0.000000;251;Paluush Strait
7394;Oshian Channel;0;;0.000000;194;Oshian Channel
7395;Paluush Strait;0;;0.000000;251;Paluush Strait
7396;Oshian Channel;0;;0.000000;194;Oshian Channel
7397;Paluush Strait;0;;0.000000;251;Paluush Strait
7398;Pengrak Waters;0;;0.000000;253;Pengrak Waters
7399;Pengrak Waters;0;;0.000000;253;Pengrak Waters
7400;Paluush Strait;0;;0.000000;251;Paluush Strait
7401;Paluush Strait;0;;0.000000;251;Paluush Strait
7402;Paluush Strait;0;;0.000000;251;Paluush Strait
7403;Paluush Strait;0;;0.000000;251;Paluush Strait
7404;Oshian Channel;0;;0.000000;194;Oshian Channel
7405;Oshian Channel;0;;0.000000;194;Oshian Channel
7406;Oshian Channel;0;;0.000000;194;Oshian Channel
7407;Solakean Sea Strait;1404;Solakean Sea Strait;0.004491;78;Solakean Strait
7408;Solakean Strait;0;;0.000000;78;Solakean Strait
7409;Narbonian Gulf;0;;0.000000;81;Narbonian Gulf
7410;Solakean Strait;0;;0.000000;78;Solakean Strait
7411;Solakean Strait;0;;0.000000;78;Solakean Strait
7412;Western Solakean Sea;0;;0.000000;80;Western Solakean Sea
7413;Narbonian Gulf;0;;0.000000;81;Narbonian Gulf
7414;Narbonian Gulf;0;;0.000000;81;Narbonian Gulf
7415;Western Solakean Sea;0;;0.000000;80;Western Solakean Sea
7416;Western Solakean Sea;0;;0.000000;80;Western Solakean Sea
7417;Central Sun Sea;0;;0.000000;143;Central Sun Sea
7418;Central Sun Sea;0;;0.000000;143;Central Sun Sea
7419;Eastern Sun Sea;0;;0.000000;138;Eastern Sun Sea
7420;Eastern Sun Sea;0;;0.000000;138;Eastern Sun Sea
7421;Eastern Sun Sea;0;;0.000000;138;Eastern Sun Sea
7422;Eastern Sun Sea;0;;0.000000;138;Eastern Sun Sea
7423;Mer De Qualie;0;;0.000000;145;Mer De Qualie
7424;Mer De Qualie;0;;0.000000;145;Mer De Qualie
7425;Mer De Qualie;0;;0.000000;145;Mer De Qualie
7426;Mer De Qualie;0;;0.000000;145;Mer De Qualie
7427;Eastern Sun Sea;0;;0.000000;138;Eastern Sun Sea
7428;Mer De Qualie;0;;0.000000;145;Mer De Qualie
7429;Mer De Qualie;0;;0.000000;145;Mer De Qualie
7430;Eastern Sun Sea;0;;0.000000;138;Eastern Sun Sea
7431;Eastern Sun Sea;0;;0.000000;138;Eastern Sun Sea
7432;Eastern Sun Sea;0;;0.000000;138;Eastern Sun Sea
7433;High Sea;0;;0.000000;24;High Sea
7434;Low Sea;0;;0.000000;52;Low Sea
7435;Feline Gulf;0;;0.000000;51;Feline Gulf
7436;Eastern Sun Sea;0;;0.000000;138;Eastern Sun Sea
7437;Mer De Qualie;0;;0.000000;145;Mer De Qualie
7438;Low Sea;0;;0.000000;52;Low Sea
7439;Low Sea;0;;0.000000;52;Low Sea
7440;Feline Gulf;0;;0.000000;51;Feline Gulf
7441;Low Sea;0;;0.000000;52;Low Sea
7442;Feline Gulf;0;;0.000000;51;Feline Gulf
7443;Mer De Qualie;0;;0.000000;145;Mer De Qualie
7444;Central Solakean Sea;0;;0.000000;79;Central Solakean Sea
7445;Central Solakean Sea;0;;0.000000;79;Central Solakean Sea
7446;Mer De Qualie;0;;0.000000;145;Mer De Qualie
7447;Central Solakean Sea;0;;0.000000;79;Central Solakean Sea
7448;Baie Lunaire;828;Baie Lunaire;0.003421;79;Central Solakean Sea
7449;Central Solakean Sea;0;;0.000000;79;Central Solakean Sea
7450;Central Solakean Sea;0;;0.000000;79;Central Solakean Sea
7451;Central Solakean Sea;0;;0.000000;79;Central Solakean Sea
7452;Central Solakean Sea;0;;0.000000;79;Central Solakean Sea
7453;Halile Septentrionale;829;Halile Septentrionale;0.006863;79;Central Solakean Sea
7454;Central Solakean Sea;0;;0.000000;79;Central Solakean Sea
7455;Central Solakean Sea;0;;0.000000;79;Central Solakean Sea
7456;Roqualian Approaches;0;;0.000000;101;Roqualian Approaches
7457;Roqualian Approaches;0;;0.000000;101;Roqualian Approaches
7458;Roqualian Approaches;0;;0.000000;101;Roqualian Approaches
7459;Roqualian Approaches;0;;0.000000;101;Roqualian Approaches
7460;Roqualian Approaches;0;;0.000000;101;Roqualian Approaches
7461;Solkatzia Bridge (SW);1402;Solkatzia Bridge (SW);0.001748;53;Solakatzen Strait
7462;Eastern Solakean Sea;0;;0.000000;77;Eastern Solakean Sea
7463;Eastern Solakean Sea;0;;0.000000;77;Eastern Solakean Sea
7464;Eastern Solakean Sea;0;;0.000000;77;Eastern Solakean Sea
7465;Eastern Solakean Sea;0;;0.000000;77;Eastern Solakean Sea
7466;Roqualian Approaches;0;;0.000000;101;Roqualian Approaches
7467;Eastern Solakean Sea;0;;0.000000;77;Eastern Solakean Sea
7468;Eastern Solakean Sea;0;;0.000000;77;Eastern Solakean Sea
7469;East Pawcific;0;;0.000000;134;East Pawcific
7470;East Pawcific;0;;0.000000;134;East Pawcific
7471;East Pawcific;0;;0.000000;134;East Pawcific
7472;West Katlantic;0;;0.000000;135;West Katlantic
7473;East Pawcific;0;;0.000000;134;East Pawcific
7474;West Katlantic;0;;0.000000;135;West Katlantic
7475;East Pawcific;0;;0.000000;134;East Pawcific
7476;Highest Sea;0;;0.000000;147;Highest Sea
7477;Highest Sea;0;;0.000000;147;Highest Sea
7478;East Pawcific;0;;0.000000;134;East Pawcific
7479;Highest Sea;0;;0.000000;147;Highest Sea
7480;Angilian Peninsula;0;;0.000000;6;Angilian Peninsula
7481;West Katlantic;0;;0.000000;135;West Katlantic
7482;Angilian Peninsula;0;;0.000000;6;Angilian Peninsula
7483;Islakatz;0;;0.000000;50;Islakatz
7484;Islakatz;0;;0.000000;50;Islakatz
7485;Islakatz;0;;0.000000;50;Islakatz
7486;Pawldrin Island;0;;0.000000;126;Pawldrin Island
7487;Islakatz;0;;0.000000;50;Islakatz
7488;Islakatz;0;;0.000000;50;Islakatz
7489;Islakatz;0;;0.000000;50;Islakatz
7490;Islakatz;0;;0.000000;50;Islakatz
7491;Pawldrin Island;0;;0.000000;126;Pawldrin Island
7492;Furrballeares;0;;0.000000;29;Furrballeares
7493;Pawldrin Island;0;;0.000000;126;Pawldrin Island
7494;High Sea;0;;0.000000;24;High Sea
7495;High Sea;0;;0.000000;24;High Sea
7496;Feline Gulf;0;;0.000000;51;Feline Gulf
7497;Feline Sea;0;;0.000000;28;Feline Sea
7498;Feline Sea;0;;0.000000;28;Feline Sea
7499;Feline Sea;0;;0.000000;28;Feline Sea
7500;Feline Gulf;0;;0.000000;51;Feline Gulf
7501;Feline Gulf;0;;0.000000;51;Feline Gulf
7502;Feline Gulf;0;;0.000000;51;Feline Gulf
7503;Feline Gulf;0;;0.000000;51;Feline Gulf
7504;Feline Sea;0;;0.000000;28;Feline Sea
7505;Solkatzia Bridge (N);1401;Solkatzia Bridge (N);0.003111;53;Solakatzen Strait
7506;Solakatzen Channel;0;;0.000000;102;Solakatzen Channel
7507;Furrballeares;0;;0.000000;29;Furrballeares
7508;Furrballeares;0;;0.000000;29;Furrballeares
7509;Furrballeares;0;;0.000000;29;Furrballeares
7510;Fishy Pass;0;;0.000000;124;Fishy Pass
7511;Furrballeares;0;;0.000000;29;Furrballeares
7512;Fishy Pass;0;;0.000000;124;Fishy Pass
7513;Feline Sea;0;;0.000000;28;Feline Sea
7514;Feline Sea;0;;0.000000;28;Feline Sea
7515;Feline Sea;0;;0.000000;28;Feline Sea
7516;Feline Sea;0;;0.000000;28;Feline Sea
7517;Furrballeares;0;;0.000000;29;Furrballeares
7518;Feline Sea;0;;0.000000;28;Feline Sea
7519;Ezikatzen Sea;0;;0.000000;123;Ezikatzen Sea
7520;Pawldrin Island;0;;0.000000;126;Pawldrin Island
7521;Pawldrin Island;0;;0.000000;126;Pawldrin Island
7522;Pawldrin Island;0;;0.000000;126;Pawldrin Island
7523;Pawldrin Island;0;;0.000000;126;Pawldrin Island
7524;Zuspri Waters;0;;0.000000;128;Zuspri Waters
7525;Zuspri Waters;0;;0.000000;128;Zuspri Waters
7526;Fishy Pass;0;;0.000000;124;Fishy Pass
7527;Fishy Pass;0;;0.000000;124;Fishy Pass
7528;Zusprekeox Bay;0;;0.000000;127;Zusprekeox Bay
7529;Zusprekeox Bay;0;;0.000000;127;Zusprekeox Bay
7530;Zusprekeox Bay;0;;0.000000;127;Zusprekeox Bay
7531;Zusprekeox Bay;0;;0.000000;127;Zusprekeox Bay
7532;Zusprekeox Bay;0;;0.000000;127;Zusprekeox Bay
7533;Frigid Approaches;0;;0.000000;276;Frigid Approaches
7534;Laurnaise Approaches;0;;0.000000;261;Laurnaise Approaches
7535;Laurnaise Approaches;0;;0.000000;261;Laurnaise Approaches
7536;Polarian Islands;0;;0.000000;262;Polarian Islands
7537;Polarian Islands;0;;0.000000;262;Polarian Islands
7538;Polarian Islands;0;;0.000000;262;Polarian Islands
7539;Laurnaise Approaches;0;;0.000000;261;Laurnaise Approaches
7540;Laurnaise Approaches;0;;0.000000;261;Laurnaise Approaches
7541;Polarian Islands;0;;0.000000;262;Polarian Islands
7542;Polarian Islands;0;;0.000000;262;Polarian Islands
7543;Polarian Islands;0;;0.000000;262;Polarian Islands
7544;Lux-Flupanian Waters;0;;0.000000;263;Lux-Flupanian Waters
7545;Lux-Flupanian Waters;0;;0.000000;263;Lux-Flupanian Waters
7546;Ezikatzen Sea;0;;0.000000;123;Ezikatzen Sea
7547;Ezikatzen Sea;0;;0.000000;123;Ezikatzen Sea
7548;Ezikatzen Sea;0;;0.000000;123;Ezikatzen Sea
7549;Zusprekeox Bay;0;;0.000000;127;Zusprekeox Bay
7550;Ezikatzen Sea;0;;0.000000;123;Ezikatzen Sea
7551;Serpentine Gulf;0;;0.000000;257;Serpentine Gulf
7552;Ezikatzen Sea;0;;0.000000;123;Ezikatzen Sea
7553;Ezikatzen Sea;0;;0.000000;123;Ezikatzen Sea
7554;Ezikatzen Sea;0;;0.000000;123;Ezikatzen Sea
7555;Ezikatzen Sea;0;;0.000000;123;Ezikatzen Sea
7556;Serpentine Gulf;0;;0.000000;257;Serpentine Gulf
7557;Serpentine Gulf;0;;0.000000;257;Serpentine Gulf
7558;Serpentine Gulf;0;;0.000000;257;Serpentine Gulf
7559;Theian Sea;0;;0.000000;260;Theian Sea
7560;Theian Sea;0;;0.000000;260;Theian Sea
7561;Theian Sea;0;;0.000000;260;Theian Sea
7562;Lux-Flupanian Waters;0;;0.000000;263;Lux-Flupanian Waters
7563;Lux-Flupanian Waters;0;;0.000000;263;Lux-Flupanian Waters
7564;Western Flusiocean;0;;0.000000;264;Western Flusiocean
7565;Theian Sea;0;;0.000000;260;Theian Sea
7566;Theian Sea;0;;0.000000;260;Theian Sea
7567;Laurnaise Channel;0;;0.000000;258;Laurnaise Channel
7568;Western Flusiocean;0;;0.000000;264;Western Flusiocean
7569;Western Flusiocean;0;;0.000000;264;Western Flusiocean
7570;Laurnaise Channel;0;;0.000000;258;Laurnaise Channel
7571;Central Flusiocean;0;;0.000000;266;Central Flusiocean
7572;Solakatzen Channel;0;;0.000000;102;Solakatzen Channel
7573;Solakatzen Channel;0;;0.000000;102;Solakatzen Channel
7574;Solakatzen Channel;0;;0.000000;102;Solakatzen Channel
7575;Solakatzen Channel;0;;0.000000;102;Solakatzen Channel
7576;Solakatzen Channel;0;;0.000000;102;Solakatzen Channel
7577;Kastran Approaches;0;;0.000000;139;Kastran Approaches
7578;Kastran Approaches;0;;0.000000;139;Kastran Approaches
7579;Purrhelmshaven Shores;0;;0.000000;205;Purrhelmshaven Shores
7580;Purrhelmshaven Shores;0;;0.000000;205;Purrhelmshaven Shores
7581;Kastran Approaches;0;;0.000000;139;Kastran Approaches
7582;Kastran Approaches;0;;0.000000;139;Kastran Approaches
7583;Narnburg;898;Narnburg;0.000471;205;Purrhelmshaven Shores
7584;Purrhelmshaven Shores;0;;0.000000;205;Purrhelmshaven Shores
7585;Kastran Approaches;0;;0.000000;139;Kastran Approaches
7586;Purrhelmshaven Shores;0;;0.000000;205;Purrhelmshaven Shores
7587;Purrhelmshaven Shores;0;;0.000000;205;Purrhelmshaven Shores
7588;Darvitonian Shores;0;;0.000000;189;Darvitonian Shores
7589;Darvitonian Shores;0;;0.000000;189;Darvitonian Shores
7590;Darvitonian Shores;0;;0.000000;189;Darvitonian Shores
7591;Purrhelmshaven Shores;0;;0.000000;205;Purrhelmshaven Shores
7592;Purrhelmshaven Shores;0;;0.000000;205;Purrhelmshaven Shores
7593;Darvitonian Shores;0;;0.000000;189;Darvitonian Shores
7594;Eulysses Bay;0;;0.000000;159;Eulysses Bay
7595;Eulysses Bay;0;;0.000000;159;Eulysses Bay
7596;Eulysses Bay;0;;0.000000;159;Eulysses Bay
7597;Eulysses Bay;0;;0.000000;159;Eulysses Bay
7598;Darvitonian Shores;0;;0.000000;189;Darvitonian Shores
7599;Siina Sea;0;;0.000000;204;Siina Sea
7600;Southern Ocean;0;;0.000000;188;Southern Ocean
7601;Southern Ocean;0;;0.000000;188;Southern Ocean
7602;Southern Ocean;0;;0.000000;188;Southern Ocean
7603;West Katteneiland Sea;0;;0.000000;154;West Katteneiland Sea
7604;Southern Ocean;0;;0.000000;188;Southern Ocean
7605;Southern Ocean;0;;0.000000;188;Southern Ocean
7606;West Katteneiland Sea;0;;0.000000;154;West Katteneiland Sea
7607;West Katteneiland Sea;0;;0.000000;154;West Katteneiland Sea
7608;West Katteneiland Sea;0;;0.000000;154;West Katteneiland Sea
7609;West Katteneiland Sea;0;;0.000000;154;West Katteneiland Sea
7610;West Katteneiland Sea;0;;0.000000;154;West Katteneiland Sea
7611;Eulysses Bay;0;;0.000000;159;Eulysses Bay
7612;West Katteneiland Sea;0;;0.000000;154;West Katteneiland Sea
7613;Eulysses Bay;0;;0.000000;159;Eulysses Bay
7614;Eulysses Bay;0;;0.000000;159;Eulysses Bay
7615;Novaplatten Channel;0;;0.000000;156;Novaplatten Channel
7616;Novaplatten Channel;0;;0.000000;156;Novaplatten Channel
7617;West Katteneiland Sea;0;;0.000000;154;West Katteneiland Sea
7618;West Katteneiland Sea;0;;0.000000;154;West Katteneiland Sea
7619;Haranian Channel;0;;0.000000;155;Haranian Channel
7620;West Katteneiland Sea;0;;0.000000;154;West Katteneiland Sea
7621;Novaplatten Channel;0;;0.000000;156;Novaplatten Channel
7622;Haranian Channel;0;;0.000000;155;Haranian Channel
7623;Haranian Channel;0;;0.000000;155;Haranian Channel
7624;Northern Ariveojan Oceans;0;;0.000000;163;Northern Ariveojan Oceans
7625;Northern Ariveojan Oceans;0;;0.000000;163;Northern Ariveojan Oceans
7626;Northern Ariveojan Oceans;0;;0.000000;163;Northern Ariveojan Oceans
7627;Laurnaise Channel;0;;0.000000;258;Laurnaise Channel
7628;Laurnaise Channel;0;;0.000000;258;Laurnaise Channel
7629;Quivering Sea;0;;0.000000;259;Quivering Sea
7630;Eulysses Bay;0;;0.000000;159;Eulysses Bay
7631;Eulysses Bay;0;;0.000000;159;Eulysses Bay
7632;Northern Ariveojan Oceans;0;;0.000000;163;Northern Ariveojan Oceans
7633;Northern Ariveojan Oceans;0;;0.000000;163;Northern Ariveojan Oceans
7634;Northern Ariveojan Oceans;0;;0.000000;163;Northern Ariveojan Oceans
7635;Northern Ariveojan Oceans;0;;0.000000;163;Northern Ariveojan Oceans
7636;Northern Ariveojan Oceans;0;;0.000000;163;Northern Ariveojan Oceans
7637;Quivering Sea;0;;0.000000;259;Quivering Sea
7638;Quivering Sea;0;;0.000000;259;Quivering Sea
7639;Quivering Sea;0;;0.000000;259;Quivering Sea
7640;Central Flusiocean;0;;0.000000;266;Central Flusiocean
7641;Quivering Sea;0;;0.000000;259;Quivering Sea
7642;Southern Flusiocean;0;;0.000000;228;Southern Flusiocean
7643;Quivering Sea;0;;0.000000;259;Quivering Sea
7644;Northern Ariveojan Oceans;0;;0.000000;163;Northern Ariveojan Oceans
7645;Northern Ariveojan Oceans;0;;0.000000;163;Northern Ariveojan Oceans
7646;Quivering Sea;0;;0.000000;259;Quivering Sea
7647;Northern Pordoshian Strait;0;;0.000000;226;Northern Pordoshian Strait
7648;Southern Pordoshian Strait;0;;0.000000;170;Southern Pordoshian Strait
7649;Northern Pordoshian Strait;0;;0.000000;226;Northern Pordoshian Strait
7650;Eulysses Bay;0;;0.000000;159;Eulysses Bay
7651;Novaplatten Channel;0;;0.000000;156;Novaplatten Channel
7652;Novaplatten Channel;0;;0.000000;156;Novaplatten Channel
7653;Northern Ariveojan Oceans;0;;0.000000;163;Northern Ariveojan Oceans
7654;Northern Ariveojan Oceans;0;;0.000000;163;Northern Ariveojan Oceans
7655;Northern Ariveojan Oceans;0;;0.000000;163;Northern Ariveojan Oceans
7656;Novaplatten Channel;0;;0.000000;156;Novaplatten Channel
7657;Haranian Channel;0;;0.000000;155;Haranian Channel
7658;Southern Arivoejan Ocean;0;;0.000000;157;Southern Arivoejan Ocean
7659;Southern Arivoejan Ocean;0;;0.000000;157;Southern Arivoejan Ocean
7660;Southern Arivoejan Ocean;0;;0.000000;157;Southern Arivoejan Ocean
7661;Southern Arivoejan Ocean;0;;0.000000;157;Southern Arivoejan Ocean
7662;Southern Arivoejan Ocean;0;;0.000000;157;Southern Arivoejan Ocean
7663;Northern Ariveojan Oceans;0;;0.000000;163;Northern Ariveojan Oceans
7664;Northern Ariveojan Oceans;0;;0.000000;163;Northern Ariveojan Oceans
7665;Northern Ariveojan Oceans;0;;0.000000;163;Northern Ariveojan Oceans
7666;Northern Ariveojan Oceans;0;;0.000000;163;Northern Ariveojan Oceans
7667;Arivoshian Ocean;0;;0.000000;171;Arivoshian Ocean
7668;Arivoshian Ocean;0;;0.000000;171;Arivoshian Ocean
7669;Southern Arivoejan Ocean;0;;0.000000;157;Southern Arivoejan Ocean
7670;Southern Arivoejan Ocean;0;;0.000000;157;Southern Arivoejan Ocean
7671;Southern Arivoejan Ocean;0;;0.000000;157;Southern Arivoejan Ocean
7672;Arivoshian Ocean;0;;0.000000;171;Arivoshian Ocean
7673;Arivoshian Ocean;0;;0.000000;171;Arivoshian Ocean
7674;Southern Arivoejan Ocean;0;;0.000000;157;Southern Arivoejan Ocean
7675;Arivoshian Ocean;0;;0.000000;171;Arivoshian Ocean
7676;Mercurian Gulf;0;;0.000000;256;Mercurian Gulf
7677;Duuhr Sea;0;;0.000000;235;Duuhr Sea
7678;Southern Flusiocean;0;;0.000000;228;Southern Flusiocean
7679;Upper Crabspian Sea;0;;0.000000;196;Upper Crabspian Sea
7680;Upper Crabspian Sea;0;;0.000000;196;Upper Crabspian Sea
7681;Upper Crabspian Sea;0;;0.000000;196;Upper Crabspian Sea
7682;Katlantropa Dam;1324;Katlantropa Dam;0.006810;198;Central Crabspian Sea
7683;Westen-Hydronien;1322;Westen-Hydronien;0.648819;197;Lower Crabspian Sea
7684;Solonien;1319;Solonien;0.661408;197;Lower Crabspian Sea
7685;Sud-Katspianmeer;183;Sud-Katspianmeer;0.819898;197;Lower Crabspian Sea
7686;Sud-Katspianmeer;183;Sud-Katspianmeer;0.418765;197;Lower Crabspian Sea
7687;Arivoshian Ocean;0;;0.000000;171;Arivoshian Ocean
7688;Southern Arivoejan Ocean;0;;0.000000;157;Southern Arivoejan Ocean
7689;Eastern Arivoshean Ocean;0;;0.000000;254;Eastern Arivoshean Ocean
7690;Eastern Penglush Channel;0;;0.000000;191;Eastern Penglush Channel
7691;Vasmar Channel;0;;0.000000;192;Vasmar Channel
7692;Pengrak Waters;0;;0.000000;253;Pengrak Waters
7693;Western Penglush Channel;0;;0.000000;190;Western Penglush Channel
7694;Arivoshian Ocean;0;;0.000000;171;Arivoshian Ocean
7695;Pink Sea;0;;0.000000;60;Pink Sea
7696;Pink Sea;0;;0.000000;60;Pink Sea
7697;Saumurie;1023;Saumurie;0.378752;291;Great Lake
7698;Southern Ocean;0;;0.000000;188;Southern Ocean
7699;Great Southern Sea;0;;0.000000;203;Great Southern Sea
7700;Siina Sea;0;;0.000000;204;Siina Sea
7701;Haranian Channel;0;;0.000000;155;Haranian Channel
7702;Haranian Channel;0;;0.000000;155;Haranian Channel
7703;Southern Arivoejan Ocean;0;;0.000000;157;Southern Arivoejan Ocean
7704;Haranian Channel;0;;0.000000;155;Haranian Channel
7705;Great Southern Sea;0;;0.000000;203;Great Southern Sea
7706;Southern Arivoejan Ocean;0;;0.000000;157;Southern Arivoejan Ocean
7707;Lintersea;0;;0.000000;202;Lintersea
7708;Lintersea;0;;0.000000;202;Lintersea
7709;Broukburn;467;Broukburn;1.000000;294;Broukburn-Meagas
7710;Meagas;1072;Meagas;1.000000;294;Broukburn-Meagas
7711;Zawrich;569;Zawrich;1.000000;49;Mediamus
7712;Podomia;1077;Podomia;1.000000;295;Central Laurandar
7713;Rowninalesna;1290;Rowninalesna;1.000000;267;Lake Mercurr
7714;Lakshire;1073;Lakshire;1.000000;297;Dredshire
7715;Lakshire;1073;Lakshire;1.000000;297;Dredshire
7716;Flerk;77;Flerk;0.966851;344;Midflusionea3
7717;East Crabby Shores;1251;East Crabby Shores;1.000000;342;Nordenland
7718;East Crabby Shores;1251;East Crabby Shores;1.000000;342;Nordenland
7719;East Crabby Shores;1251;East Crabby Shores;0.501695;342;Nordenland
7720;South Central Ezicania;1244;South Central Ezicania;1.000000;343;Midflusionea2
7721;West Western Ejac;53;West Western Ejac;0.685446;341;Neuvoria
7722;East Central Ezicania;1243;East Central Ezicania;1.000000;341;Neuvoria
7723;North Flerk;1254;North Flerk;0.879747;345;Midflusionea4
7724;Near South Northern Ezicania;1219;Near South Northern Ezicania;1.000000;346;Midflusionea5
7725;Far West Fodaria 2;1486;Far West Fodaria 2;1.000000;307;Yinjatzbereich
7726;Katnemasse;549;Katnemasse;1.000000;42;Gruyettburg
7727;Belkansavet;918;Belkansavet;1.000000;209;Belkansavet
7728;Hopplandesk;924;Hopplandesk;1.000000;207;Western Sueno Del Sol
7729;East Fodaria 6;1550;East Fodaria 6;1.000000;309;Greater Bundengrad
7730;Urscid Hollows;1253;Urscid Hollows;0.428374;349;Midflusionea8
7731;Fort Bear;1261;Fort Bear;1.000000;360;Midflusionea19
7732;Sudflutstadt;597;Sudflutstadt;1.000000;129;Sudflutstadt
7733;Khesedien;150;Khesedien;1.000000;213;Oredsk
7734;Far North Ezicania Pass;160;Far North Ezicania Pass;1.000000;239;Northern Altaria
7735;Warm Springs;129;Warm Springs;1.000000;358;Midflusionea17
7736;Urscid Hollows;1253;Urscid Hollows;1.000000;349;Midflusionea8
7737;Honey Pass;1255;Honey Pass;1.000000;351;Midflusionea10
7738;Nerva;907;Nerva;1.000000;214;Nerva
7739;Big Rock;1258;Big Rock;1.000000;358;Midflusionea17
7740;Old Bearia;1237;Old Bearia;1.000000;359;Midflusionea18
7741;Far South Fodaria 9;1508;Far South Fodaria 9;1.000000;310;Hydronien
7742;Titanus;610;Titanus;1.000000;132;Valaros
7743;The Dish;979;The Dish;1.000000;286;The Dish
7744;West Cize;1151;West Cize;1.000000;239;Northern Altaria
7745;Flusojdina;178;Flusojdina;1.000000;214;Nerva
7746;Pincarograd;1531;Pincarograd;1.000000;311;Zikua
7747;Alabaster;1537;Alabaster;1.000000;131;Nitros
7748;Zorud Tal;999;Zorud Tal;1.000000;288;Red Kolechia
7749;East Svitankovia;1232;East Svitankovia;1.000000;351;Midflusionea10
7750;Far West Southern Stollparche;193;Far West Southern Stollparche;1.000000;238;Groundhogistan
7751;Hammerhand;498;Hammerhand;1.000000;131;Nitros
7752;Nitros;606;Nitros;1.000000;131;Nitros
7753;Ad Khagaroth;1000;Ad Khagaroth;1.000000;288;Red Kolechia
7754;East Bearlin;1231;East Bearlin;1.000000;356;Midflusionea15
7755;Novemberstadt;929;Novemberstadt;1.000000;217;Ballatonne Basin
7756;Hammerhand;498;Hammerhand;1.000000;131;Nitros
7757;Lake Ballatonne;928;Lake Ballatonne;1.000000;217;Ballatonne Basin
7758;North Fodaria 10;1524;North Fodaria 10;0.895070;305;Kronk5
7759;Sudbergen;613;Sudbergen;1.000000;131;Nitros
7760;Bearton;1223;Bearton;1.000000;353;Midflusionea12
7761;Sudkronk;1051;Sudkronk;1.000000;305;Kronk5
7762;Krazan;200;Krazan;1.000000;304;Kronkstaat
7763;Salmion;1230;Salmion;1.000000;354;Midflusionea13
7764;Rhayman;1213;Rhayman;1.000000;382;Flusionea10
7765;Jérezucar;212;Jérezucar;1.000000;382;Flusionea10
7766;Pastelona;1189;Pastelona;1.000000;379;Flusionea7
7767;Palikova Interlakia;946;Palikova Interlakia;1.000000;221;Kirtikia
7768;Ajax;607;Ajax;1.000000;133;Myriad
7769;Kusnurkia;0;;0.000000;54;Kusnurkia
7770;Lower Amphibia 10;1494;Lower Amphibia 10;1.000000;312;Erokt
7771;S'jet;1195;S'jet;1.000000;377;Flusionea5
7772;Bakecaramangé;1210;Bakecaramangé;1.000000;380;Flusionea8
7773;Leónduja;1058;Leónduja;1.000000;381;Flusionea9
7774;Lower Neminia 7;1506;Lower Neminia 7;1.000000;133;Myriad
7775;Bakecaramangé;1210;Bakecaramangé;1.000000;380;Flusionea8
7776;South Démotagne;1156;South Démotagne;1.000000;240;Oervoud
7777;Ponedresa;1374;Ponedresa;1.000000;381;Flusionea9
7778;Northern Nekaston;233;Northern Nekaston;1.000000;103;Nekaston
7779;North Myriad;501;North Myriad;1.000000;383;Flusionea11
7780;North Myriad;501;North Myriad;1.000000;383;Flusionea11
7781;Armealnia;1359;Armealnia;1.000000;381;Flusionea9
7782;East Kobalt;1056;East Kobalt;1.000000;383;Flusionea11
7783;North Myriad;501;North Myriad;1.000000;383;Flusionea11
7784;Catgirland;243;Catgirland;1.000000;103;Nekaston
7785;Baguetta;1360;Baguetta;1.000000;380;Flusionea8
7786;North Myriad;501;North Myriad;1.000000;383;Flusionea11
7787;Bloozega;503;Bloozega;1.000000;245;Droogia
7788;Leónduja;1058;Leónduja;1.000000;381;Flusionea9
7789;Queensberg;1137;Queensberg;1.000000;248;Antophilia
7790;Panplona;1057;Panplona;1.000000;381;Flusionea9
7791;Panplona;1057;Panplona;1.000000;381;Flusionea9
7792;Panplona;1057;Panplona;1.000000;381;Flusionea9
7793;Septentri;799;Septentri;1.000000;166;East Kapland
7794;Great Vardalv;263;Great Vardalv;1.000000;249;Variitia
7795;Granajón;1186;Granajón;1.000000;374;Flusionea2
7796;Great Vardalv;263;Great Vardalv;1.000000;249;Variitia
7797;Latarada;295;Latarada;1.000000;71;Poitouamie
7798;Beeronx;1136;Beeronx;1.000000;248;Antophilia
7799;Buzzlyn;1140;Buzzlyn;1.000000;326;Formicidea4
7800;Crumbrid;1192;Crumbrid;1.000000;374;Flusionea2
7801;Bensonlak;1142;Bensonlak;1.000000;317;Droogia4
7802;Boiler Town;199;Boiler Town;1.000000;322;Variitia2
7803;Gtuntuh;847;Gtuntuh;1.000000;104;Teryakr
7804;Franckfort;316;Franckfort;1.000000;72;Massif Roqual
7805;Lisbonbon;1178;Lisbonbon;1.000000;368;Spri8
7806;Central Kharna 8;1432;Central Kharna 8;1.000000;57;Goatlandia
7807;Katernkanta;848;Katernkanta;1.000000;119;Brekarya
7808;Steaming Lake;1132;Steaming Lake;1.000000;322;Variitia2
7809;Bakecelona;1184;Bakecelona;1.000000;372;Spri12
7810;Hymnburg;1133;Hymnburg;1.000000;324;Formicidea2
7811;Rodridough;1180;Rodridough;1.000000;368;Spri8
7812;Doughvila;288;Doughvila;1.000000;369;Spri9
7813;Novastaati;330;Novastaati;1.000000;161;Arivoejan Mountains
7814;Burgeros;1202;Burgeros;1.000000;365;Spri5
7815;Meghaduta;1205;Meghaduta;1.000000;371;Spri11
7816;Far East Monke Slopes 4;310;Far East Monke Slopes 4;1.000000;325;Formicidea3
7817;Felinensee;333;Felinensee;1.000000;206;Purrhelmshaven
7818;Aricrest;335;Aricrest;1.000000;161;Arivoejan Mountains
7819;West Dazhungli;353;West Dazhungli;1.000000;365;Spri5
7820;Jharuna;1206;Jharuna;1.000000;370;Spri10
7821;Goaghan Lake;818;Goaghan Lake;1.000000;99;Datlof
7822;The Swamplands;0;;0.000000;160;The Swamplands
7823;Near West Great Hill;1134;Near West Great Hill;1.000000;324;Formicidea2
7824;Ailesainque;721;Ailesainque;1.000000;76;Alkroan Peninsula
7825;Near North Great Hill;1215;Near North Great Hill;1.000000;247;Formicidea
7826;Garyxia;841;Garyxia;1.000000;76;Alkroan Peninsula
7827;Xuhre;720;Xuhre;1.000000;76;Alkroan Peninsula
7828;Lakeside City;359;Lakeside City;1.000000;91;Lakeside City
7829;The Swamplands;0;;0.000000;160;The Swamplands
7830;Lanterien;1348;Lanterien;1.000000;164;Loutterian Peninsula
7831;Ottre;1350;Ottre;1.000000;164;Loutterian Peninsula
7832;Lairen;958;Lairen;1.000000;116;Nacru
7833;Zeeland;407;Zeeland;1.000000;153;Katteneiland
7834;Kambosland;1352;Kambosland;1.000000;153;Katteneiland
7835;Lesser Lake;365;Lesser Lake;1.000000;58;Lesser Lake
7836;Western Hushed Forest;420;Western Hushed Forest;1.000000;86;Hushed Forest
7837;Neufennhause;874;Neufennhause;1.000000;181;Foxsnot
7838;Foxsnot;0;;0.000000;181;Foxsnot
7839;Far South Infernum's Castle 4;1;Far South Infernum's Castle 4;1.000000;282;Snowdonia
