province_id;kind;terrain_index;terrain_category
1;land;0;grasslands
2;land;16;glacier
3;land;16;glacier
4;land;16;glacier
5;land;16;glacier
6;land;16;glacier
7;land;16;glacier
8;land;16;glacier
9;land;16;glacier
10;land;16;glacier
11;land;16;glacier
12;land;16;glacier
13;land;16;glacier
14;land;16;glacier
15;land;16;glacier
16;land;16;glacier
17;land;16;glacier
18;land;16;glacier
19;land;16;glacier
20;land;16;glacier
21;land;16;glacier
22;land;16;glacier
23;land;16;glacier
24;land;16;glacier
25;land;16;glacier
26;land;16;glacier
27;land;16;glacier
28;land;16;glacier
29;land;0;grasslands
30;land;0;grasslands
31;land;0;grasslands
32;land;0;grasslands
33;land;6;mountain
34;land;6;mountain
35;land;6;mountain
36;land;6;mountain
37;land;6;mountain
38;land;6;mountain
39;land;6;mountain
40;land;6;mountain
41;land;6;mountain
42;land;6;mountain
43;land;6;mountain
44;land;6;mountain
45;land;6;mountain
46;land;6;mountain
47;land;6;mountain
48;land;6;mountain
49;land;6;mountain
50;land;0;grasslands
51;land;6;mountain
52;land;6;mountain
53;land;6;mountain
54;land;6;mountain
55;land;6;mountain
56;land;6;mountain
57;land;6;mountain
58;land;6;mountain
59;land;6;mountain
60;land;12;forest
61;land;12;forest
62;land;12;forest
63;land;12;forest
64;land;12;forest
65;land;12;forest
66;land;12;forest
67;land;6;mountain
68;land;6;mountain
69;land;6;mountain
70;land;6;mountain
71;land;6;mountain
72;land;12;forest
73;land;12;forest
74;land;12;forest
75;land;12;forest
76;land;12;forest
77;land;12;forest
78;land;6;mountain
79;land;6;mountain
80;land;12;forest
81;land;12;forest
82;land;12;forest
83;land;12;forest
84;land;12;forest
85;land;12;forest
86;land;12;forest
87;land;12;forest
88;land;10;farmlands
89;land;10;farmlands
90;land;12;forest
91;land;12;forest
92;land;12;forest
93;land;12;forest
94;land;12;forest
95;land;12;forest
96;land;12;forest
97;land;10;farmlands
98;land;255;woods
99;land;255;woods
100;land;255;woods
101;land;0;grasslands
102;land;0;grasslands
103;land;255;woods
104;land;6;mountain
105;land;1;hills
106;land;0;grasslands
107;land;0;grasslands
108;land;0;grasslands
109;land;0;grasslands
110;land;0;grasslands
111;land;0;grasslands
112;land;0;grasslands
113;land;12;forest
114;land;12;forest
115;land;0;grasslands
116;land;0;grasslands
117;land;0;grasslands
118;land;12;forest
119;land;0;grasslands
120;land;6;mountain
121;land;6;mountain
122;land;6;mountain
123;land;1;hills
124;land;1;hills
125;land;1;hills
126;land;6;mountain
127;land;12;forest
128;land;12;forest
129;land;12;forest
130;land;12;forest
131;land;6;mountain
132;land;1;hills
133;land;1;hills
134;land;1;hills
135;land;1;hills
136;land;1;hills
137;land;1;hills
138;land;1;hills
139;land;1;hills
140;land;12;forest
141;land;12;forest
142;land;12;forest
143;land;12;forest
144;land;1;hills
145;land;12;forest
146;land;1;hills
147;land;1;hills
148;land;6;mountain
149;land;6;mountain
150;land;1;hills
151;land;1;hills
152;land;1;hills
153;land;1;hills
154;land;1;hills
155;land;1;hills
156;land;1;hills
157;land;12;forest
158;land;0;grasslands
159;land;6;mountain
160;land;6;mountain
161;land;6;mountain
162;land;12;forest
163;land;12;forest
164;land;1;hills
165;land;1;hills
166;land;1;hills
167;land;1;hills
168;land;1;hills
169;land;1;hills
170;land;1;hills
171;land;9;marsh
172;land;9;marsh
173;land;0;grasslands
174;land;12;forest
175;land;12;forest
176;land;12;forest
177;land;9;marsh
178;land;6;mountain
179;land;6;mountain
180;land;255;woods
181;land;0;grasslands
182;land;12;forest
183;land;12;forest
184;land;12;forest
185;land;12;forest
186;land;12;forest
187;land;12;forest
188;land;12;forest
189;land;12;forest
190;land;255;woods
191;land;6;mountain
192;land;6;mountain
193;land;12;forest
194;land;12;forest
195;land;1;hills
196;land;1;hills
197;land;0;grasslands
198;land;255;woods
199;land;255;woods
200;land;0;grasslands
201;land;0;grasslands
202;land;0;grasslands
203;land;0;grasslands
204;land;0;grasslands
205;land;0;grasslands
206;land;0;grasslands
207;land;1;hills
208;land;1;hills
209;land;1;hills
210;land;1;hills
211;land;1;hills
212;land;1;hills
213;land;1;hills
214;land;1;hills
215;land;1;hills
216;land;1;hills
217;land;1;hills
218;land;1;hills
219;land;1;hills
220;land;12;forest
221;land;6;mountain
222;land;6;mountain
223;land;1;hills
224;land;1;hills
225;land;1;hills
226;land;1;hills
227;land;1;hills
228;land;1;hills
229;land;1;hills
230;land;1;hills
231;land;1;hills
232;land;1;hills
233;land;255;woods
234;land;255;woods
235;land;255;woods
236;land;1;hills
237;land;1;hills
238;land;1;hills
239;land;1;hills
240;land;1;hills
241;land;0;grasslands
242;land;0;grasslands
243;land;0;grasslands
244;land;0;grasslands
245;land;0;grasslands
246;land;0;grasslands
247;land;0;grasslands
248;land;0;grasslands
249;land;0;grasslands
250;land;0;grasslands
251;land;0;grasslands
252;land;0;grasslands
253;land;0;grasslands
254;land;6;mountain
255;land;6;mountain
256;land;0;grasslands
257;land;0;grasslands
258;land;1;hills
259;land;6;mountain
260;land;6;mountain
261;land;6;mountain
262;land;6;mountain
263;land;255;woods
264;land;255;woods
265;land;255;woods
266;land;0;grasslands
267;land;255;woods
268;land;255;woods
269;land;255;woods
270;land;255;woods
271;land;255;woods
272;land;255;woods
273;land;255;woods
274;land;255;woods
275;land;12;forest
276;land;1;hills
277;land;1;hills
278;land;12;forest
279;land;1;hills
280;land;6;mountain
281;land;6;mountain
282;land;6;mountain
283;land;12;forest
284;land;12;forest
285;land;12;forest
286;land;12;forest
287;land;12;forest
288;land;1;hills
289;land;1;hills
290;land;1;hills
291;land;6;mountain
292;land;1;hills
293;land;6;mountain
294;land;255;woods
295;land;255;woods
296;land;255;woods
297;land;12;forest
298;land;0;grasslands
299;land;0;grasslands
300;land;0;grasslands
301;land;0;grasslands
302;land;0;grasslands
303;land;12;forest
304;land;12;forest
305;land;255;woods
306;land;255;woods
307;land;12;forest
308;land;12;forest
309;land;0;grasslands
310;land;0;grasslands
311;land;0;grasslands
312;land;0;grasslands
313;land;0;grasslands
314;land;0;grasslands
315;land;0;grasslands
316;land;0;grasslands
317;land;0;grasslands
318;land;0;grasslands
319;land;0;grasslands
320;land;0;grasslands
321;land;0;grasslands
322;land;1;hills
323;land;0;grasslands
324;land;0;grasslands
325;land;0;grasslands
326;land;0;grasslands
327;land;0;grasslands
328;land;0;grasslands
329;land;0;grasslands
330;land;1;hills
331;land;6;mountain
332;land;6;mountain
333;land;1;hills
334;land;6;mountain
335;land;6;mountain
336;land;0;grasslands
337;land;0;grasslands
338;land;0;grasslands
339;land;0;grasslands
340;land;0;grasslands
341;land;0;grasslands
342;land;0;grasslands
343;land;12;forest
344;land;6;mountain
345;land;255;woods
346;land;255;woods
347;land;1;hills
348;land;6;mountain
349;land;6;mountain
350;land;6;mountain
351;land;12;forest
352;land;0;grasslands
353;land;0;grasslands
354;land;0;grasslands
355;land;0;grasslands
356;land;0;grasslands
357;land;0;grasslands
358;land;6;mountain
359;land;6;mountain
360;land;6;mountain
361;land;1;hills
362;land;0;grasslands
363;land;0;grasslands
364;land;0;grasslands
365;land;0;grasslands
366;land;12;forest
367;land;12;forest
368;land;12;forest
369;land;12;forest
370;land;12;forest
371;land;1;hills
372;land;0;grasslands
373;land;0;grasslands
374;land;0;grasslands
375;land;0;grasslands
376;land;1;hills
377;land;1;hills
378;land;9;marsh
379;land;9;marsh
380;land;0;grasslands
381;land;0;grasslands
382;land;0;grasslands
383;land;0;grasslands
384;land;1;hills
385;land;1;hills
386;land;10;farmlands
387;land;0;grasslands
388;land;10;farmlands
389;land;10;farmlands
390;land;6;mountain
391;land;0;grasslands
392;land;0;grasslands
393;land;0;grasslands
394;land;0;grasslands
395;land;0;grasslands
396;land;0;grasslands
397;land;0;grasslands
398;land;1;hills
399;land;1;hills
400;land;1;hills
401;land;1;hills
402;land;0;grasslands
403;land;0;grasslands
404;land;9;marsh
405;land;0;grasslands
406;land;0;grasslands
407;land;0;grasslands
408;land;0;grasslands
409;land;0;grasslands
410;land;0;grasslands
411;land;0;grasslands
412;land;0;grasslands
413;land;0;grasslands
414;land;0;grasslands
415;land;6;mountain
416;land;0;grasslands
417;land;0;grasslands
418;land;6;mountain
419;land;12;forest
420;land;1;hills
421;land;0;grasslands
422;land;0;grasslands
423;land;255;woods
424;land;255;woods
425;land;12;forest
426;land;6;mountain
427;land;10;farmlands
428;land;0;grasslands
429;land;0;grasslands
430;land;0;grasslands
431;land;9;marsh
432;land;9;marsh
433;land;6;mountain
434;land;0;grasslands
435;land;0;grasslands
436;land;6;mountain
437;land;6;mountain
438;land;6;mountain
439;land;6;mountain
440;land;6;mountain
441;land;6;mountain
442;land;255;woods
443;land;12;forest
444;land;6;mountain
445;land;6;mountain
446;land;6;mountain
447;land;6;mountain
448;land;255;woods
449;land;255;woods
450;land;1;hills
451;land;1;hills
452;land;1;hills
453;land;1;hills
454;land;1;hills
455;land;1;hills
456;land;1;hills
457;land;1;hills
458;land;1;hills
459;land;1;hills
460;land;1;hills
461;land;1;hills
462;land;1;hills
463;land;6;mountain
464;land;12;forest
465;land;0;grasslands
466;land;6;mountain
467;land;0;grasslands
468;land;1;hills
469;land;1;hills
470;land;1;hills
471;land;0;grasslands
472;land;0;grasslands
473;land;0;grasslands
474;land;1;hills
475;land;0;grasslands
476;land;10;farmlands
477;land;0;grasslands
478;land;1;hills
479;land;1;hills
480;land;1;hills
481;land;1;hills
482;land;1;hills
483;land;1;hills
484;land;1;hills
485;land;1;hills
486;land;1;hills
487;land;9;marsh
488;land;0;grasslands
489;land;0;grasslands
490;land;0;grasslands
491;land;0;grasslands
492;land;0;grasslands
493;land;254;jungle
494;land;6;mountain
495;land;6;mountain
496;land;1;hills
497;land;0;grasslands
498;land;0;grasslands
499;land;0;grasslands
500;land;0;grasslands
501;land;0;grasslands
502;land;0;grasslands
503;land;0;grasslands
504;land;0;grasslands
505;land;9;marsh
506;land;255;woods
507;land;255;woods
508;land;255;woods
509;land;10;farmlands
510;land;10;farmlands
511;land;1;hills
512;land;1;hills
513;land;1;hills
514;land;6;mountain
515;land;255;woods
516;land;255;woods
517;land;255;woods
518;land;255;woods
519;land;255;woods
520;land;255;woods
521;land;12;forest
522;land;6;mountain
523;land;6;mountain
524;land;255;woods
525;land;255;woods
526;land;255;woods
527;land;0;grasslands
528;land;1;hills
529;land;1;hills
530;land;254;jungle
531;land;0;grasslands
532;land;10;farmlands
533;land;10;farmlands
534;land;0;grasslands
535;land;0;grasslands
536;land;0;grasslands
537;land;0;grasslands
538;land;0;grasslands
539;land;0;grasslands
540;land;0;grasslands
541;land;0;grasslands
542;land;0;grasslands
543;land;0;grasslands
544;land;0;grasslands
545;land;0;grasslands
546;land;0;grasslands
547;land;0;grasslands
548;land;0;grasslands
549;land;0;grasslands
550;land;10;farmlands
551;land;10;farmlands
552;land;10;farmlands
553;land;1;hills
554;land;1;hills
555;land;1;hills
556;land;12;forest
557;land;12;forest
558;land;12;forest
559;land;0;grasslands
560;land;0;grasslands
561;land;0;grasslands
562;land;0;grasslands
563;land;0;grasslands
564;land;0;grasslands
565;land;0;grasslands
566;land;0;grasslands
567;land;6;mountain
568;land;255;woods
569;land;255;woods
570;land;1;hills
571;land;0;grasslands
572;land;0;grasslands
573;land;0;grasslands
574;land;0;grasslands
575;land;0;grasslands
576;land;0;grasslands
577;land;1;hills
578;land;10;farmlands
579;land;0;grasslands
580;land;0;grasslands
581;land;6;mountain
582;land;0;grasslands
583;land;1;hills
584;land;6;mountain
585;land;0;grasslands
586;land;0;grasslands
587;land;0;grasslands
588;land;0;grasslands
589;land;0;grasslands
590;land;0;grasslands
591;land;0;grasslands
592;land;0;grasslands
593;land;0;grasslands
594;land;0;grasslands
595;land;0;grasslands
596;land;0;grasslands
597;land;0;grasslands
598;land;0;grasslands
599;land;0;grasslands
600;land;0;grasslands
601;land;0;grasslands
602;land;0;grasslands
603;land;0;grasslands
604;land;9;marsh
605;land;9;marsh
606;land;9;marsh
607;land;1;hills
608;land;1;hills
609;land;1;hills
610;land;1;hills
611;land;1;hills
612;land;255;woods
613;land;0;grasslands
614;land;0;grasslands
615;land;12;forest
616;land;12;forest
617;land;12;forest
618;land;1;hills
619;land;12;forest
620;land;12;forest
621;land;10;farmlands
622;land;12;forest
623;land;12;forest
624;land;12;forest
625;land;12;forest
626;land;12;forest
627;land;10;farmlands
628;land;10;farmlands
629;land;1;hills
630;land;6;mountain
631;land;0;grasslands
632;land;0;grasslands
633;land;1;hills
634;land;1;hills
635;land;12;forest
636;land;12;forest
637;land;1;hills
638;land;1;hills
639;land;1;hills
640;land;1;hills
641;land;10;farmlands
642;land;12;forest
643;land;12;forest
644;land;10;farmlands
645;land;6;mountain
646;land;6;mountain
647;land;6;mountain
648;land;0;grasslands
649;land;0;grasslands
650;land;1;hills
651;land;0;grasslands
652;land;0;grasslands
653;land;0;grasslands
654;land;0;grasslands
655;land;0;grasslands
656;land;255;woods
657;land;255;woods
658;land;0;grasslands
659;land;0;grasslands
660;land;0;grasslands
661;land;0;grasslands
662;land;0;grasslands
663;land;0;grasslands
664;land;0;grasslands
665;land;0;grasslands
666;land;0;grasslands
667;land;0;grasslands
668;land;255;woods
669;land;255;woods
670;land;255;woods
671;land;255;woods
672;land;10;farmlands
673;land;255;woods
674;land;0;grasslands
675;land;0;grasslands
676;land;0;grasslands
677;land;10;farmlands
678;land;9;marsh
679;land;255;woods
680;land;0;grasslands
681;land;0;grasslands
682;land;0;grasslands
683;land;12;forest
684;land;12;forest
685;land;9;marsh
686;land;9;marsh
687;land;0;grasslands
688;land;0;grasslands
689;land;1;hills
690;land;1;hills
691;land;1;hills
692;land;0;grasslands
693;land;0;grasslands
694;land;0;grasslands
695;land;10;farmlands
696;land;1;hills
697;land;6;mountain
698;land;10;farmlands
699;land;0;grasslands
700;land;6;mountain
701;land;255;woods
702;land;255;woods
703;land;1;hills
704;land;9;marsh
705;land;0;grasslands
706;land;0;grasslands
707;land;10;farmlands
708;land;12;forest
709;land;12;forest
710;land;12;forest
711;land;12;forest
712;land;1;hills
713;land;1;hills
714;land;1;hills
715;land;1;hills
716;land;255;woods
717;land;12;forest
718;land;12;forest
719;land;1;hills
720;land;0;grasslands
721;land;0;grasslands
722;land;0;grasslands
723;land;1;hills
724;land;6;mountain
725;land;0;grasslands
726;land;0;grasslands
727;land;0;grasslands
728;land;0;grasslands
729;land;0;grasslands
730;land;0;grasslands
731;land;9;marsh
732;land;1;hills
733;land;6;mountain
734;land;6;mountain
735;land;6;mountain
736;land;0;grasslands
737;land;0;grasslands
738;land;0;grasslands
739;land;0;grasslands
740;land;0;grasslands
741;land;0;grasslands
742;land;0;grasslands
743;land;9;marsh
744;land;9;marsh
745;land;9;marsh
746;land;12;forest
747;land;1;hills
748;land;1;hills
749;land;255;woods
750;land;255;woods
751;land;255;woods
752;land;255;woods
753;land;255;woods
754;land;255;woods
755;land;255;woods
756;land;0;grasslands
757;land;0;grasslands
758;land;0;grasslands
759;land;0;grasslands
760;land;6;mountain
761;land;6;mountain
762;land;255;woods
763;land;1;hills
764;land;0;grasslands
765;land;0;grasslands
766;land;0;grasslands
767;land;0;grasslands
768;land;0;grasslands
769;land;9;marsh
770;land;12;forest
771;land;12;forest
772;land;12;forest
773;land;12;forest
774;land;12;forest
775;land;12;forest
776;land;12;forest
777;land;0;grasslands
778;land;0;grasslands
779;land;0;grasslands
780;land;0;grasslands
781;land;6;mountain
782;land;6;mountain
783;land;6;mountain
784;land;6;mountain
785;land;6;mountain
786;land;1;hills
787;land;1;hills
788;land;0;grasslands
789;land;0;grasslands
790;land;0;grasslands
791;land;0;grasslands
792;land;12;forest
793;land;12;forest
794;land;12;forest
795;land;255;woods
796;land;6;mountain
797;land;10;farmlands
798;land;6;mountain
799;land;6;mountain
800;land;9;marsh
801;land;9;marsh
802;land;1;hills
803;land;1;hills
804;land;255;woods
805;land;0;grasslands
806;land;0;grasslands
807;land;0;grasslands
808;land;12;forest
809;land;12;forest
810;land;1;hills
811;land;1;hills
812;land;0;grasslands
813;land;0;grasslands
814;land;0;grasslands
815;land;0;grasslands
816;land;0;grasslands
817;land;6;mountain
818;land;12;forest
819;land;1;hills
820;land;1;hills
821;land;255;woods
822;land;0;grasslands
823;land;0;grasslands
824;land;0;grasslands
825;land;0;grasslands
826;land;6;mountain
827;land;0;grasslands
828;land;0;grasslands
829;land;0;grasslands
830;land;0;grasslands
831;land;0;grasslands
832;land;0;grasslands
833;land;0;grasslands
834;land;12;forest
835;land;12;forest
836;land;12;forest
837;land;1;hills
838;land;255;woods
839;land;255;woods
840;land;255;woods
841;land;6;mountain
842;land;6;mountain
843;land;6;mountain
844;land;255;woods
845;land;6;mountain
846;land;6;mountain
847;land;6;mountain
848;land;0;grasslands
849;land;0;grasslands
850;land;0;grasslands
851;land;0;grasslands
852;land;255;woods
853;land;1;hills
854;land;1;hills
855;land;6;mountain
856;land;0;grasslands
857;land;0;grasslands
858;land;0;grasslands
859;land;0;grasslands
860;land;0;grasslands
861;land;0;grasslands
862;land;12;forest
863;land;12;forest
864;land;12;forest
865;land;12;forest
866;land;12;forest
867;land;1;hills
868;land;1;hills
869;land;1;hills
870;land;1;hills
871;land;0;grasslands
872;land;255;woods
873;land;255;woods
874;land;6;mountain
875;land;1;hills
876;land;1;hills
877;land;1;hills
878;land;1;hills
879;land;1;hills
880;land;12;forest
881;land;1;hills
882;land;1;hills
883;land;1;hills
884;land;0;grasslands
885;land;6;mountain
886;land;255;woods
887;land;1;hills
888;land;1;hills
889;land;0;grasslands
890;land;0;grasslands
891;land;0;grasslands
892;land;0;grasslands
893;land;255;woods
894;land;1;hills
895;land;6;mountain
896;land;6;mountain
897;land;12;forest
898;land;12;forest
899;land;1;hills
900;land;0;grasslands
901;land;0;grasslands
902;land;0;grasslands
903;land;0;grasslands
904;land;255;woods
905;land;255;woods
906;land;12;forest
907;land;12;forest
908;land;12;forest
909;land;255;woods
910;land;255;woods
911;land;255;woods
912;land;255;woods
913;land;255;woods
914;land;9;marsh
915;land;255;woods
916;land;6;mountain
917;land;6;mountain
918;land;6;mountain
919;land;6;mountain
920;land;0;grasslands
921;land;9;marsh
922;land;9;marsh
923;land;255;woods
924;land;255;woods
925;land;255;woods
926;land;255;woods
927;land;255;woods
928;land;255;woods
929;land;12;forest
930;land;12;forest
931;land;12;forest
932;land;12;forest
933;land;0;grasslands
934;land;0;grasslands
935;land;12;forest
936;land;255;woods
937;land;9;marsh
938;land;1;hills
939;land;1;hills
940;land;1;hills
941;land;6;mountain
942;land;12;forest
943;land;9;marsh
944;land;1;hills
945;land;1;hills
946;land;1;hills
947;land;6;mountain
948;land;6;mountain
949;land;255;woods
950;land;255;woods
951;land;0;grasslands
952;land;0;grasslands
953;land;0;grasslands
954;land;6;mountain
955;land;6;mountain
956;land;9;marsh
957;land;9;marsh
958;land;255;woods
959;land;255;woods
960;land;255;woods
961;land;255;woods
962;land;255;woods
963;land;0;grasslands
964;land;0;grasslands
965;land;0;grasslands
966;land;0;grasslands
967;land;12;forest
968;land;0;grasslands
969;land;0;grasslands
970;land;1;hills
971;land;12;forest
972;land;12;forest
973;land;12;forest
974;land;255;woods
975;land;0;grasslands
976;land;0;grasslands
977;land;0;grasslands
978;land;6;mountain
979;land;6;mountain
980;land;6;mountain
981;land;12;forest
982;land;12;forest
983;land;0;grasslands
984;land;255;woods
985;land;1;hills
986;land;0;grasslands
987;land;1;hills
988;land;0;grasslands
989;land;0;grasslands
990;land;6;mountain
991;land;255;woods
992;land;0;grasslands
993;land;0;grasslands
994;land;0;grasslands
995;land;0;grasslands
996;land;0;grasslands
997;land;0;grasslands
998;land;0;grasslands
999;land;0;grasslands
1000;land;0;grasslands
1001;land;1;hills
1002;land;1;hills
1003;land;12;forest
1004;land;1;hills
1005;land;1;hills
1006;land;1;hills
1007;land;1;hills
1008;land;1;hills
1009;land;1;hills
1010;land;255;woods
1011;land;0;grasslands
1012;land;0;grasslands
1013;land;0;grasslands
1014;land;0;grasslands
1015;land;6;mountain
1016;land;12;forest
1017;land;12;forest
1018;land;12;forest
1019;land;12;forest
1020;land;12;forest
1021;land;12;forest
1022;land;1;hills
1023;land;255;woods
1024;land;255;woods
1025;land;255;woods
1026;land;0;grasslands
1027;land;0;grasslands
1028;land;0;grasslands
1029;land;1;hills
1030;land;6;mountain
1031;land;6;mountain
1032;land;9;marsh
1033;land;9;marsh
1034;land;9;marsh
1035;land;9;marsh
1036;land;12;forest
1037;land;12;forest
1038;land;12;forest
1039;land;1;hills
1040;land;255;woods
1041;land;0;grasslands
1042;land;0;grasslands
1043;land;0;grasslands
1044;land;0;grasslands
1045;land;1;hills
1046;land;1;hills
1047;land;1;hills
1048;land;12;forest
1049;land;6;mountain
1050;land;1;hills
1051;land;1;hills
1052;land;1;hills
1053;land;6;mountain
1054;land;6;mountain
1055;land;6;mountain
1056;land;6;mountain
1057;land;1;hills
1058;land;6;mountain
1059;land;0;grasslands
1060;land;0;grasslands
1061;land;255;woods
1062;land;12;forest
1063;land;12;forest
1064;land;1;hills
1065;land;1;hills
1066;land;6;mountain
1067;land;1;hills
1068;land;12;forest
1069;land;12;forest
1070;land;12;forest
1071;land;255;woods
1072;land;255;woods
1073;land;255;woods
1074;land;255;woods
1075;land;1;hills
1076;land;0;grasslands
1077;land;0;grasslands
1078;land;0;grasslands
1079;land;0;grasslands
1080;land;255;woods
1081;land;255;woods
1082;land;255;woods
1083;land;255;woods
1084;land;6;mountain
1085;land;0;grasslands
1086;land;1;hills
1087;land;1;hills
1088;land;1;hills
1089;land;0;grasslands
1090;land;10;farmlands
1091;land;9;marsh
1092;land;9;marsh
1093;land;1;hills
1094;land;1;hills
1095;land;1;hills
1096;land;1;hills
1097;land;1;hills
1098;land;0;grasslands
1099;land;1;hills
1100;land;9;marsh
1101;land;9;marsh
1102;land;9;marsh
1103;land;0;grasslands
1104;land;0;grasslands
1105;land;1;hills
1106;land;1;hills
1107;land;255;woods
1108;land;1;hills
1109;land;1;hills
1110;land;12;forest
1111;land;12;forest
1112;land;12;forest
1113;land;12;forest
1114;land;1;hills
1115;land;1;hills
1116;land;0;grasslands
1117;land;0;grasslands
1118;land;0;grasslands
1119;land;0;grasslands
1120;land;6;mountain
1121;land;12;forest
1122;land;9;marsh
1123;land;9;marsh
1124;land;9;marsh
1125;land;9;marsh
1126;land;254;jungle
1127;land;254;jungle
1128;land;254;jungle
1129;land;12;forest
1130;land;6;mountain
1131;land;1;hills
1132;land;1;hills
1133;land;1;hills
1134;land;1;hills
1135;land;12;forest
1136;land;12;forest
1137;land;0;grasslands
1138;land;0;grasslands
1139;land;0;grasslands
1140;land;0;grasslands
1141;land;6;mountain
1142;land;6;mountain
1143;land;6;mountain
1144;land;6;mountain
1145;land;6;mountain
1146;land;6;mountain
1147;land;6;mountain
1148;land;0;grasslands
1149;land;0;grasslands
1150;land;255;woods
1151;land;0;grasslands
1152;land;0;grasslands
1153;land;0;grasslands
1154;land;1;hills
1155;land;1;hills
1156;land;1;hills
1157;land;1;hills
1158;land;6;mountain
1159;land;1;hills
1160;land;0;grasslands
1161;land;0;grasslands
1162;land;0;grasslands
1163;land;9;marsh
1164;land;9;marsh
1165;land;9;marsh
1166;land;9;marsh
1167;land;9;marsh
1168;land;0;grasslands
1169;land;0;grasslands
1170;land;6;mountain
1171;land;0;grasslands
1172;land;1;hills
1173;land;1;hills
1174;land;1;hills
1175;land;1;hills
1176;land;0;grasslands
1177;land;0;grasslands
1178;land;0;grasslands
1179;land;0;grasslands
1180;land;0;grasslands
1181;land;6;mountain
1182;land;1;hills
1183;land;1;hills
1184;land;1;hills
1185;land;1;hills
1186;land;255;woods
1187;land;255;woods
1188;land;255;woods
1189;land;255;woods
1190;land;6;mountain
1191;land;0;grasslands
1192;land;0;grasslands
1193;land;0;grasslands
1194;land;0;grasslands
1195;land;1;hills
1196;land;6;mountain
1197;land;6;mountain
1198;land;255;woods
1199;land;0;grasslands
1200;land;0;grasslands
1201;land;6;mountain
1202;land;6;mountain
1203;land;255;woods
1204;land;255;woods
1205;land;1;hills
1206;land;1;hills
1207;land;1;hills
1208;land;1;hills
1209;land;1;hills
1210;land;1;hills
1211;land;1;hills
1212;land;1;hills
1213;land;1;hills
1214;land;1;hills
1215;land;1;hills
1216;land;6;mountain
1217;land;1;hills
1218;land;12;forest
1219;land;12;forest
1220;land;1;hills
1221;land;1;hills
1222;land;6;mountain
1223;land;254;jungle
1224;land;254;jungle
1225;land;254;jungle
1226;land;255;woods
1227;land;1;hills
1228;land;1;hills
1229;land;9;marsh
1230;land;9;marsh
1231;land;9;marsh
1232;land;1;hills
1233;land;0;grasslands
1234;land;0;grasslands
1235;land;0;grasslands
1236;land;0;grasslands
1237;land;0;grasslands
1238;land;6;mountain
1239;land;9;marsh
1240;land;9;marsh
1241;land;12;forest
1242;land;0;grasslands
1243;land;0;grasslands
1244;land;0;grasslands
1245;land;0;grasslands
1246;land;6;mountain
1247;land;254;jungle
1248;land;254;jungle
1249;land;254;jungle
1250;land;12;forest
1251;land;6;mountain
1252;land;6;mountain
1253;land;9;marsh
1254;land;255;woods
1255;land;6;mountain
1256;land;12;forest
1257;land;6;mountain
1258;land;6;mountain
1259;land;6;mountain
1260;land;254;jungle
1261;land;20;savannah
1262;land;20;savannah
1263;land;10;farmlands
1264;land;9;marsh
1265;land;9;marsh
1266;land;12;forest
1267;land;3;desert
1268;land;3;desert
1269;land;255;woods
1270;land;255;woods
1271;land;255;woods
1272;land;6;mountain
1273;land;9;marsh
1274;land;0;grasslands
1275;land;0;grasslands
1276;land;0;grasslands
1277;land;0;grasslands
1278;land;0;grasslands
1279;land;0;grasslands
1280;land;1;hills
1281;land;6;mountain
1282;land;6;mountain
1283;land;255;woods
1284;land;255;woods
1285;land;255;woods
1286;land;6;mountain
1287;land;1;hills
1288;land;12;forest
1289;land;20;savannah
1290;land;0;grasslands
1291;land;0;grasslands
1292;land;0;grasslands
1293;land;1;hills
1294;land;1;hills
1295;land;255;woods
1296;land;255;woods
1297;land;255;woods
1298;land;255;woods
1299;land;255;woods
1300;land;255;woods
1301;land;0;grasslands
1302;land;0;grasslands
1303;land;0;grasslands
1304;land;0;grasslands
1305;land;0;grasslands
1306;land;1;hills
1307;land;1;hills
1308;land;20;savannah
1309;land;20;savannah
1310;land;20;savannah
1311;land;20;savannah
1312;land;1;hills
1313;land;1;hills
1314;land;1;hills
1315;land;6;mountain
1316;land;6;mountain
1317;land;6;mountain
1318;land;6;mountain
1319;land;255;woods
1320;land;255;woods
1321;land;255;woods
1322;land;3;desert
1323;land;3;desert
1324;land;3;desert
1325;land;3;desert
1326;land;3;desert
1327;land;1;hills
1328;land;20;savannah
1329;land;12;forest
1330;land;12;forest
1331;land;12;forest
1332;land;12;forest
1333;land;12;forest
1334;land;9;marsh
1335;land;9;marsh
1336;land;9;marsh
1337;land;9;marsh
1338;land;1;hills
1339;land;1;hills
1340;land;6;mountain
1341;land;6;mountain
1342;land;6;mountain
1343;land;1;hills
1344;land;20;savannah
1345;land;20;savannah
1346;land;0;grasslands
1347;land;0;grasslands
1348;land;10;farmlands
1349;land;10;farmlands
1350;land;6;mountain
1351;land;1;hills
1352;land;0;grasslands
1353;land;0;grasslands
1354;land;0;grasslands
1355;land;0;grasslands
1356;land;0;grasslands
1357;land;0;grasslands
1358;land;0;grasslands
1359;land;0;grasslands
1360;land;0;grasslands
1361;land;0;grasslands
1362;land;6;mountain
1363;land;6;mountain
1364;land;6;mountain
1365;land;254;jungle
1366;land;254;jungle
1367;land;254;jungle
1368;land;254;jungle
1369;land;254;jungle
1370;land;1;hills
1371;land;0;grasslands
1372;land;0;grasslands
1373;land;0;grasslands
1374;land;0;grasslands
1375;land;0;grasslands
1376;land;0;grasslands
1377;land;0;grasslands
1378;land;0;grasslands
1379;land;0;grasslands
1380;land;0;grasslands
1381;land;0;grasslands
1382;land;1;hills
1383;land;255;woods
1384;land;0;grasslands
1385;land;0;grasslands
1386;land;0;grasslands
1387;land;6;mountain
1388;land;6;mountain
1389;land;1;hills
1390;land;1;hills
1391;land;1;hills
1392;land;10;farmlands
1393;land;6;mountain
1394;land;6;mountain
1395;land;255;woods
1396;land;0;grasslands
1397;land;255;woods
1398;land;255;woods
1399;land;6;mountain
1400;land;6;mountain
1401;land;9;marsh
1402;land;9;marsh
1403;land;20;savannah
1404;land;12;forest
1405;land;1;hills
1406;land;1;hills
1407;land;254;jungle
1408;land;254;jungle
1409;land;254;jungle
1410;land;254;jungle
1411;land;254;jungle
1412;land;9;marsh
1413;land;9;marsh
1414;land;9;marsh
1415;land;9;marsh
1416;land;0;grasslands
1417;land;0;grasslands
1418;land;6;mountain
1419;land;1;hills
1420;land;12;forest
1421;land;12;forest
1422;land;1;hills
1423;land;6;mountain
1424;land;255;woods
1425;land;255;woods
1426;land;1;hills
1427;land;0;grasslands
1428;land;0;grasslands
1429;land;0;grasslands
1430;land;255;woods
1431;land;255;woods
1432;land;255;woods
1433;land;1;hills
1434;land;1;hills
1435;land;6;mountain
1436;land;0;grasslands
1437;land;12;forest
1438;land;6;mountain
1439;land;9;marsh
1440;land;9;marsh
1441;land;9;marsh
1442;land;12;forest
1443;land;12;forest
1444;land;12;forest
1445;land;12;forest
1446;land;0;grasslands
1447;land;0;grasslands
1448;land;0;grasslands
1449;land;0;grasslands
1450;land;0;grasslands
1451;land;3;desert
1452;land;1;hills
1453;land;12;forest
1454;land;1;hills
1455;land;1;hills
1456;land;255;woods
1457;land;255;woods
1458;land;255;woods
1459;land;254;jungle
1460;land;1;hills
1461;land;255;woods
1462;land;255;woods
1463;land;12;forest
1464;land;12;forest
1465;land;12;forest
1466;land;12;forest
1467;land;12;forest
1468;land;6;mountain
1469;land;0;grasslands
1470;land;1;hills
1471;land;0;grasslands
1472;land;255;woods
1473;land;6;mountain
1474;land;6;mountain
1475;land;0;grasslands
1476;land;0;grasslands
1477;land;0;grasslands
1478;land;0;grasslands
1479;land;0;grasslands
1480;land;0;grasslands
1481;land;0;grasslands
1482;land;12;forest
1483;land;0;grasslands
1484;land;1;hills
1485;land;1;hills
1486;land;1;hills
1487;land;1;hills
1488;land;6;mountain
1489;land;6;mountain
1490;land;3;desert
1491;land;0;grasslands
1492;land;0;grasslands
1493;land;0;grasslands
1494;land;0;grasslands
1495;land;9;marsh
1496;land;6;mountain
1497;land;0;grasslands
1498;land;6;mountain
1499;land;255;woods
1500;land;9;marsh
1501;land;9;marsh
1502;land;9;marsh
1503;land;9;marsh
1504;land;9;marsh
1505;land;9;marsh
1506;land;9;marsh
1507;land;9;marsh
1508;land;12;forest
1509;land;254;jungle
1510;land;254;jungle
1511;land;254;jungle
1512;land;1;hills
1513;land;1;hills
1514;land;1;hills
1515;land;1;hills
1516;land;12;forest
1517;land;255;woods
1518;land;255;woods
1519;land;255;woods
1520;land;1;hills
1521;land;1;hills
1522;land;255;woods
1523;land;255;woods
1524;land;255;woods
1525;land;1;hills
1526;land;255;woods
1527;land;255;woods
1528;land;9;marsh
1529;land;12;forest
1530;land;12;forest
1531;land;10;farmlands
1532;land;6;mountain
1533;land;12;forest
1534;land;0;grasslands
1535;land;255;woods
1536;land;6;mountain
1537;land;6;mountain
1538;land;6;mountain
1539;land;9;marsh
1540;land;6;mountain
1541;land;6;mountain
1542;land;0;grasslands
1543;land;255;woods
1544;land;255;woods
1545;land;255;woods
1546;land;12;forest
1547;land;6;mountain
1548;land;1;hills
1549;land;1;hills
1550;land;1;hills
1551;land;255;woods
1552;land;255;woods
1553;land;255;woods
1554;land;12;forest
1555;land;6;mountain
1556;land;1;hills
1557;land;255;woods
1558;land;1;hills
1559;land;6;mountain
1560;land;6;mountain
1561;land;9;marsh
1562;land;1;hills
1563;land;12;forest
1564;land;12;forest
1565;land;6;mountain
1566;land;0;grasslands
1567;land;0;grasslands
1568;land;0;grasslands
1569;land;0;grasslands
1570;land;255;woods
1571;land;255;woods
1572;land;255;woods
1573;land;9;marsh
1574;land;9;marsh
1575;land;255;woods
1576;land;255;woods
1577;land;255;woods
1578;land;255;woods
1579;land;0;grasslands
1580;land;0;grasslands
1581;land;0;grasslands
1582;land;0;grasslands
1583;land;0;grasslands
1584;land;0;grasslands
1585;land;0;grasslands
1586;land;0;grasslands
1587;land;0;grasslands
1588;land;6;mountain
1589;land;255;woods
1590;land;255;woods
1591;land;255;woods
1592;land;255;woods
1593;land;0;grasslands
1594;land;0;grasslands
1595;land;0;grasslands
1596;land;0;grasslands
1597;land;0;grasslands
1598;land;1;hills
1599;land;1;hills
1600;land;6;mountain
1601;land;1;hills
1602;land;9;marsh
1603;land;1;hills
1604;land;6;mountain
1605;land;1;hills
1606;land;1;hills
1607;land;1;hills
1608;land;1;hills
1609;land;6;mountain
1610;land;6;mountain
1611;land;6;mountain
1612;land;9;marsh
1613;land;9;marsh
1614;land;9;marsh
1615;land;1;hills
1616;land;1;hills
1617;land;1;hills
1618;land;0;grasslands
1619;land;0;grasslands
1620;land;1;hills
1621;land;6;mountain
1622;land;12;forest
1623;land;12;forest
1624;land;12;forest
1625;land;12;forest
1626;land;0;grasslands
1627;land;0;grasslands
1628;land;12;forest
1629;land;12;forest
1630;land;12;forest
1631;land;6;mountain
1632;land;6;mountain
1633;land;0;grasslands
1634;land;0;grasslands
1635;land;0;grasslands
1636;land;6;mountain
1637;land;6;mountain
1638;land;6;mountain
1639;land;255;woods
1640;land;255;woods
1641;land;12;forest
1642;land;6;mountain
1643;land;6;mountain
1644;land;255;woods
1645;land;255;woods
1646;land;255;woods
1647;land;1;hills
1648;land;1;hills
1649;land;1;hills
1650;land;1;hills
1651;land;1;hills
1652;land;1;hills
1653;land;1;hills
1654;land;1;hills
1655;land;1;hills
1656;land;12;forest
1657;land;0;grasslands
1658;land;1;hills
1659;land;255;woods
1660;land;255;woods
1661;land;255;woods
1662;land;255;woods
1663;land;255;woods
1664;land;6;mountain
1665;land;6;mountain
1666;land;6;mountain
1667;land;6;mountain
1668;land;6;mountain
1669;land;6;mountain
1670;land;6;mountain
1671;land;255;woods
1672;land;255;woods
1673;land;0;grasslands
1674;land;0;grasslands
1675;land;9;marsh
1676;land;0;grasslands
1677;land;0;grasslands
1678;land;6;mountain
1679;land;6;mountain
1680;land;6;mountain
1681;land;1;hills
1682;land;6;mountain
1683;land;255;woods
1684;land;255;woods
1685;land;255;woods
1686;land;255;woods
1687;land;0;grasslands
1688;land;0;grasslands
1689;land;0;grasslands
1690;land;0;grasslands
1691;land;255;woods
1692;land;255;woods
1693;land;1;hills
1694;land;9;marsh
1695;land;9;marsh
1696;land;255;woods
1697;land;9;marsh
1698;land;9;marsh
1699;land;9;marsh
1700;land;0;grasslands
1701;land;0;grasslands
1702;land;20;savannah
1703;land;20;savannah
1704;land;20;savannah
1705;land;1;hills
1706;land;1;hills
1707;land;255;woods
1708;land;9;marsh
1709;land;1;hills
1710;land;0;grasslands
1711;land;255;woods
1712;land;255;woods
1713;land;255;woods
1714;land;9;marsh
1715;land;255;woods
1716;land;255;woods
1717;land;1;hills
1718;land;6;mountain
1719;land;1;hills
1720;land;1;hills
1721;land;254;jungle
1722;land;6;mountain
1723;land;6;mountain
1724;land;6;mountain
1725;land;0;grasslands
1726;land;0;grasslands
1727;land;0;grasslands
1728;land;0;grasslands
1729;land;3;desert
1730;land;255;woods
1731;land;255;woods
1732;land;255;woods
1733;land;1;hills
1734;land;1;hills
1735;land;255;woods
1736;land;255;woods
1737;land;9;marsh
1738;land;9;marsh
1739;land;1;hills
1740;land;6;mountain
1741;land;6;mountain
1742;land;6;mountain
1743;land;6;mountain
1744;land;6;mountain
1745;land;6;mountain
1746;land;6;mountain
1747;land;6;mountain
1748;land;6;mountain
1749;land;6;mountain
1750;land;1;hills
1751;land;1;hills
1752;land;255;woods
1753;land;0;grasslands
1754;land;0;grasslands
1755;land;0;grasslands
1756;land;0;grasslands
1757;land;0;grasslands
1758;land;0;grasslands
1759;land;0;grasslands
1760;land;0;grasslands
1761;land;0;grasslands
1762;land;0;grasslands
1763;land;6;mountain
1764;land;1;hills
1765;land;1;hills
1766;land;1;hills
1767;land;6;mountain
1768;land;6;mountain
1769;land;12;forest
1770;land;12;forest
1771;land;12;forest
1772;land;12;forest
1773;land;3;desert
1774;land;0;grasslands
1775;land;0;grasslands
1776;land;0;grasslands
1777;land;0;grasslands
1778;land;20;savannah
1779;land;255;woods
1780;land;255;woods
1781;land;0;grasslands
1782;land;1;hills
1783;land;9;marsh
1784;land;6;mountain
1785;land;1;hills
1786;land;6;mountain
1787;land;0;grasslands
1788;land;0;grasslands
1789;land;255;woods
1790;land;10;farmlands
1791;land;9;marsh
1792;land;9;marsh
1793;land;16;glacier
1794;land;16;glacier
1795;land;0;grasslands
1796;land;0;grasslands
1797;land;0;grasslands
1798;land;0;grasslands
1799;land;255;woods
1800;land;6;mountain
1801;land;0;grasslands
1802;land;6;mountain
1803;land;1;hills
1804;land;1;hills
1805;land;1;hills
1806;land;1;hills
1807;land;6;mountain
1808;land;1;hills
1809;land;0;grasslands
1810;land;0;grasslands
1811;land;1;hills
1812;land;0;grasslands
1813;land;0;grasslands
1814;land;0;grasslands
1815;land;0;grasslands
1816;land;0;grasslands
1817;land;9;marsh
1818;land;9;marsh
1819;land;9;marsh
1820;land;9;marsh
1821;land;9;marsh
1822;land;9;marsh
1823;land;0;grasslands
1824;land;0;grasslands
1825;land;255;woods
1826;land;255;woods
1827;land;1;hills
1828;land;1;hills
1829;land;1;hills
1830;land;0;grasslands
1831;land;1;hills
1832;land;1;hills
1833;land;1;hills
1834;land;255;woods
1835;land;1;hills
1836;land;1;hills
1837;land;1;hills
1838;land;0;grasslands
1839;land;0;grasslands
1840;land;0;grasslands
1841;land;0;grasslands
1842;land;255;woods
1843;land;255;woods
1844;land;255;woods
1845;land;1;hills
1846;land;1;hills
1847;land;255;woods
1848;land;255;woods
1849;land;255;woods
1850;land;255;woods
1851;land;0;grasslands
1852;land;0;grasslands
1853;land;0;grasslands
1854;land;255;woods
1855;land;6;mountain
1856;land;1;hills
1857;land;1;hills
1858;land;1;hills
1859;land;0;grasslands
1860;land;255;woods
1861;land;255;woods
1862;land;255;woods
1863;land;20;savannah
1864;land;20;savannah
1865;land;0;grasslands
1866;land;0;grasslands
1867;land;255;woods
1868;land;255;woods
1869;land;255;woods
1870;land;255;woods
1871;land;0;grasslands
1872;land;0;grasslands
1873;land;0;grasslands
1874;land;0;grasslands
1875;land;1;hills
1876;land;255;woods
1877;land;255;woods
1878;land;1;hills
1879;land;1;hills
1880;land;1;hills
1881;land;1;hills
1882;land;0;grasslands
1883;land;0;grasslands
1884;land;0;grasslands
1885;land;0;grasslands
1886;land;0;grasslands
1887;land;0;grasslands
1888;land;255;woods
1889;land;255;woods
1890;land;6;mountain
1891;land;1;hills
1892;land;12;forest
1893;land;0;grasslands
1894;land;0;grasslands
1895;land;0;grasslands
1896;land;0;grasslands
1897;land;0;grasslands
1898;land;255;woods
1899;land;255;woods
1900;land;255;woods
1901;land;1;hills
1902;land;6;mountain
1903;land;6;mountain
1904;land;6;mountain
1905;land;6;mountain
1906;land;6;mountain
1907;land;6;mountain
1908;land;6;mountain
1909;land;6;mountain
1910;land;1;hills
1911;land;9;marsh
1912;land;9;marsh
1913;land;9;marsh
1914;land;9;marsh
1915;land;255;woods
1916;land;255;woods
1917;land;255;woods
1918;land;9;marsh
1919;land;9;marsh
1920;land;12;forest
1921;land;1;hills
1922;land;1;hills
1923;land;12;forest
1924;land;12;forest
1925;land;12;forest
1926;land;12;forest
1927;land;16;glacier
1928;land;16;glacier
1929;land;16;glacier
1930;land;255;woods
1931;land;255;woods
1932;land;6;mountain
1933;land;1;hills
1934;land;3;desert
1935;land;1;hills
1936;land;1;hills
1937;land;6;mountain
1938;land;6;mountain
1939;land;1;hills
1940;land;6;mountain
1941;land;255;woods
1942;land;1;hills
1943;land;6;mountain
1944;land;9;marsh
1945;land;9;marsh
1946;land;255;woods
1947;land;255;woods
1948;land;255;woods
1949;land;9;marsh
1950;land;9;marsh
1951;land;9;marsh
1952;land;9;marsh
1953;land;1;hills
1954;land;1;hills
1955;land;1;hills
1956;land;1;hills
1957;land;1;hills
1958;land;6;mountain
1959;land;0;grasslands
1960;land;0;grasslands
1961;land;0;grasslands
1962;land;0;grasslands
1963;land;0;grasslands
1964;land;0;grasslands
1965;land;6;mountain
1966;land;6;mountain
1967;land;6;mountain
1968;land;6;mountain
1969;land;6;mountain
1970;land;255;woods
1971;land;255;woods
1972;land;9;marsh
1973;land;0;grasslands
1974;land;0;grasslands
1975;land;0;grasslands
1976;land;0;grasslands
1977;land;9;marsh
1978;land;6;mountain
1979;land;6;mountain
1980;land;1;hills
1981;land;1;hills
1982;land;1;hills
1983;land;1;hills
1984;land;1;hills
1985;land;12;forest
1986;land;1;hills
1987;land;1;hills
1988;land;9;marsh
1989;land;0;grasslands
1990;land;0;grasslands
1991;land;0;grasslands
1992;land;0;grasslands
1993;land;1;hills
1994;land;1;hills
1995;land;1;hills
1996;land;6;mountain
1997;land;0;grasslands
1998;land;0;grasslands
1999;land;0;grasslands
2000;land;0;grasslands
2001;land;0;grasslands
2002;land;1;hills
2003;land;1;hills
2004;land;0;grasslands
2005;land;6;mountain
2006;land;6;mountain
2007;land;255;woods
2008;land;9;marsh
2009;land;9;marsh
2010;land;12;forest
2011;land;9;marsh
2012;land;6;mountain
2013;land;6;mountain
2014;land;6;mountain
2015;land;1;hills
2016;land;1;hills
2017;land;1;hills
2018;land;1;hills
2019;land;0;grasslands
2020;land;1;hills
2021;land;1;hills
2022;land;1;hills
2023;land;255;woods
2024;land;255;woods
2025;land;6;mountain
2026;land;1;hills
2027;land;9;marsh
2028;land;9;marsh
2029;land;9;marsh
2030;land;1;hills
2031;land;6;mountain
2032;land;6;mountain
2033;land;1;hills
2034;land;1;hills
2035;land;1;hills
2036;land;255;woods
2037;land;255;woods
2038;land;255;woods
2039;land;255;woods
2040;land;255;woods
2041;land;255;woods
2042;land;255;woods
2043;land;1;hills
2044;land;6;mountain
2045;land;6;mountain
2046;land;6;mountain
2047;land;1;hills
2048;land;1;hills
2049;land;255;woods
2050;land;6;mountain
2051;land;6;mountain
2052;land;6;mountain
2053;land;0;grasslands
2054;land;0;grasslands
2055;land;255;woods
2056;land;9;marsh
2057;land;255;woods
2058;land;255;woods
2059;land;255;woods
2060;land;255;woods
2061;land;0;grasslands
2062;land;0;grasslands
2063;land;9;marsh
2064;land;6;mountain
2065;land;0;grasslands
2066;land;0;grasslands
2067;land;0;grasslands
2068;land;0;grasslands
2069;land;0;grasslands
2070;land;0;grasslands
2071;land;0;grasslands
2072;land;12;forest
2073;land;1;hills
2074;land;6;mountain
2075;land;6;mountain
2076;land;6;mountain
2077;land;9;marsh
2078;land;0;grasslands
2079;land;0;grasslands
2080;land;0;grasslands
2081;land;0;grasslands
2082;land;255;woods
2083;land;6;mountain
2084;land;6;mountain
2085;land;6;mountain
2086;land;6;mountain
2087;land;12;forest
2088;land;0;grasslands
2089;land;6;mountain
2090;land;6;mountain
2091;land;255;woods
2092;land;255;woods
2093;land;255;woods
2094;land;0;grasslands
2095;land;0;grasslands
2096;land;0;grasslands
2097;land;0;grasslands
2098;land;0;grasslands
2099;land;0;grasslands
2100;land;1;hills
2101;land;255;woods
2102;land;255;woods
2103;land;255;woods
2104;land;6;mountain
2105;land;0;grasslands
2106;land;0;grasslands
2107;land;0;grasslands
2108;land;0;grasslands
2109;land;6;mountain
2110;land;6;mountain
2111;land;6;mountain
2112;land;6;mountain
2113;land;6;mountain
2114;land;0;grasslands
2115;land;0;grasslands
2116;land;0;grasslands
2117;land;0;grasslands
2118;land;0;grasslands
2119;land;0;grasslands
2120;land;0;grasslands
2121;land;255;woods
2122;land;255;woods
2123;land;0;grasslands
2124;land;0;grasslands
2125;land;0;grasslands
2126;land;0;grasslands
2127;land;0;grasslands
2128;land;1;hills
2129;land;9;marsh
2130;land;12;forest
2131;land;255;woods
2132;land;6;mountain
2133;land;12;forest
2134;land;12;forest
2135;land;12;forest
2136;land;1;hills
2137;land;1;hills
2138;land;6;mountain
2139;land;6;mountain
2140;land;6;mountain
2141;land;0;grasslands
2142;land;3;desert
2143;land;0;grasslands
2144;land;0;grasslands
2145;land;0;grasslands
2146;land;6;mountain
2147;land;6;mountain
2148;land;6;mountain
2149;land;12;forest
2150;land;12;forest
2151;land;12;forest
2152;land;12;forest
2153;land;6;mountain
2154;land;6;mountain
2155;land;1;hills
2156;land;1;hills
2157;land;12;forest
2158;land;0;grasslands
2159;land;0;grasslands
2160;land;0;grasslands
2161;land;0;grasslands
2162;land;0;grasslands
2163;land;255;woods
2164;land;1;hills
2165;land;1;hills
2166;land;1;hills
2167;land;0;grasslands
2168;land;0;grasslands
2169;land;0;grasslands
2170;land;1;hills
2171;land;1;hills
2172;land;1;hills
2173;land;1;hills
2174;land;9;marsh
2175;land;1;hills
2176;land;1;hills
2177;land;1;hills
2178;land;6;mountain
2179;land;12;forest
2180;land;12;forest
2181;land;0;grasslands
2182;land;0;grasslands
2183;land;0;grasslands
2184;land;0;grasslands
2185;land;9;marsh
2186;land;255;woods
2187;land;6;mountain
2188;land;6;mountain
2189;land;6;mountain
2190;land;6;mountain
2191;land;0;grasslands
2192;land;0;grasslands
2193;land;0;grasslands
2194;land;0;grasslands
2195;land;0;grasslands
2196;land;0;grasslands
2197;land;10;farmlands
2198;land;1;hills
2199;land;1;hills
2200;land;6;mountain
2201;land;6;mountain
2202;land;6;mountain
2203;land;6;mountain
2204;land;0;grasslands
2205;land;12;forest
2206;land;12;forest
2207;land;255;woods
2208;land;255;woods
2209;land;9;marsh
2210;land;1;hills
2211;land;1;hills
2212;land;0;grasslands
2213;land;255;woods
2214;land;0;grasslands
2215;land;0;grasslands
2216;land;0;grasslands
2217;land;0;grasslands
2218;land;12;forest
2219;land;12;forest
2220;land;12;forest
2221;land;12;forest
2222;land;12;forest
2223;land;12;forest
2224;land;1;hills
2225;land;1;hills
2226;land;0;grasslands
2227;land;0;grasslands
2228;land;6;mountain
2229;land;255;woods
2230;land;255;woods
2231;land;1;hills
2232;land;1;hills
2233;land;0;grasslands
2234;land;0;grasslands
2235;land;0;grasslands
2236;land;0;grasslands
2237;land;0;grasslands
2238;land;0;grasslands
2239;land;0;grasslands
2240;land;0;grasslands
2241;land;1;hills
2242;land;1;hills
2243;land;6;mountain
2244;land;12;forest
2245;land;0;grasslands
2246;land;6;mountain
2247;land;6;mountain
2248;land;6;mountain
2249;land;12;forest
2250;land;9;marsh
2251;land;9;marsh
2252;land;9;marsh
2253;land;1;hills
2254;land;1;hills
2255;land;1;hills
2256;land;12;forest
2257;land;0;grasslands
2258;land;0;grasslands
2259;land;6;mountain
2260;land;1;hills
2261;land;1;hills
2262;land;6;mountain
2263;land;6;mountain
2264;land;6;mountain
2265;land;6;mountain
2266;land;6;mountain
2267;land;6;mountain
2268;land;0;grasslands
2269;land;0;grasslands
2270;land;0;grasslands
2271;land;255;woods
2272;land;1;hills
2273;land;1;hills
2274;land;1;hills
2275;land;6;mountain
2276;land;6;mountain
2277;land;0;grasslands
2278;land;0;grasslands
2279;land;0;grasslands
2280;land;1;hills
2281;land;1;hills
2282;land;1;hills
2283;land;1;hills
2284;land;1;hills
2285;land;1;hills
2286;land;6;mountain
2287;land;6;mountain
2288;land;6;mountain
2289;land;255;woods
2290;land;255;woods
2291;land;255;woods
2292;land;1;hills
2293;land;1;hills
2294;land;1;hills
2295;land;1;hills
2296;land;1;hills
2297;land;0;grasslands
2298;land;6;mountain
2299;land;0;grasslands
2300;land;0;grasslands
2301;land;1;hills
2302;land;1;hills
2303;land;1;hills
2304;land;1;hills
2305;land;0;grasslands
2306;land;6;mountain
2307;land;1;hills
2308;land;1;hills
2309;land;1;hills
2310;land;1;hills
2311;land;1;hills
2312;land;6;mountain
2313;land;12;forest
2314;land;1;hills
2315;land;9;marsh
2316;land;6;mountain
2317;land;1;hills
2318;land;1;hills
2319;land;0;grasslands
2320;land;0;grasslands
2321;land;0;grasslands
2322;land;0;grasslands
2323;land;0;grasslands
2324;land;0;grasslands
2325;land;1;hills
2326;land;1;hills
2327;land;1;hills
2328;land;1;hills
2329;land;1;hills
2330;land;255;woods
2331;land;1;hills
2332;land;1;hills
2333;land;1;hills
2334;land;1;hills
2335;land;1;hills
2336;land;1;hills
2337;land;1;hills
2338;land;1;hills
2339;land;1;hills
2340;land;1;hills
2341;land;1;hills
2342;land;1;hills
2343;land;1;hills
2344;land;1;hills
2345;land;0;grasslands
2346;land;0;grasslands
2347;land;0;grasslands
2348;land;6;mountain
2349;land;6;mountain
2350;land;6;mountain
2351;land;1;hills
2352;land;0;grasslands
2353;land;1;hills
2354;land;1;hills
2355;land;1;hills
2356;land;1;hills
2357;land;1;hills
2358;land;1;hills
2359;land;1;hills
2360;land;1;hills
2361;land;1;hills
2362;land;6;mountain
2363;land;6;mountain
2364;land;1;hills
2365;land;1;hills
2366;land;0;grasslands
2367;land;6;mountain
2368;land;9;marsh
2369;land;0;grasslands
2370;land;0;grasslands
2371;land;0;grasslands
2372;land;0;grasslands
2373;land;6;mountain
2374;land;6;mountain
2375;land;12;forest
2376;land;1;hills
2377;land;1;hills
2378;land;6;mountain
2379;land;12;forest
2380;land;12;forest
2381;land;6;mountain
2382;land;6;mountain
2383;land;255;woods
2384;land;255;woods
2385;land;255;woods
2386;land;255;woods
2387;land;6;mountain
2388;land;6;mountain
2389;land;6;mountain
2390;land;6;mountain
2391;land;6;mountain
2392;land;12;forest
2393;land;1;hills
2394;land;6;mountain
2395;land;0;grasslands
2396;land;0;grasslands
2397;land;0;grasslands
2398;land;0;grasslands
2399;land;6;mountain
2400;land;12;forest
2401;land;12;forest
2402;land;6;mountain
2403;land;1;hills
2404;land;6;mountain
2405;land;6;mountain
2406;land;0;grasslands
2407;land;0;grasslands
2408;land;0;grasslands
2409;land;0;grasslands
2410;land;0;grasslands
2411;land;0;grasslands
2412;land;6;mountain
2413;land;0;grasslands
2414;land;0;grasslands
2415;land;0;grasslands
2416;land;0;grasslands
2417;land;0;grasslands
2418;land;0;grasslands
2419;land;255;woods
2420;land;255;woods
2421;land;255;woods
2422;land;0;grasslands
2423;land;0;grasslands
2424;land;0;grasslands
2425;land;9;marsh
2426;land;1;hills
2427;land;1;hills
2428;land;1;hills
2429;land;0;grasslands
2430;land;1;hills
2431;land;3;desert
2432;land;3;desert
2433;land;9;marsh
2434;land;9;marsh
2435;land;9;marsh
2436;land;9;marsh
2437;land;0;grasslands
2438;land;6;mountain
2439;land;6;mountain
2440;land;255;woods
2441;land;255;woods
2442;land;255;woods
2443;land;6;mountain
2444;land;10;farmlands
2445;land;10;farmlands
2446;land;10;farmlands
2447;land;10;farmlands
2448;land;0;grasslands
2449;land;0;grasslands
2450;land;0;grasslands
2451;land;1;hills
2452;land;255;woods
2453;land;255;woods
2454;land;255;woods
2455;land;12;forest
2456;land;0;grasslands
2457;land;1;hills
2458;land;1;hills
2459;land;1;hills
2460;land;1;hills
2461;land;1;hills
2462;land;6;mountain
2463;land;0;grasslands
2464;land;1;hills
2465;land;1;hills
2466;land;1;hills
2467;land;1;hills
2468;land;1;hills
2469;land;6;mountain
2470;land;12;forest
2471;land;12;forest
2472;land;12;forest
2473;land;12;forest
2474;land;1;hills
2475;land;0;grasslands
2476;land;0;grasslands
2477;land;0;grasslands
2478;land;0;grasslands
2479;land;0;grasslands
2480;land;0;grasslands
2481;land;0;grasslands
2482;land;0;grasslands
2483;land;0;grasslands
2484;land;1;hills
2485;land;1;hills
2486;land;1;hills
2487;land;1;hills
2488;land;6;mountain
2489;land;1;hills
2490;land;0;grasslands
2491;land;0;grasslands
2492;land;0;grasslands
2493;land;0;grasslands
2494;land;0;grasslands
2495;land;0;grasslands
2496;land;1;hills
2497;land;1;hills
2498;land;1;hills
2499;land;255;woods
2500;land;1;hills
2501;land;1;hills
2502;land;1;hills
2503;land;1;hills
2504;land;1;hills
2505;land;1;hills
2506;land;1;hills
2507;land;1;hills
2508;land;255;woods
2509;land;1;hills
2510;land;255;woods
2511;land;255;woods
2512;land;1;hills
2513;land;1;hills
2514;land;12;forest
2515;land;12;forest
2516;land;12;forest
2517;land;12;forest
2518;land;12;forest
2519;land;12;forest
2520;land;12;forest
2521;land;12;forest
2522;land;12;forest
2523;land;12;forest
2524;land;3;desert
2525;land;3;desert
2526;land;255;woods
2527;land;12;forest
2528;land;12;forest
2529;land;12;forest
2530;land;0;grasslands
2531;land;0;grasslands
2532;land;0;grasslands
2533;land;20;savannah
2534;land;6;mountain
2535;land;0;grasslands
2536;land;0;grasslands
2537;land;1;hills
2538;land;255;woods
2539;land;6;mountain
2540;land;6;mountain
2541;land;6;mountain
2542;land;1;hills
2543;land;1;hills
2544;land;1;hills
2545;land;1;hills
2546;land;1;hills
2547;land;1;hills
2548;land;0;grasslands
2549;land;0;grasslands
2550;land;12;forest
2551;land;12;forest
2552;land;12;forest
2553;land;12;forest
2554;land;12;forest
2555;land;0;grasslands
2556;land;0;grasslands
2557;land;12;forest
2558;land;12;forest
2559;land;12;forest
2560;land;12;forest
2561;land;12;forest
2562;land;1;hills
2563;land;9;marsh
2564;land;9;marsh
2565;land;0;grasslands
2566;land;0;grasslands
2567;land;0;grasslands
2568;land;0;grasslands
2569;land;0;grasslands
2570;land;1;hills
2571;land;1;hills
2572;land;1;hills
2573;land;1;hills
2574;land;9;marsh
2575;land;6;mountain
2576;land;1;hills
2577;land;0;grasslands
2578;land;0;grasslands
2579;land;1;hills
2580;land;6;mountain
2581;land;0;grasslands
2582;land;0;grasslands
2583;land;0;grasslands
2584;land;0;grasslands
2585;land;0;grasslands
2586;land;0;grasslands
2587;land;0;grasslands
2588;land;0;grasslands
2589;land;0;grasslands
2590;land;0;grasslands
2591;land;1;hills
2592;land;1;hills
2593;land;1;hills
2594;land;255;woods
2595;land;0;grasslands
2596;land;10;farmlands
2597;land;12;forest
2598;land;12;forest
2599;land;12;forest
2600;land;20;savannah
2601;land;20;savannah
2602;land;20;savannah
2603;land;20;savannah
2604;land;20;savannah
2605;land;20;savannah
2606;land;20;savannah
2607;land;1;hills
2608;land;1;hills
2609;land;1;hills
2610;land;1;hills
2611;land;1;hills
2612;land;6;mountain
2613;land;0;grasslands
2614;land;0;grasslands
2615;land;0;grasslands
2616;land;0;grasslands
2617;land;0;grasslands
2618;land;0;grasslands
2619;land;0;grasslands
2620;land;0;grasslands
2621;land;0;grasslands
2622;land;6;mountain
2623;land;0;grasslands
2624;land;0;grasslands
2625;land;0;grasslands
2626;land;0;grasslands
2627;land;0;grasslands
2628;land;1;hills
2629;land;9;marsh
2630;land;9;marsh
2631;land;1;hills
2632;land;12;forest
2633;land;12;forest
2634;land;12;forest
2635;land;12;forest
2636;land;12;forest
2637;land;12;forest
2638;land;12;forest
2639;land;255;woods
2640;land;255;woods
2641;land;6;mountain
2642;land;0;grasslands
2643;land;0;grasslands
2644;land;0;grasslands
2645;land;0;grasslands
2646;land;12;forest
2647;land;255;woods
2648;land;0;grasslands
2649;land;255;woods
2650;land;255;woods
2651;land;255;woods
2652;land;6;mountain
2653;land;1;hills
2654;land;1;hills
2655;land;1;hills
2656;land;0;grasslands
2657;land;1;hills
2658;land;12;forest
2659;land;12;forest
2660;land;12;forest
2661;land;12;forest
2662;land;12;forest
2663;land;12;forest
2664;land;12;forest
2665;land;12;forest
2666;land;6;mountain
2667;land;6;mountain
2668;land;6;mountain
2669;land;3;desert
2670;land;3;desert
2671;land;20;savannah
2672;land;0;grasslands
2673;land;0;grasslands
2674;land;0;grasslands
2675;land;6;mountain
2676;land;20;savannah
2677;land;20;savannah
2678;land;20;savannah
2679;land;20;savannah
2680;land;0;grasslands
2681;land;0;grasslands
2682;land;0;grasslands
2683;land;6;mountain
2684;land;1;hills
2685;land;1;hills
2686;land;255;woods
2687;land;255;woods
2688;land;0;grasslands
2689;land;6;mountain
2690;land;6;mountain
2691;land;6;mountain
2692;land;20;savannah
2693;land;20;savannah
2694;land;20;savannah
2695;land;20;savannah
2696;land;1;hills
2697;land;0;grasslands
2698;land;0;grasslands
2699;land;0;grasslands
2700;land;12;forest
2701;land;20;savannah
2702;land;20;savannah
2703;land;20;savannah
2704;land;0;grasslands
2705;land;255;woods
2706;land;255;woods
2707;land;0;grasslands
2708;land;0;grasslands
2709;land;0;grasslands
2710;land;0;grasslands
2711;land;0;grasslands
2712;land;0;grasslands
2713;land;1;hills
2714;land;12;forest
2715;land;12;forest
2716;land;12;forest
2717;land;12;forest
2718;land;12;forest
2719;land;12;forest
2720;land;6;mountain
2721;land;6;mountain
2722;land;6;mountain
2723;land;6;mountain
2724;land;6;mountain
2725;land;254;jungle
2726;land;6;mountain
2727;land;6;mountain
2728;land;6;mountain
2729;land;6;mountain
2730;land;6;mountain
2731;land;6;mountain
2732;land;0;grasslands
2733;land;12;forest
2734;land;12;forest
2735;land;254;jungle
2736;land;254;jungle
2737;land;254;jungle
2738;land;0;grasslands
2739;land;0;grasslands
2740;land;0;grasslands
2741;land;0;grasslands
2742;land;12;forest
2743;land;12;forest
2744;land;12;forest
2745;land;12;forest
2746;land;12;forest
2747;land;20;savannah
2748;land;0;grasslands
2749;land;10;farmlands
2750;land;12;forest
2751;land;12;forest
2752;land;12;forest
2753;land;12;forest
2754;land;12;forest
2755;land;0;grasslands
2756;land;0;grasslands
2757;land;0;grasslands
2758;land;1;hills
2759;land;1;hills
2760;land;20;savannah
2761;land;20;savannah
2762;land;20;savannah
2763;land;12;forest
2764;land;12;forest
2765;land;12;forest
2766;land;9;marsh
2767;land;9;marsh
2768;land;0;grasslands
2769;land;0;grasslands
2770;land;0;grasslands
2771;land;0;grasslands
2772;land;0;grasslands
2773;land;0;grasslands
2774;land;12;forest
2775;land;12;forest
2776;land;12;forest
2777;land;12;forest
2778;land;0;grasslands
2779;land;1;hills
2780;land;1;hills
2781;land;6;mountain
2782;land;10;farmlands
2783;land;255;woods
2784;land;255;woods
2785;land;255;woods
2786;land;255;woods
2787;land;255;woods
2788;land;1;hills
2789;land;1;hills
2790;land;0;grasslands
2791;land;0;grasslands
2792;land;0;grasslands
2793;land;12;forest
2794;land;254;jungle
2795;land;6;mountain
2796;land;0;grasslands
2797;land;0;grasslands
2798;land;255;woods
2799;land;0;grasslands
2800;land;0;grasslands
2801;land;0;grasslands
2802;land;255;woods
2803;land;0;grasslands
2804;land;0;grasslands
2805;land;1;hills
2806;land;0;grasslands
2807;land;0;grasslands
2808;land;0;grasslands
2809;land;0;grasslands
2810;land;6;mountain
2811;land;20;savannah
2812;land;20;savannah
2813;land;20;savannah
2814;land;20;savannah
2815;land;20;savannah
2816;land;20;savannah
2817;land;0;grasslands
2818;land;0;grasslands
2819;land;1;hills
2820;land;255;woods
2821;land;255;woods
2822;land;12;forest
2823;land;20;savannah
2824;land;1;hills
2825;land;20;savannah
2826;land;0;grasslands
2827;land;1;hills
2828;land;6;mountain
2829;land;24;highlands
2830;land;12;forest
2831;land;12;forest
2832;land;12;forest
2833;land;255;woods
2834;land;255;woods
2835;land;1;hills
2836;land;0;grasslands
2837;land;0;grasslands
2838;land;0;grasslands
2839;land;0;grasslands
2840;land;0;grasslands
2841;land;6;mountain
2842;land;6;mountain
2843;land;1;hills
2844;land;1;hills
2845;land;9;marsh
2846;land;9;marsh
2847;land;0;grasslands
2848;land;0;grasslands
2849;land;0;grasslands
2850;land;0;grasslands
2851;land;0;grasslands
2852;land;3;desert
2853;land;3;desert
2854;land;3;desert
2855;land;3;desert
2856;land;3;desert
2857;land;0;grasslands
2858;land;0;grasslands
2859;land;1;hills
2860;land;0;grasslands
2861;land;0;grasslands
2862;land;0;grasslands
2863;land;0;grasslands
2864;land;0;grasslands
2865;land;0;grasslands
2866;land;9;marsh
2867;land;9;marsh
2868;land;1;hills
2869;land;0;grasslands
2870;land;0;grasslands
2871;land;0;grasslands
2872;land;0;grasslands
2873;land;0;grasslands
2874;land;12;forest
2875;land;6;mountain
2876;land;20;savannah
2877;land;255;woods
2878;land;255;woods
2879;land;255;woods
2880;land;0;grasslands
2881;land;0;grasslands
2882;land;0;grasslands
2883;land;0;grasslands
2884;land;255;woods
2885;land;12;forest
2886;land;12;forest
2887;land;12;forest
2888;land;12;forest
2889;land;12;forest
2890;land;1;hills
2891;land;1;hills
2892;land;1;hills
2893;land;1;hills
2894;land;1;hills
2895;land;6;mountain
2896;land;0;grasslands
2897;land;0;grasslands
2898;land;0;grasslands
2899;land;0;grasslands
2900;land;0;grasslands
2901;land;0;grasslands
2902;land;12;forest
2903;land;6;mountain
2904;land;6;mountain
2905;land;6;mountain
2906;land;6;mountain
2907;land;20;savannah
2908;land;1;hills
2909;land;1;hills
2910;land;0;grasslands
2911;land;0;grasslands
2912;land;0;grasslands
2913;land;0;grasslands
2914;land;0;grasslands
2915;land;0;grasslands
2916;land;12;forest
2917;land;12;forest
2918;land;12;forest
2919;land;255;woods
2920;land;255;woods
2921;land;255;woods
2922;land;255;woods
2923;land;255;woods
2924;land;254;jungle
2925;land;9;marsh
2926;land;0;grasslands
2927;land;6;mountain
2928;land;0;grasslands
2929;land;0;grasslands
2930;land;0;grasslands
2931;land;0;grasslands
2932;land;0;grasslands
2933;land;1;hills
2934;land;1;hills
2935;land;6;mountain
2936;land;6;mountain
2937;land;0;grasslands
2938;land;0;grasslands
2939;land;0;grasslands
2940;land;0;grasslands
2941;land;0;grasslands
2942;land;12;forest
2943;land;9;marsh
2944;land;9;marsh
2945;land;6;mountain
2946;land;1;hills
2947;land;0;grasslands
2948;land;10;farmlands
2949;land;0;grasslands
2950;land;0;grasslands
2951;land;0;grasslands
2952;land;0;grasslands
2953;land;0;grasslands
2954;land;20;savannah
2955;land;20;savannah
2956;land;20;savannah
2957;land;20;savannah
2958;land;20;savannah
2959;land;0;grasslands
2960;land;0;grasslands
2961;land;0;grasslands
2962;land;1;hills
2963;land;3;desert
2964;land;3;desert
2965;land;3;desert
2966;land;0;grasslands
2967;land;0;grasslands
2968;land;1;hills
2969;land;1;hills
2970;land;255;woods
2971;land;255;woods
2972;land;12;forest
2973;land;12;forest
2974;land;12;forest
2975;land;254;jungle
2976;land;254;jungle
2977;land;254;jungle
2978;land;254;jungle
2979;land;254;jungle
2980;land;254;jungle
2981;land;1;hills
2982;land;255;woods
2983;land;255;woods
2984;land;20;savannah
2985;land;20;savannah
2986;land;20;savannah
2987;land;20;savannah
2988;land;12;forest
2989;land;6;mountain
2990;land;254;jungle
2991;land;6;mountain
2992;land;0;grasslands
2993;land;0;grasslands
2994;land;0;grasslands
2995;land;0;grasslands
2996;land;3;desert
2997;land;3;desert
2998;land;3;desert
2999;land;0;grasslands
3000;land;0;grasslands
3001;land;1;hills
3002;land;24;highlands
3003;land;3;desert
3004;land;3;desert
3005;land;3;desert
3006;land;20;savannah
3007;land;254;jungle
3008;land;254;jungle
3009;land;0;grasslands
3010;land;0;grasslands
3011;land;0;grasslands
3012;land;0;grasslands
3013;land;0;grasslands
3014;land;0;grasslands
3015;land;6;mountain
3016;land;6;mountain
3017;land;1;hills
3018;land;6;mountain
3019;land;255;woods
3020;land;24;highlands
3021;land;255;woods
3022;land;255;woods
3023;land;12;forest
3024;land;12;forest
3025;land;12;forest
3026;land;12;forest
3027;land;20;savannah
3028;land;20;savannah
3029;land;20;savannah
3030;land;20;savannah
3031;land;20;savannah
3032;land;20;savannah
3033;land;255;woods
3034;land;20;savannah
3035;land;20;savannah
3036;land;254;jungle
3037;land;254;jungle
3038;land;254;jungle
3039;land;254;jungle
3040;land;0;grasslands
3041;land;12;forest
3042;land;12;forest
3043;land;0;grasslands
3044;land;12;forest
3045;land;12;forest
3046;land;254;jungle
3047;land;20;savannah
3048;land;20;savannah
3049;land;20;savannah
3050;land;20;savannah
3051;land;6;mountain
3052;land;1;hills
3053;land;1;hills
3054;land;20;savannah
3055;land;20;savannah
3056;land;20;savannah
3057;land;20;savannah
3058;land;12;forest
3059;land;1;hills
3060;land;3;desert
3061;land;255;woods
3062;land;255;woods
3063;land;9;marsh
3064;land;9;marsh
3065;land;0;grasslands
3066;land;0;grasslands
3067;land;0;grasslands
3068;land;0;grasslands
3069;land;0;grasslands
3070;land;1;hills
3071;land;1;hills
3072;land;24;highlands
3073;land;24;highlands
3074;land;255;woods
3075;land;6;mountain
3076;land;6;mountain
3077;land;1;hills
3078;land;1;hills
3079;land;1;hills
3080;land;1;hills
3081;land;1;hills
3082;land;1;hills
3083;land;20;savannah
3084;land;20;savannah
3085;land;20;savannah
3086;land;0;grasslands
3087;land;0;grasslands
3088;land;1;hills
3089;land;1;hills
3090;land;1;hills
3091;land;12;forest
3092;land;12;forest
3093;land;12;forest
3094;land;12;forest
3095;land;254;jungle
3096;land;254;jungle
3097;land;254;jungle
3098;land;254;jungle
3099;land;24;highlands
3100;land;3;desert
3101;land;3;desert
3102;land;3;desert
3103;land;20;savannah
3104;land;20;savannah
3105;land;20;savannah
3106;land;20;savannah
3107;land;254;jungle
3108;land;254;jungle
3109;land;3;desert
3110;land;3;desert
3111;land;3;desert
3112;land;20;savannah
3113;land;20;savannah
3114;land;20;savannah
3115;land;0;grasslands
3116;land;0;grasslands
3117;land;0;grasslands
3118;land;0;grasslands
3119;land;1;hills
3120;land;6;mountain
3121;land;0;grasslands
3122;land;0;grasslands
3123;land;0;grasslands
3124;land;6;mountain
3125;land;12;forest
3126;land;12;forest
3127;land;0;grasslands
3128;land;12;forest
3129;land;12;forest
3130;land;255;woods
3131;land;1;hills
3132;land;1;hills
3133;land;1;hills
3134;land;24;highlands
3135;land;3;desert
3136;land;0;grasslands
3137;land;6;mountain
3138;land;1;hills
3139;land;20;savannah
3140;land;20;savannah
3141;land;20;savannah
3142;land;20;savannah
3143;land;255;woods
3144;land;12;forest
3145;land;12;forest
3146;land;12;forest
3147;land;255;woods
3148;land;0;grasslands
3149;land;12;forest
3150;land;12;forest
3151;land;12;forest
3152;land;12;forest
3153;land;10;farmlands
3154;land;1;hills
3155;land;1;hills
3156;land;1;hills
3157;land;6;mountain
3158;land;6;mountain
3159;land;1;hills
3160;land;20;savannah
3161;land;20;savannah
3162;land;20;savannah
3163;land;20;savannah
3164;land;20;savannah
3165;land;254;jungle
3166;land;12;forest
3167;land;0;grasslands
3168;land;0;grasslands
3169;land;0;grasslands
3170;land;0;grasslands
3171;land;0;grasslands
3172;land;0;grasslands
3173;land;0;grasslands
3174;land;254;jungle
3175;land;254;jungle
3176;land;1;hills
3177;land;0;grasslands
3178;land;12;forest
3179;land;12;forest
3180;land;12;forest
3181;land;12;forest
3182;land;12;forest
3183;land;3;desert
3184;land;6;mountain
3185;land;0;grasslands
3186;land;0;grasslands
3187;land;0;grasslands
3188;land;255;woods
3189;land;6;mountain
3190;land;0;grasslands
3191;land;255;woods
3192;land;254;jungle
3193;land;255;woods
3194;land;0;grasslands
3195;land;0;grasslands
3196;land;255;woods
3197;land;6;mountain
3198;land;0;grasslands
3199;land;24;highlands
3200;land;24;highlands
3201;land;24;highlands
3202;land;24;highlands
3203;land;24;highlands
3204;land;0;grasslands
3205;land;0;grasslands
3206;land;0;grasslands
3207;land;0;grasslands
3208;land;0;grasslands
3209;land;255;woods
3210;land;255;woods
3211;land;0;grasslands
3212;land;0;grasslands
3213;land;20;savannah
3214;land;20;savannah
3215;land;20;savannah
3216;land;20;savannah
3217;land;0;grasslands
3218;land;0;grasslands
3219;land;0;grasslands
3220;land;0;grasslands
3221;land;0;grasslands
3222;land;0;grasslands
3223;land;0;grasslands
3224;land;3;desert
3225;land;3;desert
3226;land;3;desert
3227;land;3;desert
3228;land;0;grasslands
3229;land;0;grasslands
3230;land;0;grasslands
3231;land;20;savannah
3232;land;20;savannah
3233;land;20;savannah
3234;land;254;jungle
3235;land;254;jungle
3236;land;254;jungle
3237;land;254;jungle
3238;land;254;jungle
3239;land;254;jungle
3240;land;1;hills
3241;land;0;grasslands
3242;land;12;forest
3243;land;0;grasslands
3244;land;0;grasslands
3245;land;0;grasslands
3246;land;3;desert
3247;land;3;desert
3248;land;3;desert
3249;land;3;desert
3250;land;254;jungle
3251;land;9;marsh
3252;land;255;woods
3253;land;255;woods
3254;land;1;hills
3255;land;1;hills
3256;land;20;savannah
3257;land;12;forest
3258;land;12;forest
3259;land;12;forest
3260;land;20;savannah
3261;land;20;savannah
3262;land;20;savannah
3263;land;20;savannah
3264;land;255;woods
3265;land;24;highlands
3266;land;20;savannah
3267;land;20;savannah
3268;land;20;savannah
3269;land;20;savannah
3270;land;254;jungle
3271;land;254;jungle
3272;land;254;jungle
3273;land;24;highlands
3274;land;1;hills
3275;land;1;hills
3276;land;1;hills
3277;land;0;grasslands
3278;land;0;grasslands
3279;land;0;grasslands
3280;land;0;grasslands
3281;land;0;grasslands
3282;land;0;grasslands
3283;land;0;grasslands
3284;land;1;hills
3285;land;0;grasslands
3286;land;0;grasslands
3287;land;6;mountain
3288;land;6;mountain
3289;land;6;mountain
3290;land;3;desert
3291;land;3;desert
3292;land;3;desert
3293;land;20;savannah
3294;land;20;savannah
3295;land;20;savannah
3296;land;20;savannah
3297;land;3;desert
3298;land;0;grasslands
3299;land;0;grasslands
3300;land;3;desert
3301;land;3;desert
3302;land;1;hills
3303;land;6;mountain
3304;land;0;grasslands
3305;land;0;grasslands
3306;land;0;grasslands
3307;land;0;grasslands
3308;land;20;savannah
3309;land;20;savannah
3310;land;20;savannah
3311;land;6;mountain
3312;land;20;savannah
3313;land;0;grasslands
3314;land;0;grasslands
3315;land;0;grasslands
3316;land;0;grasslands
3317;land;0;grasslands
3318;land;20;savannah
3319;land;20;savannah
3320;land;20;savannah
3321;land;0;grasslands
3322;land;0;grasslands
3323;land;0;grasslands
3324;land;0;grasslands
3325;land;3;desert
3326;land;255;woods
3327;land;12;forest
3328;land;12;forest
3329;land;0;grasslands
3330;land;0;grasslands
3331;land;1;hills
3332;land;0;grasslands
3333;land;3;desert
3334;land;3;desert
3335;land;0;grasslands
3336;land;254;jungle
3337;land;254;jungle
3338;land;6;mountain
3339;land;0;grasslands
3340;land;0;grasslands
3341;land;0;grasslands
3342;land;0;grasslands
3343;land;0;grasslands
3344;land;0;grasslands
3345;land;6;mountain
3346;land;12;forest
3347;land;3;desert
3348;land;3;desert
3349;land;20;savannah
3350;land;12;forest
3351;land;12;forest
3352;land;12;forest
3353;land;12;forest
3354;land;0;grasslands
3355;land;0;grasslands
3356;land;6;mountain
3357;land;6;mountain
3358;land;6;mountain
3359;land;6;mountain
3360;land;6;mountain
3361;land;6;mountain
3362;land;6;mountain
3363;land;255;woods
3364;land;255;woods
3365;land;12;forest
3366;land;1;hills
3367;land;6;mountain
3368;land;3;desert
3369;land;3;desert
3370;land;3;desert
3371;land;3;desert
3372;land;12;forest
3373;land;12;forest
3374;land;3;desert
3375;land;3;desert
3376;land;3;desert
3377;land;3;desert
3378;land;3;desert
3379;land;3;desert
3380;land;3;desert
3381;land;20;savannah
3382;land;0;grasslands
3383;land;6;mountain
3384;land;6;mountain
3385;land;6;mountain
3386;land;0;grasslands
3387;land;0;grasslands
3388;land;20;savannah
3389;land;12;forest
3390;land;1;hills
3391;land;3;desert
3392;land;6;mountain
3393;land;6;mountain
3394;land;1;hills
3395;land;0;grasslands
3396;land;0;grasslands
3397;land;1;hills
3398;land;1;hills
3399;land;12;forest
3400;land;12;forest
3401;land;255;woods
3402;land;255;woods
3403;land;255;woods
3404;land;255;woods
3405;land;255;woods
3406;land;1;hills
3407;land;1;hills
3408;land;1;hills
3409;land;1;hills
3410;land;1;hills
3411;land;0;grasslands
3412;land;6;mountain
3413;land;6;mountain
3414;land;6;mountain
3415;land;6;mountain
3416;land;1;hills
3417;land;20;savannah
3418;land;20;savannah
3419;land;20;savannah
3420;land;254;jungle
3421;land;24;highlands
3422;land;3;desert
3423;land;254;jungle
3424;land;254;jungle
3425;land;6;mountain
3426;land;0;grasslands
3427;land;0;grasslands
3428;land;0;grasslands
3429;land;0;grasslands
3430;land;0;grasslands
3431;land;6;mountain
3432;land;1;hills
3433;land;1;hills
3434;land;1;hills
3435;land;1;hills
3436;land;0;grasslands
3437;land;0;grasslands
3438;land;0;grasslands
3439;land;0;grasslands
3440;land;0;grasslands
3441;land;0;grasslands
3442;land;0;grasslands
3443;land;0;grasslands
3444;land;1;hills
3445;land;1;hills
3446;land;1;hills
3447;land;12;forest
3448;land;12;forest
3449;land;12;forest
3450;land;1;hills
3451;land;1;hills
3452;land;10;farmlands
3453;land;3;desert
3454;land;12;forest
3455;land;6;mountain
3456;land;1;hills
3457;land;6;mountain
3458;land;6;mountain
3459;land;24;highlands
3460;land;24;highlands
3461;land;24;highlands
3462;land;255;woods
3463;land;255;woods
3464;land;3;desert
3465;land;3;desert
3466;land;3;desert
3467;land;3;desert
3468;land;3;desert
3469;land;254;jungle
3470;land;254;jungle
3471;land;3;desert
3472;land;3;desert
3473;land;3;desert
3474;land;3;desert
3475;land;3;desert
3476;land;0;grasslands
3477;land;0;grasslands
3478;land;0;grasslands
3479;land;0;grasslands
3480;land;0;grasslands
3481;land;10;farmlands
3482;land;0;grasslands
3483;land;9;marsh
3484;land;255;woods
3485;land;10;farmlands
3486;land;6;mountain
3487;land;9;marsh
3488;land;9;marsh
3489;land;255;woods
3490;land;255;woods
3491;land;20;savannah
3492;land;20;savannah
3493;land;20;savannah
3494;land;20;savannah
3495;land;20;savannah
3496;land;20;savannah
3497;land;20;savannah
3498;land;9;marsh
3499;land;9;marsh
3500;land;9;marsh
3501;land;9;marsh
3502;land;9;marsh
3503;land;20;savannah
3504;land;255;woods
3505;land;255;woods
3506;land;255;woods
3507;land;255;woods
3508;land;12;forest
3509;land;12;forest
3510;land;254;jungle
3511;land;254;jungle
3512;land;254;jungle
3513;land;254;jungle
3514;land;24;highlands
3515;land;0;grasslands
3516;land;0;grasslands
3517;land;0;grasslands
3518;land;0;grasslands
3519;land;0;grasslands
3520;land;12;forest
3521;land;12;forest
3522;land;0;grasslands
3523;land;3;desert
3524;land;3;desert
3525;land;255;woods
3526;land;0;grasslands
3527;land;0;grasslands
3528;land;0;grasslands
3529;land;0;grasslands
3530;land;0;grasslands
3531;land;0;grasslands
3532;land;0;grasslands
3533;land;9;marsh
3534;land;9;marsh
3535;land;9;marsh
3536;land;9;marsh
3537;land;0;grasslands
3538;land;254;jungle
3539;land;1;hills
3540;land;1;hills
3541;land;3;desert
3542;land;3;desert
3543;land;3;desert
3544;land;0;grasslands
3545;land;0;grasslands
3546;land;0;grasslands
3547;land;0;grasslands
3548;land;20;savannah
3549;land;20;savannah
3550;land;20;savannah
3551;land;20;savannah
3552;land;12;forest
3553;land;12;forest
3554;land;12;forest
3555;land;6;mountain
3556;land;6;mountain
3557;land;6;mountain
3558;land;1;hills
3559;land;6;mountain
3560;land;0;grasslands
3561;land;12;forest
3562;land;12;forest
3563;land;12;forest
3564;land;12;forest
3565;land;12;forest
3566;land;12;forest
3567;land;0;grasslands
3568;land;10;farmlands
3569;land;0;grasslands
3570;land;0;grasslands
3571;land;254;jungle
3572;land;3;desert
3573;land;3;desert
3574;land;3;desert
3575;land;3;desert
3576;land;20;savannah
3577;land;6;mountain
3578;land;3;desert
3579;land;3;desert
3580;land;3;desert
3581;land;3;desert
3582;land;3;desert
3583;land;3;desert
3584;land;3;desert
3585;land;3;desert
3586;land;20;savannah
3587;land;20;savannah
3588;land;20;savannah
3589;land;20;savannah
3590;land;20;savannah
3591;land;20;savannah
3592;land;20;savannah
3593;land;0;grasslands
3594;land;10;farmlands
3595;land;254;jungle
3596;land;254;jungle
3597;land;254;jungle
3598;land;254;jungle
3599;land;254;jungle
3600;land;24;highlands
3601;land;1;hills
3602;land;9;marsh
3603;land;0;grasslands
3604;land;0;grasslands
3605;land;0;grasslands
3606;land;12;forest
3607;land;3;desert
3608;land;0;grasslands
3609;land;0;grasslands
3610;land;10;farmlands
3611;land;1;hills
3612;land;1;hills
3613;land;24;highlands
3614;land;24;highlands
3615;land;12;forest
3616;land;12;forest
3617;land;12;forest
3618;land;12;forest
3619;land;12;forest
3620;land;12;forest
3621;land;20;savannah
3622;land;0;grasslands
3623;land;0;grasslands
3624;land;0;grasslands
3625;land;1;hills
3626;land;0;grasslands
3627;land;0;grasslands
3628;land;254;jungle
3629;land;0;grasslands
3630;land;6;mountain
3631;land;6;mountain
3632;land;0;grasslands
3633;land;0;grasslands
3634;land;6;mountain
3635;land;9;marsh
3636;land;10;farmlands
3637;land;1;hills
3638;land;1;hills
3639;land;0;grasslands
3640;land;24;highlands
3641;land;24;highlands
3642;land;24;highlands
3643;land;24;highlands
3644;land;6;mountain
3645;land;6;mountain
3646;land;6;mountain
3647;land;20;savannah
3648;land;255;woods
3649;land;10;farmlands
3650;land;10;farmlands
3651;land;1;hills
3652;land;1;hills
3653;land;1;hills
3654;land;254;jungle
3655;land;254;jungle
3656;land;12;forest
3657;land;255;woods
3658;land;24;highlands
3659;land;24;highlands
3660;land;24;highlands
3661;land;12;forest
3662;land;12;forest
3663;land;12;forest
3664;land;12;forest
3665;land;0;grasslands
3666;land;255;woods
3667;land;254;jungle
3668;land;3;desert
3669;land;3;desert
3670;land;3;desert
3671;land;12;forest
3672;land;12;forest
3673;land;12;forest
3674;land;12;forest
3675;land;12;forest
3676;land;6;mountain
3677;land;6;mountain
3678;land;6;mountain
3679;land;254;jungle
3680;land;0;grasslands
3681;land;1;hills
3682;land;3;desert
3683;land;3;desert
3684;land;3;desert
3685;land;3;desert
3686;land;0;grasslands
3687;land;0;grasslands
3688;land;0;grasslands
3689;land;255;woods
3690;land;6;mountain
3691;land;24;highlands
3692;land;0;grasslands
3693;land;0;grasslands
3694;land;0;grasslands
3695;land;0;grasslands
3696;land;255;woods
3697;land;255;woods
3698;land;255;woods
3699;land;0;grasslands
3700;land;0;grasslands
3701;land;0;grasslands
3702;land;0;grasslands
3703;land;12;forest
3704;land;6;mountain
3705;land;255;woods
3706;land;255;woods
3707;land;255;woods
3708;land;255;woods
3709;land;6;mountain
3710;land;6;mountain
3711;land;6;mountain
3712;land;0;grasslands
3713;land;0;grasslands
3714;land;0;grasslands
3715;land;1;hills
3716;land;3;desert
3717;land;3;desert
3718;land;3;desert
3719;land;3;desert
3720;land;3;desert
3721;land;3;desert
3722;land;20;savannah
3723;land;20;savannah
3724;land;20;savannah
3725;land;1;hills
3726;land;1;hills
3727;land;1;hills
3728;land;0;grasslands
3729;land;0;grasslands
3730;land;0;grasslands
3731;land;0;grasslands
3732;land;0;grasslands
3733;land;0;grasslands
3734;land;0;grasslands
3735;land;0;grasslands
3736;land;0;grasslands
3737;land;1;hills
3738;land;255;woods
3739;land;255;woods
3740;land;3;desert
3741;land;3;desert
3742;land;3;desert
3743;land;3;desert
3744;land;3;desert
3745;land;3;desert
3746;land;3;desert
3747;land;3;desert
3748;land;20;savannah
3749;land;20;savannah
3750;land;12;forest
3751;land;6;mountain
3752;land;6;mountain
3753;land;6;mountain
3754;land;6;mountain
3755;land;24;highlands
3756;land;6;mountain
3757;land;0;grasslands
3758;land;0;grasslands
3759;land;0;grasslands
3760;land;0;grasslands
3761;land;0;grasslands
3762;land;1;hills
3763;land;255;woods
3764;land;255;woods
3765;land;254;jungle
3766;land;254;jungle
3767;land;9;marsh
3768;land;0;grasslands
3769;land;1;hills
3770;land;0;grasslands
3771;land;0;grasslands
3772;land;0;grasslands
3773;land;0;grasslands
3774;land;0;grasslands
3775;land;0;grasslands
3776;land;254;jungle
3777;land;254;jungle
3778;land;1;hills
3779;land;255;woods
3780;land;255;woods
3781;land;0;grasslands
3782;land;6;mountain
3783;land;6;mountain
3784;land;6;mountain
3785;land;255;woods
3786;land;0;grasslands
3787;land;0;grasslands
3788;land;3;desert
3789;land;1;hills
3790;land;1;hills
3791;land;20;savannah
3792;land;20;savannah
3793;land;1;hills
3794;land;6;mountain
3795;land;20;savannah
3796;land;20;savannah
3797;land;1;hills
3798;land;6;mountain
3799;land;255;woods
3800;land;0;grasslands
3801;land;3;desert
3802;land;3;desert
3803;land;3;desert
3804;land;255;woods
3805;land;255;woods
3806;land;3;desert
3807;land;3;desert
3808;land;3;desert
3809;land;3;desert
3810;land;3;desert
3811;land;0;grasslands
3812;land;3;desert
3813;land;3;desert
3814;land;3;desert
3815;land;3;desert
3816;land;3;desert
3817;land;3;desert
3818;land;0;grasslands
3819;land;0;grasslands
3820;land;1;hills
3821;land;1;hills
3822;land;255;woods
3823;land;3;desert
3824;land;3;desert
3825;land;0;grasslands
3826;land;0;grasslands
3827;land;6;mountain
3828;land;255;woods
3829;land;12;forest
3830;land;12;forest
3831;land;12;forest
3832;land;254;jungle
3833;land;254;jungle
3834;land;254;jungle
3835;land;1;hills
3836;land;1;hills
3837;land;9;marsh
3838;land;0;grasslands
3839;land;0;grasslands
3840;land;0;grasslands
3841;land;0;grasslands
3842;land;0;grasslands
3843;land;0;grasslands
3844;land;0;grasslands
3845;land;6;mountain
3846;land;0;grasslands
3847;land;0;grasslands
3848;land;0;grasslands
3849;land;0;grasslands
3850;land;0;grasslands
3851;land;254;jungle
3852;land;9;marsh
3853;land;20;savannah
3854;land;254;jungle
3855;land;6;mountain
3856;land;3;desert
3857;land;3;desert
3858;land;24;highlands
3859;land;24;highlands
3860;land;3;desert
3861;land;3;desert
3862;land;3;desert
3863;land;3;desert
3864;land;3;desert
3865;land;12;forest
3866;land;0;grasslands
3867;land;9;marsh
3868;land;1;hills
3869;land;1;hills
3870;land;1;hills
3871;land;1;hills
3872;land;1;hills
3873;land;1;hills
3874;land;6;mountain
3875;land;3;desert
3876;land;3;desert
3877;land;3;desert
3878;land;255;woods
3879;land;0;grasslands
3880;land;0;grasslands
3881;land;0;grasslands
3882;land;1;hills
3883;land;1;hills
3884;land;0;grasslands
3885;land;3;desert
3886;land;3;desert
3887;land;3;desert
3888;land;1;hills
3889;land;1;hills
3890;land;1;hills
3891;land;1;hills
3892;land;0;grasslands
3893;land;0;grasslands
3894;land;0;grasslands
3895;land;6;mountain
3896;land;6;mountain
3897;land;254;jungle
3898;land;254;jungle
3899;land;254;jungle
3900;land;254;jungle
3901;land;1;hills
3902;land;1;hills
3903;land;1;hills
3904;land;0;grasslands
3905;land;0;grasslands
3906;land;0;grasslands
3907;land;0;grasslands
3908;land;0;grasslands
3909;land;0;grasslands
3910;land;0;grasslands
3911;land;0;grasslands
3912;land;6;mountain
3913;land;6;mountain
3914;land;255;woods
3915;land;255;woods
3916;land;255;woods
3917;land;255;woods
3918;land;0;grasslands
3919;land;0;grasslands
3920;land;0;grasslands
3921;land;1;hills
3922;land;6;mountain
3923;land;6;mountain
3924;land;6;mountain
3925;land;6;mountain
3926;land;3;desert
3927;land;3;desert
3928;land;3;desert
3929;land;1;hills
3930;land;1;hills
3931;land;0;grasslands
3932;land;0;grasslands
3933;land;24;highlands
3934;land;24;highlands
3935;land;24;highlands
3936;land;255;woods
3937;land;0;grasslands
3938;land;0;grasslands
3939;land;0;grasslands
3940;land;0;grasslands
3941;land;0;grasslands
3942;land;254;jungle
3943;land;254;jungle
3944;land;254;jungle
3945;land;254;jungle
3946;land;255;woods
3947;land;12;forest
3948;land;9;marsh
3949;land;12;forest
3950;land;0;grasslands
3951;land;0;grasslands
3952;land;0;grasslands
3953;land;0;grasslands
3954;land;0;grasslands
3955;land;0;grasslands
3956;land;0;grasslands
3957;land;0;grasslands
3958;land;0;grasslands
3959;land;0;grasslands
3960;land;0;grasslands
3961;land;3;desert
3962;land;3;desert
3963;land;3;desert
3964;land;3;desert
3965;land;3;desert
3966;land;3;desert
3967;land;1;hills
3968;land;1;hills
3969;land;1;hills
3970;land;1;hills
3971;land;1;hills
3972;land;254;jungle
3973;land;0;grasslands
3974;land;0;grasslands
3975;land;0;grasslands
3976;land;0;grasslands
3977;land;12;forest
3978;land;12;forest
3979;land;12;forest
3980;land;12;forest
3981;land;12;forest
3982;land;3;desert
3983;land;3;desert
3984;land;3;desert
3985;land;3;desert
3986;land;3;desert
3987;land;0;grasslands
3988;land;0;grasslands
3989;land;0;grasslands
3990;land;0;grasslands
3991;land;6;mountain
3992;land;12;forest
3993;land;12;forest
3994;land;12;forest
3995;land;1;hills
3996;land;1;hills
3997;land;1;hills
3998;land;12;forest
3999;land;12;forest
4000;land;12;forest
4001;land;0;grasslands
4002;land;0;grasslands
4003;land;0;grasslands
4004;land;0;grasslands
4005;land;0;grasslands
4006;land;6;mountain
4007;land;12;forest
4008;land;0;grasslands
4009;land;1;hills
4010;land;0;grasslands
4011;land;255;woods
4012;land;255;woods
4013;land;20;savannah
4014;land;6;mountain
4015;land;3;desert
4016;land;0;grasslands
4017;land;0;grasslands
4018;land;0;grasslands
4019;land;0;grasslands
4020;land;3;desert
4021;land;6;mountain
4022;land;6;mountain
4023;land;0;grasslands
4024;land;12;forest
4025;land;0;grasslands
4026;land;0;grasslands
4027;land;0;grasslands
4028;land;0;grasslands
4029;land;1;hills
4030;land;255;woods
4031;land;255;woods
4032;land;1;hills
4033;land;3;desert
4034;land;3;desert
4035;land;3;desert
4036;land;1;hills
4037;land;1;hills
4038;land;1;hills
4039;land;1;hills
4040;land;1;hills
4041;land;255;woods
4042;land;0;grasslands
4043;land;20;savannah
4044;land;20;savannah
4045;land;20;savannah
4046;land;255;woods
4047;land;255;woods
4048;land;255;woods
4049;land;254;jungle
4050;land;0;grasslands
4051;land;0;grasslands
4052;land;0;grasslands
4053;land;0;grasslands
4054;land;0;grasslands
4055;land;0;grasslands
4056;land;0;grasslands
4057;land;0;grasslands
4058;land;0;grasslands
4059;land;0;grasslands
4060;land;0;grasslands
4061;land;0;grasslands
4062;land;254;jungle
4063;land;254;jungle
4064;land;254;jungle
4065;land;254;jungle
4066;land;255;woods
4067;land;255;woods
4068;land;255;woods
4069;land;255;woods
4070;land;6;mountain
4071;land;12;forest
4072;land;3;desert
4073;land;3;desert
4074;land;3;desert
4075;land;3;desert
4076;land;3;desert
4077;land;255;woods
4078;land;255;woods
4079;land;255;woods
4080;land;9;marsh
4081;land;255;woods
4082;land;0;grasslands
4083;land;0;grasslands
4084;land;0;grasslands
4085;land;255;woods
4086;land;255;woods
4087;land;6;mountain
4088;land;6;mountain
4089;land;6;mountain
4090;land;6;mountain
4091;land;12;forest
4092;land;12;forest
4093;land;12;forest
4094;land;12;forest
4095;land;12;forest
4096;land;12;forest
4097;land;3;desert
4098;land;3;desert
4099;land;0;grasslands
4100;land;3;desert
4101;land;3;desert
4102;land;3;desert
4103;land;3;desert
4104;land;3;desert
4105;land;3;desert
4106;land;3;desert
4107;land;3;desert
4108;land;3;desert
4109;land;3;desert
4110;land;3;desert
4111;land;3;desert
4112;land;3;desert
4113;land;3;desert
4114;land;0;grasslands
4115;land;0;grasslands
4116;land;0;grasslands
4117;land;10;farmlands
4118;land;0;grasslands
4119;land;0;grasslands
4120;land;3;desert
4121;land;0;grasslands
4122;land;0;grasslands
4123;land;0;grasslands
4124;land;1;hills
4125;land;20;savannah
4126;land;1;hills
4127;land;6;mountain
4128;land;6;mountain
4129;land;1;hills
4130;land;1;hills
4131;land;255;woods
4132;land;0;grasslands
4133;land;0;grasslands
4134;land;12;forest
4135;land;0;grasslands
4136;land;3;desert
4137;land;3;desert
4138;land;3;desert
4139;land;12;forest
4140;land;6;mountain
4141;land;6;mountain
4142;land;255;woods
4143;land;1;hills
4144;land;1;hills
4145;land;1;hills
4146;land;1;hills
4147;land;12;forest
4148;land;24;highlands
4149;land;24;highlands
4150;land;12;forest
4151;land;6;mountain
4152;land;9;marsh
4153;land;1;hills
4154;land;1;hills
4155;land;0;grasslands
4156;land;0;grasslands
4157;land;6;mountain
4158;land;1;hills
4159;land;255;woods
4160;land;1;hills
4161;land;20;savannah
4162;land;12;forest
4163;land;12;forest
4164;land;12;forest
4165;land;0;grasslands
4166;land;0;grasslands
4167;land;0;grasslands
4168;land;0;grasslands
4169;land;1;hills
4170;land;1;hills
4171;land;1;hills
4172;land;0;grasslands
4173;land;0;grasslands
4174;land;0;grasslands
4175;land;0;grasslands
4176;land;1;hills
4177;land;1;hills
4178;land;255;woods
4179;land;9;marsh
4180;land;9;marsh
4181;land;0;grasslands
4182;land;1;hills
4183;land;9;marsh
4184;land;12;forest
4185;land;12;forest
4186;land;12;forest
4187;land;3;desert
4188;land;3;desert
4189;land;3;desert
4190;land;3;desert
4191;land;3;desert
4192;land;1;hills
4193;land;255;woods
4194;land;20;savannah
4195;land;20;savannah
4196;land;254;jungle
4197;land;1;hills
4198;land;9;marsh
4199;land;6;mountain
4200;land;0;grasslands
4201;land;0;grasslands
4202;land;0;grasslands
4203;land;1;hills
4204;land;1;hills
4205;land;1;hills
4206;land;1;hills
4207;land;255;woods
4208;land;255;woods
4209;land;1;hills
4210;land;1;hills
4211;land;1;hills
4212;land;1;hills
4213;land;0;grasslands
4214;land;20;savannah
4215;land;20;savannah
4216;land;0;grasslands
4217;land;0;grasslands
4218;land;0;grasslands
4219;land;0;grasslands
4220;land;6;mountain
4221;land;255;woods
4222;land;255;woods
4223;land;0;grasslands
4224;land;0;grasslands
4225;land;0;grasslands
4226;land;6;mountain
4227;land;6;mountain
4228;land;1;hills
4229;land;1;hills
4230;land;1;hills
4231;land;12;forest
4232;land;255;woods
4233;land;1;hills
4234;land;0;grasslands
4235;land;0;grasslands
4236;land;0;grasslands
4237;land;0;grasslands
4238;land;255;woods
4239;land;9;marsh
4240;land;12;forest
4241;land;12;forest
4242;land;1;hills
4243;land;1;hills
4244;land;1;hills
4245;land;0;grasslands
4246;land;0;grasslands
4247;land;0;grasslands
4248;land;0;grasslands
4249;land;6;mountain
4250;land;3;desert
4251;land;3;desert
4252;land;6;mountain
4253;land;0;grasslands
4254;land;0;grasslands
4255;land;0;grasslands
4256;land;255;woods
4257;land;0;grasslands
4258;land;1;hills
4259;land;1;hills
4260;land;1;hills
4261;land;0;grasslands
4262;land;0;grasslands
4263;land;0;grasslands
4264;land;0;grasslands
4265;land;0;grasslands
4266;land;1;hills
4267;land;1;hills
4268;land;1;hills
4269;land;1;hills
4270;land;12;forest
4271;land;12;forest
4272;land;12;forest
4273;land;12;forest
4274;land;12;forest
4275;land;12;forest
4276;land;9;marsh
4277;land;10;farmlands
4278;land;6;mountain
4279;land;0;grasslands
4280;land;0;grasslands
4281;land;0;grasslands
4282;land;0;grasslands
4283;land;3;desert
4284;land;3;desert
4285;land;3;desert
4286;land;3;desert
4287;land;3;desert
4288;land;3;desert
4289;land;0;grasslands
4290;land;0;grasslands
4291;land;0;grasslands
4292;land;0;grasslands
4293;land;3;desert
4294;land;3;desert
4295;land;3;desert
4296;land;3;desert
4297;land;3;desert
4298;land;3;desert
4299;land;255;woods
4300;land;0;grasslands
4301;land;0;grasslands
4302;land;0;grasslands
4303;land;0;grasslands
4304;land;6;mountain
4305;land;6;mountain
4306;land;6;mountain
4307;land;1;hills
4308;land;12;forest
4309;land;12;forest
4310;land;12;forest
4311;land;12;forest
4312;land;12;forest
4313;land;6;mountain
4314;land;6;mountain
4315;land;0;grasslands
4316;land;0;grasslands
4317;land;0;grasslands
4318;land;0;grasslands
4319;land;1;hills
4320;land;0;grasslands
4321;land;0;grasslands
4322;land;0;grasslands
4323;land;0;grasslands
4324;land;1;hills
4325;land;1;hills
4326;land;1;hills
4327;land;9;marsh
4328;land;6;mountain
4329;land;1;hills
4330;land;1;hills
4331;land;1;hills
4332;land;12;forest
4333;land;1;hills
4334;land;1;hills
4335;land;1;hills
4336;land;3;desert
4337;land;3;desert
4338;land;3;desert
4339;land;3;desert
4340;land;3;desert
4341;land;3;desert
4342;land;3;desert
4343;land;0;grasslands
4344;land;0;grasslands
4345;land;0;grasslands
4346;land;24;highlands
4347;land;12;forest
4348;land;12;forest
4349;land;6;mountain
4350;land;0;grasslands
4351;land;0;grasslands
4352;land;0;grasslands
4353;land;3;desert
4354;land;0;grasslands
4355;land;0;grasslands
4356;land;0;grasslands
4357;land;1;hills
4358;land;1;hills
4359;land;255;woods
4360;land;0;grasslands
4361;land;0;grasslands
4362;land;1;hills
4363;land;6;mountain
4364;land;6;mountain
4365;land;6;mountain
4366;land;12;forest
4367;land;0;grasslands
4368;land;0;grasslands
4369;land;0;grasslands
4370;land;0;grasslands
4371;land;255;woods
4372;land;0;grasslands
4373;land;0;grasslands
4374;land;0;grasslands
4375;land;0;grasslands
4376;land;0;grasslands
4377;land;255;woods
4378;land;0;grasslands
4379;land;0;grasslands
4380;land;0;grasslands
4381;land;1;hills
4382;land;0;grasslands
4383;land;0;grasslands
4384;land;0;grasslands
4385;land;0;grasslands
4386;land;0;grasslands
4387;land;1;hills
4388;land;1;hills
4389;land;6;mountain
4390;land;6;mountain
4391;land;1;hills
4392;land;1;hills
4393;land;1;hills
4394;land;1;hills
4395;land;1;hills
4396;land;1;hills
4397;land;12;forest
4398;land;12;forest
4399;land;1;hills
4400;land;0;grasslands
4401;land;0;grasslands
4402;land;0;grasslands
4403;land;0;grasslands
4404;land;0;grasslands
4405;land;0;grasslands
4406;land;0;grasslands
4407;land;6;mountain
4408;land;6;mountain
4409;land;12;forest
4410;land;12;forest
4411;land;12;forest
4412;land;0;grasslands
4413;land;1;hills
4414;land;255;woods
4415;land;255;woods
4416;land;255;woods
4417;land;255;woods
4418;land;255;woods
4419;land;1;hills
4420;land;12;forest
4421;land;9;marsh
4422;land;10;farmlands
4423;land;12;forest
4424;land;1;hills
4425;land;6;mountain
4426;land;255;woods
4427;land;20;savannah
4428;land;255;woods
4429;land;20;savannah
4430;land;6;mountain
4431;land;1;hills
4432;land;0;grasslands
4433;land;0;grasslands
4434;land;1;hills
4435;land;12;forest
4436;land;6;mountain
4437;land;0;grasslands
4438;land;0;grasslands
4439;land;0;grasslands
4440;land;0;grasslands
4441;land;255;woods
4442;land;12;forest
4443;land;6;mountain
4444;land;1;hills
4445;land;6;mountain
4446;land;6;mountain
4447;land;3;desert
4448;land;3;desert
4449;land;3;desert
4450;land;3;desert
4451;land;1;hills
4452;land;0;grasslands
4453;land;0;grasslands
4454;land;1;hills
4455;land;255;woods
4456;land;1;hills
4457;land;1;hills
4458;land;1;hills
4459;land;1;hills
4460;land;9;marsh
4461;land;3;desert
4462;land;3;desert
4463;land;3;desert
4464;land;3;desert
4465;land;3;desert
4466;land;3;desert
4467;land;6;mountain
4468;land;0;grasslands
4469;land;0;grasslands
4470;land;0;grasslands
4471;land;6;mountain
4472;land;6;mountain
4473;land;0;grasslands
4474;land;0;grasslands
4475;land;0;grasslands
4476;land;1;hills
4477;land;1;hills
4478;land;10;farmlands
4479;land;255;woods
4480;land;0;grasslands
4481;land;20;savannah
4482;land;20;savannah
4483;land;0;grasslands
4484;land;0;grasslands
4485;land;0;grasslands
4486;land;0;grasslands
4487;land;6;mountain
4488;land;6;mountain
4489;land;255;woods
4490;land;6;mountain
4491;land;6;mountain
4492;land;12;forest
4493;land;12;forest
4494;land;12;forest
4495;land;12;forest
4496;land;12;forest
4497;land;10;farmlands
4498;land;0;grasslands
4499;land;0;grasslands
4500;land;0;grasslands
4501;land;0;grasslands
4502;land;6;mountain
4503;land;6;mountain
4504;land;6;mountain
4505;land;0;grasslands
4506;land;0;grasslands
4507;land;0;grasslands
4508;land;0;grasslands
4509;land;0;grasslands
4510;land;0;grasslands
4511;land;0;grasslands
4512;land;0;grasslands
4513;land;10;farmlands
4514;land;0;grasslands
4515;land;0;grasslands
4516;land;0;grasslands
4517;land;0;grasslands
4518;land;6;mountain
4519;land;255;woods
4520;land;0;grasslands
4521;land;0;grasslands
4522;land;0;grasslands
4523;land;0;grasslands
4524;land;0;grasslands
4525;land;0;grasslands
4526;land;0;grasslands
4527;land;1;hills
4528;land;1;hills
4529;land;12;forest
4530;land;12;forest
4531;land;12;forest
4532;land;20;savannah
4533;land;20;savannah
4534;land;20;savannah
4535;land;0;grasslands
4536;land;0;grasslands
4537;land;0;grasslands
4538;land;0;grasslands
4539;land;0;grasslands
4540;land;0;grasslands
4541;land;0;grasslands
4542;land;0;grasslands
4543;land;1;hills
4544;land;12;forest
4545;land;1;hills
4546;land;0;grasslands
4547;land;0;grasslands
4548;land;0;grasslands
4549;land;3;desert
4550;land;3;desert
4551;land;3;desert
4552;land;3;desert
4553;land;3;desert
4554;land;12;forest
4555;land;12;forest
4556;land;12;forest
4557;land;12;forest
4558;land;12;forest
4559;land;0;grasslands
4560;land;0;grasslands
4561;land;0;grasslands
4562;land;0;grasslands
4563;land;0;grasslands
4564;land;0;grasslands
4565;land;0;grasslands
4566;land;255;woods
4567;land;12;forest
4568;land;255;woods
4569;land;20;savannah
4570;land;20;savannah
4571;land;20;savannah
4572;land;20;savannah
4573;land;0;grasslands
4574;land;0;grasslands
4575;land;0;grasslands
4576;land;0;grasslands
4577;land;1;hills
4578;land;20;savannah
4579;land;1;hills
4580;land;1;hills
4581;land;0;grasslands
4582;land;0;grasslands
4583;land;1;hills
4584;land;12;forest
4585;land;12;forest
4586;land;12;forest
4587;land;0;grasslands
4588;land;0;grasslands
4589;land;0;grasslands
4590;land;0;grasslands
4591;land;0;grasslands
4592;land;0;grasslands
4593;land;0;grasslands
4594;land;10;farmlands
4595;land;6;mountain
4596;land;254;jungle
4597;land;0;grasslands
4598;land;10;farmlands
4599;land;3;desert
4600;land;3;desert
4601;land;3;desert
4602;land;3;desert
4603;land;0;grasslands
4604;land;0;grasslands
4605;land;0;grasslands
4606;land;0;grasslands
4607;land;255;woods
4608;land;255;woods
4609;land;255;woods
4610;land;6;mountain
4611;land;6;mountain
4612;land;6;mountain
4613;land;6;mountain
4614;land;0;grasslands
4615;land;0;grasslands
4616;land;0;grasslands
4617;land;0;grasslands
4618;land;6;mountain
4619;land;12;forest
4620;land;12;forest
4621;land;12;forest
4622;land;12;forest
4623;land;12;forest
4624;land;12;forest
4625;land;12;forest
4626;land;12;forest
4627;land;12;forest
4628;land;12;forest
4629;land;1;hills
4630;land;255;woods
4631;land;0;grasslands
4632;land;0;grasslands
4633;land;255;woods
4634;land;10;farmlands
4635;land;0;grasslands
4636;land;0;grasslands
4637;land;0;grasslands
4638;land;0;grasslands
4639;land;0;grasslands
4640;land;1;hills
4641;land;20;savannah
4642;land;20;savannah
4643;land;20;savannah
4644;land;20;savannah
4645;land;20;savannah
4646;land;20;savannah
4647;land;20;savannah
4648;land;255;woods
4649;land;12;forest
4650;land;0;grasslands
4651;land;0;grasslands
4652;land;0;grasslands
4653;land;0;grasslands
4654;land;12;forest
4655;land;1;hills
4656;land;9;marsh
4657;land;0;grasslands
4658;land;6;mountain
4659;land;1;hills
4660;land;6;mountain
4661;land;1;hills
4662;land;0;grasslands
4663;land;0;grasslands
4664;land;0;grasslands
4665;land;0;grasslands
4666;land;0;grasslands
4667;land;255;woods
4668;land;12;forest
4669;land;12;forest
4670;land;0;grasslands
4671;land;0;grasslands
4672;land;0;grasslands
4673;land;255;woods
4674;land;255;woods
4675;land;255;woods
4676;land;255;woods
4677;land;3;desert
4678;land;3;desert
4679;land;0;grasslands
4680;land;0;grasslands
4681;land;0;grasslands
4682;land;0;grasslands
4683;land;0;grasslands
4684;land;0;grasslands
4685;land;20;savannah
4686;land;20;savannah
4687;land;20;savannah
4688;land;20;savannah
4689;land;20;savannah
4690;land;20;savannah
4691;land;0;grasslands
4692;land;0;grasslands
4693;land;254;jungle
4694;land;255;woods
4695;land;12;forest
4696;land;12;forest
4697;land;12;forest
4698;land;12;forest
4699;land;12;forest
4700;land;20;savannah
4701;land;6;mountain
4702;land;6;mountain
4703;land;20;savannah
4704;land;20;savannah
4705;land;254;jungle
4706;land;254;jungle
4707;land;0;grasslands
4708;land;0;grasslands
4709;land;0;grasslands
4710;land;0;grasslands
4711;land;0;grasslands
4712;land;1;hills
4713;land;1;hills
4714;land;0;grasslands
4715;land;0;grasslands
4716;land;0;grasslands
4717;land;0;grasslands
4718;land;0;grasslands
4719;land;0;grasslands
4720;land;0;grasslands
4721;land;6;mountain
4722;land;6;mountain
4723;land;6;mountain
4724;land;6;mountain
4725;land;0;grasslands
4726;land;0;grasslands
4727;land;0;grasslands
4728;land;255;woods
4729;land;255;woods
4730;land;255;woods
4731;land;1;hills
4732;land;6;mountain
4733;land;6;mountain
4734;land;6;mountain
4735;land;12;forest
4736;land;0;grasslands
4737;land;0;grasslands
4738;land;0;grasslands
4739;land;0;grasslands
4740;land;0;grasslands
4741;land;0;grasslands
4742;land;0;grasslands
4743;land;255;woods
4744;land;255;woods
4745;land;20;savannah
4746;land;20;savannah
4747;land;20;savannah
4748;land;20;savannah
4749;land;20;savannah
4750;land;20;savannah
4751;land;20;savannah
4752;land;1;hills
4753;land;1;hills
4754;land;1;hills
4755;land;1;hills
4756;land;0;grasslands
4757;land;0;grasslands
4758;land;0;grasslands
4759;land;0;grasslands
4760;land;0;grasslands
4761;land;0;grasslands
4762;land;1;hills
4763;land;6;mountain
4764;land;10;farmlands
4765;land;255;woods
4766;land;254;jungle
4767;land;0;grasslands
4768;land;254;jungle
4769;land;254;jungle
4770;land;254;jungle
4771;land;254;jungle
4772;land;254;jungle
4773;land;254;jungle
4774;land;9;marsh
4775;land;9;marsh
4776;land;9;marsh
4777;land;0;grasslands
4778;land;0;grasslands
4779;land;0;grasslands
4780;land;0;grasslands
4781;land;0;grasslands
4782;land;0;grasslands
4783;land;0;grasslands
4784;land;0;grasslands
4785;land;0;grasslands
4786;land;0;grasslands
4787;land;0;grasslands
4788;land;0;grasslands
4789;land;255;woods
4790;land;20;savannah
4791;land;20;savannah
4792;land;20;savannah
4793;land;20;savannah
4794;land;20;savannah
4795;land;9;marsh
4796;land;9;marsh
4797;land;3;desert
4798;land;3;desert
4799;land;9;marsh
4800;land;255;woods
4801;land;6;mountain
4802;land;1;hills
4803;land;1;hills
4804;land;1;hills
4805;land;1;hills
4806;land;1;hills
4807;land;6;mountain
4808;land;0;grasslands
4809;land;255;woods
4810;land;255;woods
4811;land;255;woods
4812;land;255;woods
4813;land;6;mountain
4814;land;6;mountain
4815;land;6;mountain
4816;land;0;grasslands
4817;land;0;grasslands
4818;land;0;grasslands
4819;land;0;grasslands
4820;land;0;grasslands
4821;land;0;grasslands
4822;land;0;grasslands
4823;land;0;grasslands
4824;land;0;grasslands
4825;land;0;grasslands
4826;land;0;grasslands
4827;land;6;mountain
4828;land;1;hills
4829;land;1;hills
4830;land;254;jungle
4831;land;1;hills
4832;land;0;grasslands
4833;land;0;grasslands
4834;land;0;grasslands
4835;land;0;grasslands
4836;land;0;grasslands
4837;land;0;grasslands
4838;land;0;grasslands
4839;land;0;grasslands
4840;land;0;grasslands
4841;land;20;savannah
4842;land;20;savannah
4843;land;20;savannah
4844;land;20;savannah
4845;land;20;savannah
4846;land;20;savannah
4847;land;255;woods
4848;land;3;desert
4849;land;255;woods
4850;land;0;grasslands
4851;land;1;hills
4852;land;1;hills
4853;land;1;hills
4854;land;6;mountain
4855;land;1;hills
4856;land;12;forest
4857;land;12;forest
4858;land;12;forest
4859;land;12;forest
4860;land;1;hills
4861;land;1;hills
4862;land;255;woods
4863;land;6;mountain
4864;land;6;mountain
4865;land;20;savannah
4866;land;20;savannah
4867;land;20;savannah
4868;land;255;woods
4869;land;12;forest
4870;land;12;forest
4871;land;12;forest
4872;land;1;hills
4873;land;1;hills
4874;land;6;mountain
4875;land;6;mountain
4876;land;255;woods
4877;land;20;savannah
4878;land;20;savannah
4879;land;20;savannah
4880;land;20;savannah
4881;land;20;savannah
4882;land;20;savannah
4883;land;20;savannah
4884;land;1;hills
4885;land;6;mountain
4886;land;6;mountain
4887;land;20;savannah
4888;land;20;savannah
4889;land;10;farmlands
4890;land;1;hills
4891;land;0;grasslands
4892;land;0;grasslands
4893;land;0;grasslands
4894;land;0;grasslands
4895;land;0;grasslands
4896;land;1;hills
4897;land;0;grasslands
4898;land;0;grasslands
4899;land;0;grasslands
4900;land;0;grasslands
4901;land;0;grasslands
4902;land;0;grasslands
4903;land;0;grasslands
4904;land;0;grasslands
4905;land;0;grasslands
4906;land;0;grasslands
4907;land;0;grasslands
4908;land;0;grasslands
4909;land;6;mountain
4910;land;6;mountain
4911;land;6;mountain
4912;land;1;hills
4913;land;1;hills
4914;land;1;hills
4915;land;1;hills
4916;land;0;grasslands
4917;land;0;grasslands
4918;land;0;grasslands
4919;land;6;mountain
4920;land;6;mountain
4921;land;23;highlands
4922;land;23;highlands
4923;land;23;highlands
4924;land;0;grasslands
4925;land;6;mountain
4926;land;3;desert
4927;land;0;grasslands
4928;land;0;grasslands
4929;land;0;grasslands
4930;land;0;grasslands
4931;land;0;grasslands
4932;land;12;forest
4933;land;12;forest
4934;land;12;forest
4935;land;12;forest
4936;land;9;marsh
4937;land;9;marsh
4938;land;9;marsh
4939;land;9;marsh
4940;land;10;farmlands
4941;land;0;grasslands
4942;land;0;grasslands
4943;land;0;grasslands
4944;land;0;grasslands
4945;land;0;grasslands
4946;land;23;highlands
4947;land;20;savannah
4948;land;20;savannah
4949;land;1;hills
4950;land;6;mountain
4951;land;6;mountain
4952;land;0;grasslands
4953;land;6;mountain
4954;land;6;mountain
4955;land;6;mountain
4956;land;9;marsh
4957;land;20;savannah
4958;land;20;savannah
4959;land;20;savannah
4960;land;20;savannah
4961;land;6;mountain
4962;land;6;mountain
4963;land;6;mountain
4964;land;254;jungle
4965;land;254;jungle
4966;land;254;jungle
4967;land;254;jungle
4968;land;254;jungle
4969;land;254;jungle
4970;land;0;grasslands
4971;land;0;grasslands
4972;land;0;grasslands
4973;land;0;grasslands
4974;land;0;grasslands
4975;land;0;grasslands
4976;land;6;mountain
4977;land;1;hills
4978;land;9;marsh
4979;land;9;marsh
4980;land;9;marsh
4981;land;9;marsh
4982;land;1;hills
4983;land;1;hills
4984;land;1;hills
4985;land;6;mountain
4986;land;6;mountain
4987;land;6;mountain
4988;land;6;mountain
4989;land;255;woods
4990;land;255;woods
4991;land;1;hills
4992;land;1;hills
4993;land;254;jungle
4994;land;20;savannah
4995;land;20;savannah
4996;land;6;mountain
4997;land;12;forest
4998;land;12;forest
4999;land;12;forest
5000;land;6;mountain
5001;land;6;mountain
5002;land;1;hills
5003;land;0;grasslands
5004;land;1;hills
5005;land;1;hills
5006;land;1;hills
5007;land;1;hills
5008;land;0;grasslands
5009;land;0;grasslands
5010;land;0;grasslands
5011;land;0;grasslands
5012;land;0;grasslands
5013;land;0;grasslands
5014;land;0;grasslands
5015;land;1;hills
5016;land;1;hills
5017;land;0;grasslands
5018;land;0;grasslands
5019;land;1;hills
5020;land;10;farmlands
5021;land;20;savannah
5022;land;20;savannah
5023;land;20;savannah
5024;land;20;savannah
5025;land;20;savannah
5026;land;20;savannah
5027;land;1;hills
5028;land;1;hills
5029;land;1;hills
5030;land;6;mountain
5031;land;6;mountain
5032;land;254;jungle
5033;land;254;jungle
5034;land;254;jungle
5035;land;12;forest
5036;land;6;mountain
5037;land;23;highlands
5038;land;23;highlands
5039;land;23;highlands
5040;land;23;highlands
5041;land;255;woods
5042;land;6;mountain
5043;land;254;jungle
5044;land;20;savannah
5045;land;255;woods
5046;land;1;hills
5047;land;1;hills
5048;land;1;hills
5049;land;1;hills
5050;land;1;hills
5051;land;1;hills
5052;land;1;hills
5053;land;6;mountain
5054;land;6;mountain
5055;land;0;grasslands
5056;land;1;hills
5057;land;255;woods
5058;land;1;hills
5059;land;23;highlands
5060;land;23;highlands
5061;land;23;highlands
5062;land;0;grasslands
5063;land;0;grasslands
5064;land;0;grasslands
5065;land;0;grasslands
5066;land;0;grasslands
5067;land;0;grasslands
5068;land;0;grasslands
5069;land;0;grasslands
5070;land;6;mountain
5071;land;254;jungle
5072;land;20;savannah
5073;land;1;hills
5074;land;254;jungle
5075;land;6;mountain
5076;land;1;hills
5077;land;1;hills
5078;land;3;desert
5079;land;6;mountain
5080;land;1;hills
5081;land;20;savannah
5082;land;20;savannah
5083;land;0;grasslands
5084;land;0;grasslands
5085;land;0;grasslands
5086;land;255;woods
5087;land;1;hills
5088;land;6;mountain
5089;land;1;hills
5090;land;1;hills
5091;land;1;hills
5092;land;0;grasslands
5093;land;0;grasslands
5094;land;0;grasslands
5095;land;0;grasslands
5096;land;0;grasslands
5097;land;0;grasslands
5098;land;20;savannah
5099;land;20;savannah
5100;land;9;marsh
5101;land;6;mountain
5102;land;6;mountain
5103;land;6;mountain
5104;land;0;grasslands
5105;land;0;grasslands
5106;land;0;grasslands
5107;land;0;grasslands
5108;land;1;hills
5109;land;1;hills
5110;land;1;hills
5111;land;0;grasslands
5112;land;1;hills
5113;land;1;hills
5114;land;6;mountain
5115;land;1;hills
5116;land;1;hills
5117;land;0;grasslands
5118;land;0;grasslands
5119;land;12;forest
5120;land;1;hills
5121;land;1;hills
5122;land;6;mountain
5123;land;6;mountain
5124;land;0;grasslands
5125;land;10;farmlands
5126;land;20;savannah
5127;land;20;savannah
5128;land;1;hills
5129;land;9;marsh
5130;land;9;marsh
5131;land;9;marsh
5132;land;9;marsh
5133;land;0;grasslands
5134;land;0;grasslands
5135;land;0;grasslands
5136;land;0;grasslands
5137;land;0;grasslands
5138;land;130;steppe
5139;land;130;steppe
5140;land;130;steppe
5141;land;130;steppe
5142;land;6;mountain
5143;land;20;savannah
5144;land;20;savannah
5145;land;20;savannah
5146;land;0;grasslands
5147;land;0;grasslands
5148;land;0;grasslands
5149;land;0;grasslands
5150;land;20;savannah
5151;land;20;savannah
5152;land;6;mountain
5153;land;6;mountain
5154;land;6;mountain
5155;land;0;grasslands
5156;land;0;grasslands
5157;land;0;grasslands
5158;land;0;grasslands
5159;land;0;grasslands
5160;land;0;grasslands
5161;land;0;grasslands
5162;land;0;grasslands
5163;land;0;grasslands
5164;land;0;grasslands
5165;land;0;grasslands
5166;land;20;savannah
5167;land;20;savannah
5168;land;20;savannah
5169;land;1;hills
5170;land;1;hills
5171;land;254;jungle
5172;land;1;hills
5173;land;1;hills
5174;land;255;woods
5175;land;1;hills
5176;land;1;hills
5177;land;1;hills
5178;land;254;jungle
5179;land;20;savannah
5180;land;20;savannah
5181;land;0;grasslands
5182;land;0;grasslands
5183;land;0;grasslands
5184;land;0;grasslands
5185;land;0;grasslands
5186;land;3;desert
5187;land;0;grasslands
5188;land;0;grasslands
5189;land;0;grasslands
5190;land;0;grasslands
5191;land;6;mountain
5192;land;6;mountain
5193;land;0;grasslands
5194;land;0;grasslands
5195;land;1;hills
5196;land;1;hills
5197;land;20;savannah
5198;land;20;savannah
5199;land;1;hills
5200;land;130;steppe
5201;land;130;steppe
5202;land;0;grasslands
5203;land;0;grasslands
5204;land;0;grasslands
5205;land;0;grasslands
5206;land;255;woods
5207;land;255;woods
5208;land;255;woods
5209;land;0;grasslands
5210;land;0;grasslands
5211;land;254;jungle
5212;land;255;woods
5213;land;3;desert
5214;land;3;desert
5215;land;3;desert
5216;land;3;desert
5217;land;3;desert
5218;land;3;desert
5219;land;0;grasslands
5220;land;1;hills
5221;land;3;desert
5222;land;6;mountain
5223;land;0;grasslands
5224;land;0;grasslands
5225;land;1;hills
5226;land;6;mountain
5227;land;6;mountain
5228;land;6;mountain
5229;land;6;mountain
5230;land;0;grasslands
5231;land;0;grasslands
5232;land;0;grasslands
5233;land;0;grasslands
5234;land;1;hills
5235;land;6;mountain
5236;land;6;mountain
5237;land;6;mountain
5238;land;6;mountain
5239;land;1;hills
5240;land;254;jungle
5241;land;0;grasslands
5242;land;0;grasslands
5243;land;0;grasslands
5244;land;0;grasslands
5245;land;20;savannah
5246;land;6;mountain
5247;land;6;mountain
5248;land;255;woods
5249;land;6;mountain
5250;land;6;mountain
5251;land;1;hills
5252;land;3;desert
5253;land;6;mountain
5254;land;0;grasslands
5255;land;0;grasslands
5256;land;0;grasslands
5257;land;0;grasslands
5258;land;0;grasslands
5259;land;0;grasslands
5260;land;0;grasslands
5261;land;1;hills
5262;land;1;hills
5263;land;1;hills
5264;land;6;mountain
5265;land;254;jungle
5266;land;254;jungle
5267;land;254;jungle
5268;land;1;hills
5269;land;0;grasslands
5270;land;1;hills
5271;land;0;grasslands
5272;land;6;mountain
5273;land;6;mountain
5274;land;254;jungle
5275;land;0;grasslands
5276;land;0;grasslands
5277;land;0;grasslands
5278;land;0;grasslands
5279;land;6;mountain
5280;land;20;savannah
5281;land;254;jungle
5282;land;254;jungle
5283;land;20;savannah
5284;land;130;steppe
5285;land;12;forest
5286;land;12;forest
5287;land;12;forest
5288;land;6;mountain
5289;land;6;mountain
5290;land;6;mountain
5291;land;6;mountain
5292;land;254;jungle
5293;land;254;jungle
5294;land;254;jungle
5295;land;254;jungle
5296;land;254;jungle
5297;land;254;jungle
5298;land;254;jungle
5299;land;254;jungle
5300;land;254;jungle
5301;land;1;hills
5302;land;1;hills
5303;land;254;jungle
5304;land;0;grasslands
5305;land;0;grasslands
5306;land;0;grasslands
5307;land;0;grasslands
5308;land;0;grasslands
5309;land;12;forest
5310;land;6;mountain
5311;land;0;grasslands
5312;land;0;grasslands
5313;land;12;forest
5314;land;12;forest
5315;land;12;forest
5316;land;10;farmlands
5317;land;1;hills
5318;land;1;hills
5319;land;1;hills
5320;land;6;mountain
5321;land;0;grasslands
5322;land;0;grasslands
5323;land;0;grasslands
5324;land;6;mountain
5325;land;12;forest
5326;land;12;forest
5327;land;12;forest
5328;land;12;forest
5329;land;12;forest
5330;land;0;grasslands
5331;land;1;hills
5332;land;6;mountain
5333;land;6;mountain
5334;land;12;forest
5335;land;0;grasslands
5336;land;0;grasslands
5337;land;0;grasslands
5338;land;1;hills
5339;land;20;savannah
5340;land;6;mountain
5341;land;255;woods
5342;land;0;grasslands
5343;land;0;grasslands
5344;land;1;hills
5345;land;255;woods
5346;land;1;hills
5347;land;255;woods
5348;land;255;woods
5349;land;255;woods
5350;land;255;woods
5351;land;255;woods
5352;land;0;grasslands
5353;land;0;grasslands
5354;land;0;grasslands
5355;land;0;grasslands
5356;land;1;hills
5357;land;0;grasslands
5358;land;20;savannah
5359;land;20;savannah
5360;land;20;savannah
5361;land;20;savannah
5362;land;6;mountain
5363;land;0;grasslands
5364;land;9;marsh
5365;land;1;hills
5366;land;1;hills
5367;land;1;hills
5368;land;1;hills
5369;land;1;hills
5370;land;1;hills
5371;land;1;hills
5372;land;130;steppe
5373;land;1;hills
5374;land;1;hills
5375;land;1;hills
5376;land;1;hills
5377;land;1;hills
5378;land;1;hills
5379;land;0;grasslands
5380;land;0;grasslands
5381;land;0;grasslands
5382;land;0;grasslands
5383;land;3;desert
5384;land;3;desert
5385;land;130;steppe
5386;land;1;hills
5387;land;255;woods
5388;land;6;mountain
5389;land;6;mountain
5390;land;6;mountain
5391;land;6;mountain
5392;land;0;grasslands
5393;land;0;grasslands
5394;land;0;grasslands
5395;land;0;grasslands
5396;land;0;grasslands
5397;land;0;grasslands
5398;land;0;grasslands
5399;land;0;grasslands
5400;land;9;marsh
5401;land;6;mountain
5402;land;1;hills
5403;land;1;hills
5404;land;1;hills
5405;land;1;hills
5406;land;1;hills
5407;land;1;hills
5408;land;12;forest
5409;land;1;hills
5410;land;1;hills
5411;land;255;woods
5412;land;255;woods
5413;land;20;savannah
5414;land;20;savannah
5415;land;20;savannah
5416;land;1;hills
5417;land;1;hills
5418;land;1;hills
5419;land;1;hills
5420;land;1;hills
5421;land;1;hills
5422;land;1;hills
5423;land;1;hills
5424;land;1;hills
5425;land;9;marsh
5426;land;1;hills
5427;land;255;woods
5428;land;1;hills
5429;land;1;hills
5430;land;1;hills
5431;land;1;hills
5432;land;0;grasslands
5433;land;0;grasslands
5434;land;0;grasslands
5435;land;0;grasslands
5436;land;0;grasslands
5437;land;0;grasslands
5438;land;0;grasslands
5439;land;0;grasslands
5440;land;12;forest
5441;land;255;woods
5442;land;6;mountain
5443;land;6;mountain
5444;land;3;desert
5445;land;12;forest
5446;land;12;forest
5447;land;12;forest
5448;land;1;hills
5449;land;6;mountain
5450;land;6;mountain
5451;land;20;savannah
5452;land;20;savannah
5453;land;20;savannah
5454;land;20;savannah
5455;land;20;savannah
5456;land;20;savannah
5457;land;20;savannah
5458;land;6;mountain
5459;land;1;hills
5460;land;1;hills
5461;land;1;hills
5462;land;1;hills
5463;land;1;hills
5464;land;1;hills
5465;land;1;hills
5466;land;12;forest
5467;land;12;forest
5468;land;12;forest
5469;land;130;steppe
5470;land;130;steppe
5471;land;3;desert
5472;land;3;desert
5473;land;3;desert
5474;land;3;desert
5475;land;255;woods
5476;land;0;grasslands
5477;land;0;grasslands
5478;land;0;grasslands
5479;land;0;grasslands
5480;land;130;steppe
5481;land;255;woods
5482;land;255;woods
5483;land;255;woods
5484;land;255;woods
5485;land;255;woods
5486;land;255;woods
5487;land;255;woods
5488;land;1;hills
5489;land;6;mountain
5490;land;6;mountain
5491;land;6;mountain
5492;land;254;jungle
5493;land;20;savannah
5494;land;9;marsh
5495;land;0;grasslands
5496;land;255;woods
5497;land;130;steppe
5498;land;0;grasslands
5499;land;20;savannah
5500;land;6;mountain
5501;land;1;hills
5502;land;1;hills
5503;land;1;hills
5504;land;1;hills
5505;land;6;mountain
5506;land;1;hills
5507;land;20;savannah
5508;land;254;jungle
5509;land;0;grasslands
5510;land;0;grasslands
5511;land;0;grasslands
5512;land;6;mountain
5513;land;6;mountain
5514;land;6;mountain
5515;land;6;mountain
5516;land;6;mountain
5517;land;6;mountain
5518;land;6;mountain
5519;land;6;mountain
5520;land;0;grasslands
5521;land;0;grasslands
5522;land;0;grasslands
5523;land;0;grasslands
5524;land;0;grasslands
5525;land;1;hills
5526;land;1;hills
5527;land;12;forest
5528;land;1;hills
5529;land;20;savannah
5530;land;20;savannah
5531;land;255;woods
5532;land;6;mountain
5533;land;255;woods
5534;land;20;savannah
5535;land;20;savannah
5536;land;20;savannah
5537;land;254;jungle
5538;land;12;forest
5539;land;12;forest
5540;land;12;forest
5541;land;6;mountain
5542;land;6;mountain
5543;land;6;mountain
5544;land;20;savannah
5545;land;20;savannah
5546;land;0;grasslands
5547;land;23;highlands
5548;land;23;highlands
5549;land;23;highlands
5550;land;0;grasslands
5551;land;0;grasslands
5552;land;0;grasslands
5553;land;0;grasslands
5554;land;0;grasslands
5555;land;0;grasslands
5556;land;255;woods
5557;land;255;woods
5558;land;0;grasslands
5559;land;0;grasslands
5560;land;255;woods
5561;land;255;woods
5562;land;254;jungle
5563;land;254;jungle
5564;land;1;hills
5565;land;1;hills
5566;land;20;savannah
5567;land;255;woods
5568;land;255;woods
5569;land;20;savannah
5570;land;20;savannah
5571;land;20;savannah
5572;land;20;savannah
5573;land;20;savannah
5574;land;20;savannah
5575;land;255;woods
5576;land;1;hills
5577;land;6;mountain
5578;land;6;mountain
5579;land;6;mountain
5580;land;255;woods
5581;land;255;woods
5582;land;255;woods
5583;land;255;woods
5584;land;6;mountain
5585;land;0;grasslands
5586;land;0;grasslands
5587;land;0;grasslands
5588;land;0;grasslands
5589;land;0;grasslands
5590;land;1;hills
5591;land;130;steppe
5592;land;130;steppe
5593;land;130;steppe
5594;land;255;woods
5595;land;1;hills
5596;land;1;hills
5597;land;1;hills
5598;land;1;hills
5599;land;12;forest
5600;land;1;hills
5601;land;1;hills
5602;land;6;mountain
5603;land;0;grasslands
5604;land;20;savannah
5605;land;1;hills
5606;land;1;hills
5607;land;1;hills
5608;land;255;woods
5609;land;20;savannah
5610;land;20;savannah
5611;land;20;savannah
5612;land;20;savannah
5613;land;20;savannah
5614;land;255;woods
5615;land;130;steppe
5616;land;1;hills
5617;land;1;hills
5618;land;255;woods
5619;land;12;forest
5620;land;12;forest
5621;land;12;forest
5622;land;12;forest
5623;land;12;forest
5624;land;6;mountain
5625;land;1;hills
5626;land;1;hills
5627;land;1;hills
5628;land;23;highlands
5629;land;255;woods
5630;land;12;forest
5631;land;12;forest
5632;land;12;forest
5633;land;3;desert
5634;land;3;desert
5635;land;3;desert
5636;land;130;steppe
5637;land;1;hills
5638;land;3;desert
5639;land;3;desert
5640;land;255;woods
5641;land;255;woods
5642;land;255;woods
5643;land;0;grasslands
5644;land;0;grasslands
5645;land;0;grasslands
5646;land;0;grasslands
5647;land;0;grasslands
5648;land;0;grasslands
5649;land;0;grasslands
5650;land;20;savannah
5651;land;12;forest
5652;land;6;mountain
5653;land;20;savannah
5654;land;20;savannah
5655;land;20;savannah
5656;land;20;savannah
5657;land;1;hills
5658;land;130;steppe
5659;land;0;grasslands
5660;land;0;grasslands
5661;land;255;woods
5662;land;20;savannah
5663;land;1;hills
5664;land;1;hills
5665;land;1;hills
5666;land;1;hills
5667;land;1;hills
5668;land;1;hills
5669;land;6;mountain
5670;land;6;mountain
5671;land;6;mountain
5672;land;255;woods
5673;land;1;hills
5674;land;1;hills
5675;land;20;savannah
5676;land;255;woods
5677;land;1;hills
5678;land;20;savannah
5679;land;12;forest
5680;land;12;forest
5681;land;1;hills
5682;land;1;hills
5683;land;6;mountain
5684;land;0;grasslands
5685;land;0;grasslands
5686;land;0;grasslands
5687;land;0;grasslands
5688;land;0;grasslands
5689;land;0;grasslands
5690;land;6;mountain
5691;land;1;hills
5692;land;1;hills
5693;land;6;mountain
5694;land;130;steppe
5695;land;12;forest
5696;land;12;forest
5697;land;0;grasslands
5698;land;0;grasslands
5699;land;0;grasslands
5700;land;0;grasslands
5701;land;0;grasslands
5702;land;1;hills
5703;land;20;savannah
5704;land;6;mountain
5705;land;6;mountain
5706;land;20;savannah
5707;land;20;savannah
5708;land;10;farmlands
5709;land;1;hills
5710;land;1;hills
5711;land;1;hills
5712;land;0;grasslands
5713;land;9;marsh
5714;land;255;woods
5715;land;12;forest
5716;land;255;woods
5717;land;1;hills
5718;land;0;grasslands
5719;land;0;grasslands
5720;land;0;grasslands
5721;land;0;grasslands
5722;land;12;forest
5723;land;12;forest
5724;land;12;forest
5725;land;12;forest
5726;land;12;forest
5727;land;12;forest
5728;land;12;forest
5729;land;1;hills
5730;land;9;marsh
5731;land;0;grasslands
5732;land;10;farmlands
5733;land;1;hills
5734;land;130;steppe
5735;land;130;steppe
5736;land;130;steppe
5737;land;130;steppe
5738;land;130;steppe
5739;land;130;steppe
5740;land;1;hills
5741;land;6;mountain
5742;land;6;mountain
5743;land;0;grasslands
5744;land;1;hills
5745;land;1;hills
5746;land;1;hills
5747;land;20;savannah
5748;land;6;mountain
5749;land;255;woods
5750;land;255;woods
5751;land;255;woods
5752;land;6;mountain
5753;land;6;mountain
5754;land;130;steppe
5755;land;130;steppe
5756;land;130;steppe
5757;land;130;steppe
5758;land;130;steppe
5759;land;130;steppe
5760;land;130;steppe
5761;land;255;woods
5762;land;20;savannah
5763;land;20;savannah
5764;land;20;savannah
5765;land;0;grasslands
5766;land;0;grasslands
5767;land;0;grasslands
5768;land;255;woods
5769;land;9;marsh
5770;land;9;marsh
5771;land;9;marsh
5772;land;9;marsh
5773;land;9;marsh
5774;land;1;hills
5775;land;1;hills
5776;land;1;hills
5777;land;1;hills
5778;land;1;hills
5779;land;12;forest
5780;land;12;forest
5781;land;12;forest
5782;land;12;forest
5783;land;0;grasslands
5784;land;10;farmlands
5785;land;10;farmlands
5786;land;20;savannah
5787;land;20;savannah
5788;land;20;savannah
5789;land;9;marsh
5790;land;255;woods
5791;land;130;steppe
5792;land;130;steppe
5793;land;130;steppe
5794;land;130;steppe
5795;land;1;hills
5796;land;1;hills
5797;land;1;hills
5798;land;1;hills
5799;land;20;savannah
5800;land;20;savannah
5801;land;130;steppe
5802;land;130;steppe
5803;land;130;steppe
5804;land;254;jungle
5805;land;6;mountain
5806;land;6;mountain
5807;land;6;mountain
5808;land;6;mountain
5809;land;0;grasslands
5810;land;0;grasslands
5811;land;0;grasslands
5812;land;0;grasslands
5813;land;6;mountain
5814;land;255;woods
5815;land;10;farmlands
5816;land;12;forest
5817;land;12;forest
5818;land;12;forest
5819;land;1;hills
5820;land;20;savannah
5821;land;10;farmlands
5822;land;255;woods
5823;land;255;woods
5824;land;130;steppe
5825;land;255;woods
5826;land;255;woods
5827;land;6;mountain
5828;land;6;mountain
5829;land;10;farmlands
5830;land;0;grasslands
5831;land;1;hills
5832;land;1;hills
5833;land;1;hills
5834;land;9;marsh
5835;land;9;marsh
5836;land;1;hills
5837;land;1;hills
5838;land;9;marsh
5839;land;9;marsh
5840;land;255;woods
5841;land;20;savannah
5842;land;20;savannah
5843;land;20;savannah
5844;land;255;woods
5845;land;255;woods
5846;land;255;woods
5847;land;255;woods
5848;land;6;mountain
5849;land;6;mountain
5850;land;1;hills
5851;land;6;mountain
5852;land;12;forest
5853;land;12;forest
5854;land;130;steppe
5855;land;255;woods
5856;land;20;savannah
5857;land;1;hills
5858;land;1;hills
5859;land;1;hills
5860;land;1;hills
5861;land;1;hills
5862;land;1;hills
5863;land;255;woods
5864;land;10;farmlands
5865;land;255;woods
5866;land;6;mountain
5867;land;1;hills
5868;land;0;grasslands
5869;land;0;grasslands
5870;land;20;savannah
5871;land;6;mountain
5872;land;9;marsh
5873;land;1;hills
5874;land;1;hills
5875;land;1;hills
5876;land;12;forest
5877;land;0;grasslands
5878;land;0;grasslands
5879;land;0;grasslands
5880;land;0;grasslands
5881;land;1;hills
5882;land;1;hills
5883;land;1;hills
5884;land;1;hills
5885;land;1;hills
5886;land;1;hills
5887;land;1;hills
5888;land;1;hills
5889;land;0;grasslands
5890;land;0;grasslands
5891;land;0;grasslands
5892;land;0;grasslands
5893;land;255;woods
5894;land;1;hills
5895;land;130;steppe
5896;land;130;steppe
5897;land;6;mountain
5898;land;6;mountain
5899;land;255;woods
5900;land;6;mountain
5901;land;12;forest
5902;land;12;forest
5903;land;9;marsh
5904;land;9;marsh
5905;land;9;marsh
5906;land;9;marsh
5907;land;9;marsh
5908;land;9;marsh
5909;land;1;hills
5910;land;1;hills
5911;land;0;grasslands
5912;land;0;grasslands
5913;land;0;grasslands
5914;land;12;forest
5915;land;20;savannah
5916;land;20;savannah
5917;land;12;forest
5918;land;12;forest
5919;land;9;marsh
5920;land;9;marsh
5921;land;9;marsh
5922;land;9;marsh
5923;land;10;farmlands
5924;land;6;mountain
5925;land;130;steppe
5926;land;130;steppe
5927;land;130;steppe
5928;land;130;steppe
5929;land;12;forest
5930;land;12;forest
5931;land;1;hills
5932;land;10;farmlands
5933;land;10;farmlands
5934;land;130;steppe
5935;land;130;steppe
5936;land;130;steppe
5937;land;130;steppe
5938;land;0;grasslands
5939;land;254;jungle
5940;land;6;mountain
5941;land;6;mountain
5942;land;130;steppe
5943;land;130;steppe
5944;land;130;steppe
5945;land;130;steppe
5946;land;130;steppe
5947;land;130;steppe
5948;land;130;steppe
5949;land;1;hills
5950;land;1;hills
5951;land;1;hills
5952;land;0;grasslands
5953;land;0;grasslands
5954;land;6;mountain
5955;land;6;mountain
5956;land;1;hills
5957;land;0;grasslands
5958;land;1;hills
5959;land;130;steppe
5960;land;130;steppe
5961;land;130;steppe
5962;land;130;steppe
5963;land;130;steppe
5964;land;130;steppe
5965;land;130;steppe
5966;land;130;steppe
5967;land;130;steppe
5968;land;130;steppe
5969;land;130;steppe
5970;land;6;mountain
5971;land;10;farmlands
5972;land;255;woods
5973;land;255;woods
5974;land;255;woods
5975;land;130;steppe
5976;land;130;steppe
5977;land;130;steppe
5978;land;130;steppe
5979;land;130;steppe
5980;land;130;steppe
5981;land;130;steppe
5982;land;130;steppe
5983;land;0;grasslands
5984;land;0;grasslands
5985;land;0;grasslands
5986;land;0;grasslands
5987;land;0;grasslands
5988;land;0;grasslands
5989;land;6;mountain
5990;land;6;mountain
5991;land;130;steppe
5992;land;130;steppe
5993;land;130;steppe
5994;land;9;marsh
5995;land;130;steppe
5996;land;1;hills
5997;land;0;grasslands
5998;land;0;grasslands
5999;land;0;grasslands
6000;land;0;grasslands
6001;land;0;grasslands
6002;land;0;grasslands
6003;land;0;grasslands
6004;land;1;hills
6005;land;1;hills
6006;land;1;hills
6007;land;1;hills
6008;land;1;hills
6009;land;1;hills
6010;land;1;hills
6011;land;1;hills
6012;land;0;grasslands
6013;land;0;grasslands
6014;land;0;grasslands
6015;land;0;grasslands
6016;land;0;grasslands
6017;land;0;grasslands
6018;land;6;mountain
6019;land;6;mountain
6020;land;6;mountain
6021;land;6;mountain
6022;land;130;steppe
6023;land;130;steppe
6024;land;130;steppe
6025;land;130;steppe
6026;land;130;steppe
6027;land;130;steppe
6028;land;130;steppe
6029;land;130;steppe
6030;land;0;grasslands
6031;land;0;grasslands
6032;land;130;steppe
6033;land;130;steppe
6034;land;130;steppe
6035;land;130;steppe
6036;land;130;steppe
6037;land;12;forest
6038;land;1;hills
6039;land;1;hills
6040;land;1;hills
6041;land;130;steppe
6042;land;1;hills
6043;land;6;mountain
6044;land;6;mountain
6045;land;130;steppe
6046;land;130;steppe
6047;land;130;steppe
6048;land;130;steppe
6049;land;130;steppe
6050;land;130;steppe
6051;land;130;steppe
6052;land;1;hills
6053;land;20;savannah
6054;land;6;mountain
6055;land;12;forest
6056;land;12;forest
6057;land;12;forest
6058;land;6;mountain
6059;land;255;woods
6060;land;255;woods
6061;land;255;woods
6062;land;130;steppe
6063;land;254;jungle
6064;land;254;jungle
6065;land;254;jungle
6066;land;254;jungle
6067;land;254;jungle
6068;land;255;woods
6069;land;6;mountain
6070;land;255;woods
6071;land;10;farmlands
6072;land;10;farmlands
6073;land;0;grasslands
6074;land;0;grasslands
6075;land;12;forest
6076;land;6;mountain
6077;land;255;woods
6078;land;0;grasslands
6079;land;0;grasslands
6080;land;0;grasslands
6081;land;0;grasslands
6082;land;0;grasslands
6083;land;0;grasslands
6084;land;3;desert
6085;land;10;farmlands
6086;land;1;hills
6087;land;1;hills
6088;land;1;hills
6089;land;130;steppe
6090;land;130;steppe
6091;land;130;steppe
6092;land;6;mountain
6093;land;0;grasslands
6094;land;6;mountain
6095;land;1;hills
6096;land;1;hills
6097;land;3;desert
6098;land;1;hills
6099;land;1;hills
6100;land;1;hills
6101;land;1;hills
6102;land;1;hills
6103;land;1;hills
6104;land;12;forest
6105;land;12;forest
6106;land;1;hills
6107;land;1;hills
6108;land;255;woods
6109;land;0;grasslands
6110;land;1;hills
6111;land;0;grasslands
6112;land;0;grasslands
6113;land;0;grasslands
6114;land;0;grasslands
6115;land;0;grasslands
6116;land;1;hills
6117;land;0;grasslands
6118;land;0;grasslands
6119;land;0;grasslands
6120;land;0;grasslands
6121;land;0;grasslands
6122;land;0;grasslands
6123;land;1;hills
6124;land;130;steppe
6125;land;1;hills
6126;land;12;forest
6127;land;6;mountain
6128;land;6;mountain
6129;land;6;mountain
6130;land;255;woods
6131;land;255;woods
6132;land;0;grasslands
6133;land;0;grasslands
6134;land;0;grasslands
6135;land;0;grasslands
6136;land;0;grasslands
6137;land;6;mountain
6138;land;6;mountain
6139;land;6;mountain
6140;land;255;woods
6141;land;255;woods
6142;land;255;woods
6143;land;6;mountain
6144;land;6;mountain
6145;land;6;mountain
6146;land;130;steppe
6147;land;130;steppe
6148;land;130;steppe
6149;land;130;steppe
6150;land;130;steppe
6151;land;6;mountain
6152;land;6;mountain
6153;land;130;steppe
6154;land;130;steppe
6155;land;130;steppe
6156;land;130;steppe
6157;land;130;steppe
6158;land;130;steppe
6159;land;130;steppe
6160;land;1;hills
6161;land;12;forest
6162;land;3;desert
6163;land;12;forest
6164;land;12;forest
6165;land;12;forest
6166;land;12;forest
6167;land;3;desert
6168;land;1;hills
6169;land;1;hills
6170;land;1;hills
6171;land;6;mountain
6172;land;6;mountain
6173;land;6;mountain
6174;land;0;grasslands
6175;land;0;grasslands
6176;land;0;grasslands
6177;land;1;hills
6178;land;1;hills
6179;land;130;steppe
6180;land;130;steppe
6181;land;130;steppe
6182;land;255;woods
6183;land;1;hills
6184;land;255;woods
6185;land;12;forest
6186;land;12;forest
6187;land;12;forest
6188;land;12;forest
6189;land;12;forest
6190;land;12;forest
6191;land;1;hills
6192;land;1;hills
6193;land;1;hills
6194;land;1;hills
6195;land;10;farmlands
6196;land;1;hills
6197;land;6;mountain
6198;land;130;steppe
6199;land;12;forest
6200;land;12;forest
6201;land;12;forest
6202;land;255;woods
6203;land;9;marsh
6204;land;255;woods
6205;land;12;forest
6206;land;130;steppe
6207;land;130;steppe
6208;land;130;steppe
6209;land;130;steppe
6210;land;1;hills
6211;land;6;mountain
6212;land;1;hills
6213;land;6;mountain
6214;land;1;hills
6215;land;255;woods
6216;land;0;grasslands
6217;land;0;grasslands
6218;land;0;grasslands
6219;land;0;grasslands
6220;land;1;hills
6221;land;1;hills
6222;land;1;hills
6223;land;130;steppe
6224;land;130;steppe
6225;land;130;steppe
6226;land;130;steppe
6227;land;130;steppe
6228;land;0;grasslands
6229;land;0;grasslands
6230;land;0;grasslands
6231;land;0;grasslands
6232;land;0;grasslands
6233;land;0;grasslands
6234;land;0;grasslands
6235;land;0;grasslands
6236;land;0;grasslands
6237;land;1;hills
6238;land;3;desert
6239;land;0;grasslands
6240;land;0;grasslands
6241;land;6;mountain
6242;land;255;woods
6243;land;255;woods
6244;land;1;hills
6245;land;1;hills
6246;land;1;hills
6247;land;0;grasslands
6248;land;0;grasslands
6249;land;0;grasslands
6250;land;255;woods
6251;land;255;woods
6252;land;255;woods
6253;land;1;hills
6254;land;255;woods
6255;land;255;woods
6256;land;10;farmlands
6257;land;10;farmlands
6258;land;10;farmlands
6259;land;10;farmlands
6260;land;10;farmlands
6261;land;255;woods
6262;land;255;woods
6263;land;255;woods
6264;land;12;forest
6265;land;10;farmlands
6266;land;12;forest
6267;land;1;hills
6268;land;1;hills
6269;land;0;grasslands
6270;land;0;grasslands
6271;land;6;mountain
6272;land;6;mountain
6273;land;6;mountain
6274;land;6;mountain
6275;land;6;mountain
6276;land;255;woods
6277;land;0;grasslands
6278;land;255;woods
6279;land;255;woods
6280;land;255;woods
6281;land;255;woods
6282;land;6;mountain
6283;land;0;grasslands
6284;land;0;grasslands
6285;land;0;grasslands
6286;land;0;grasslands
6287;land;6;mountain
6288;land;0;grasslands
6289;land;0;grasslands
6290;land;0;grasslands
6291;land;254;jungle
6292;land;254;jungle
6293;land;0;grasslands
6294;land;0;grasslands
6295;land;1;hills
6296;land;3;desert
6297;land;3;desert
6298;land;130;steppe
6299;land;0;grasslands
6300;land;0;grasslands
6301;land;6;mountain
6302;land;1;hills
6303;land;1;hills
6304;land;0;grasslands
6305;land;130;steppe
6306;land;130;steppe
6307;land;130;steppe
6308;land;130;steppe
6309;land;130;steppe
6310;land;130;steppe
6311;land;130;steppe
6312;land;130;steppe
6313;land;130;steppe
6314;land;0;grasslands
6315;land;0;grasslands
6316;land;1;hills
6317;land;1;hills
6318;land;12;forest
6319;land;12;forest
6320;land;12;forest
6321;land;0;grasslands
6322;land;12;forest
6323;land;10;farmlands
6324;land;6;mountain
6325;land;12;forest
6326;land;12;forest
6327;land;0;grasslands
6328;land;0;grasslands
6329;land;254;jungle
6330;land;254;jungle
6331;land;6;mountain
6332;land;130;steppe
6333;land;130;steppe
6334;land;130;steppe
6335;land;1;hills
6336;land;12;forest
6337;land;10;farmlands
6338;land;0;grasslands
6339;land;0;grasslands
6340;land;0;grasslands
6341;land;0;grasslands
6342;land;255;woods
6343;land;1;hills
6344;land;12;forest
6345;land;0;grasslands
6346;land;0;grasslands
6347;land;0;grasslands
6348;land;1;hills
6349;land;1;hills
6350;land;1;hills
6351;land;1;hills
6352;land;255;woods
6353;land;255;woods
6354;land;255;woods
6355;land;255;woods
6356;land;255;woods
6357;land;12;forest
6358;land;12;forest
6359;land;12;forest
6360;land;3;desert
6361;land;6;mountain
6362;land;255;woods
6363;land;255;woods
6364;land;1;hills
6365;land;1;hills
6366;land;1;hills
6367;land;130;steppe
6368;land;130;steppe
6369;land;255;woods
6370;land;255;woods
6371;land;255;woods
6372;land;6;mountain
6373;land;1;hills
6374;land;1;hills
6375;land;6;mountain
6376;land;0;grasslands
6377;land;130;steppe
6378;land;130;steppe
6379;land;12;forest
6380;land;12;forest
6381;land;255;woods
6382;land;6;mountain
6383;land;130;steppe
6384;land;10;farmlands
6385;land;6;mountain
6386;land;0;grasslands
6387;land;0;grasslands
6388;land;0;grasslands
6389;land;0;grasslands
6390;land;0;grasslands
6391;land;1;hills
6392;land;0;grasslands
6393;land;0;grasslands
6394;land;6;mountain
6395;land;6;mountain
6396;land;0;grasslands
6397;land;0;grasslands
6398;land;1;hills
6399;land;1;hills
6400;land;1;hills
6401;land;130;steppe
6402;land;130;steppe
6403;land;130;steppe
6404;land;6;mountain
6405;land;6;mountain
6406;land;6;mountain
6407;land;12;forest
6408;land;12;forest
6409;land;255;woods
6410;land;1;hills
6411;land;0;grasslands
6412;land;0;grasslands
6413;land;0;grasslands
6414;land;0;grasslands
6415;land;130;steppe
6416;land;6;mountain
6417;land;12;forest
6418;land;6;mountain
6419;land;130;steppe
6420;land;130;steppe
6421;land;255;woods
6422;land;6;mountain
6423;land;6;mountain
6424;land;6;mountain
6425;land;1;hills
6426;land;130;steppe
6427;land;6;mountain
6428;land;255;woods
6429;land;6;mountain
6430;land;0;grasslands
6431;land;12;forest
6432;land;12;forest
6433;land;130;steppe
6434;land;130;steppe
6435;land;130;steppe
6436;land;1;hills
6437;land;1;hills
6438;land;3;desert
6439;land;3;desert
6440;land;3;desert
6441;land;1;hills
6442;land;255;woods
6443;land;1;hills
6444;land;1;hills
6445;land;1;hills
6446;land;6;mountain
6447;land;6;mountain
6448;land;6;mountain
6449;land;6;mountain
6450;land;0;grasslands
6451;land;0;grasslands
6452;land;0;grasslands
6453;land;0;grasslands
6454;land;130;steppe
6455;land;130;steppe
6456;land;0;grasslands
6457;land;0;grasslands
6458;land;0;grasslands
6459;land;0;grasslands
6460;land;0;grasslands
6461;land;6;mountain
6462;land;6;mountain
6463;land;255;woods
6464;land;0;grasslands
6465;land;12;forest
6466;land;12;forest
6467;land;12;forest
6468;land;12;forest
6469;land;12;forest
6470;land;1;hills
6471;land;255;woods
6472;land;6;mountain
6473;land;255;woods
6474;land;6;mountain
6475;land;6;mountain
6476;land;1;hills
6477;land;254;jungle
6478;land;254;jungle
6479;land;1;hills
6480;land;12;forest
6481;land;12;forest
6482;land;12;forest
6483;land;6;mountain
6484;land;6;mountain
6485;land;1;hills
6486;land;1;hills
6487;land;12;forest
6488;land;1;hills
6489;land;12;forest
6490;land;12;forest
6491;land;6;mountain
6492;land;1;hills
6493;land;130;steppe
6494;land;130;steppe
6495;land;130;steppe
6496;land;130;steppe
6497;land;1;hills
6498;land;1;hills
6499;land;1;hills
6500;land;1;hills
6501;land;130;steppe
6502;land;130;steppe
6503;land;130;steppe
6504;land;12;forest
6505;land;12;forest
6506;land;12;forest
6507;land;12;forest
6508;land;130;steppe
6509;land;130;steppe
6510;land;1;hills
6511;land;1;hills
6512;land;1;hills
6513;land;130;steppe
6514;land;130;steppe
6515;land;1;hills
6516;land;0;grasslands
6517;land;0;grasslands
6518;land;0;grasslands
6519;land;0;grasslands
6520;land;6;mountain
6521;land;6;mountain
6522;land;6;mountain
6523;land;255;woods
6524;land;255;woods
6525;land;3;desert
6526;land;6;mountain
6527;land;6;mountain
6528;land;6;mountain
6529;land;6;mountain
6530;land;6;mountain
6531;land;1;hills
6532;land;12;forest
6533;land;12;forest
6534;land;130;steppe
6535;land;130;steppe
6536;land;130;steppe
6537;land;130;steppe
6538;land;130;steppe
6539;land;130;steppe
6540;land;130;steppe
6541;land;130;steppe
6542;land;130;steppe
6543;land;12;forest
6544;land;12;forest
6545;land;12;forest
6546;land;12;forest
6547;land;12;forest
6548;land;12;forest
6549;land;0;grasslands
6550;land;1;hills
6551;land;1;hills
6552;land;1;hills
6553;land;3;desert
6554;land;130;steppe
6555;land;130;steppe
6556;land;12;forest
6557;land;12;forest
6558;land;12;forest
6559;land;12;forest
6560;land;12;forest
6561;land;1;hills
6562;land;1;hills
6563;land;1;hills
6564;land;1;hills
6565;land;1;hills
6566;land;6;mountain
6567;land;255;woods
6568;land;1;hills
6569;land;6;mountain
6570;land;130;steppe
6571;land;1;hills
6572;land;6;mountain
6573;land;6;mountain
6574;land;6;mountain
6575;land;130;steppe
6576;land;12;forest
6577;land;12;forest
6578;land;12;forest
6579;land;130;steppe
6580;land;130;steppe
6581;land;130;steppe
6582;land;130;steppe
6583;land;255;woods
6584;land;1;hills
6585;land;1;hills
6586;land;1;hills
6587;land;1;hills
6588;land;130;steppe
6589;land;130;steppe
6590;land;130;steppe
6591;land;130;steppe
6592;land;130;steppe
6593;land;130;steppe
6594;land;130;steppe
6595;land;0;grasslands
6596;land;0;grasslands
6597;land;0;grasslands
6598;land;0;grasslands
6599;land;0;grasslands
6600;land;130;steppe
6601;land;130;steppe
6602;land;130;steppe
6603;land;130;steppe
6604;land;12;forest
6605;land;1;hills
6606;land;0;grasslands
6607;land;1;hills
6608;land;12;forest
6609;land;6;mountain
6610;land;12;forest
6611;land;12;forest
6612;land;12;forest
6613;land;130;steppe
6614;land;130;steppe
6615;land;130;steppe
6616;land;130;steppe
6617;land;1;hills
6618;land;0;grasslands
6619;land;0;grasslands
6620;land;0;grasslands
6621;land;0;grasslands
6622;land;0;grasslands
6623;land;0;grasslands
6624;land;0;grasslands
6625;land;12;forest
6626;land;12;forest
6627;land;12;forest
6628;land;12;forest
6629;land;3;desert
6630;land;1;hills
6631;land;1;hills
6632;land;12;forest
6633;land;12;forest
6634;land;12;forest
6635;land;12;forest
6636;land;12;forest
6637;land;1;hills
6638;land;1;hills
6639;land;12;forest
6640;land;12;forest
6641;land;6;mountain
6642;land;255;woods
6643;land;255;woods
6644;land;1;hills
6645;land;6;mountain
6646;land;12;forest
6647;land;130;steppe
6648;land;130;steppe
6649;land;130;steppe
6650;land;130;steppe
6651;land;130;steppe
6652;land;130;steppe
6653;land;130;steppe
6654;land;12;forest
6655;land;1;hills
6656;land;255;woods
6657;land;255;woods
6658;land;12;forest
6659;land;130;steppe
6660;land;130;steppe
6661;land;130;steppe
6662;land;130;steppe
6663;land;130;steppe
6664;land;130;steppe
6665;land;130;steppe
6666;land;1;hills
6667;land;1;hills
6668;land;1;hills
6669;land;12;forest
6670;land;12;forest
6671;land;12;forest
6672;land;12;forest
6673;land;12;forest
6674;land;12;forest
6675;land;12;forest
6676;land;130;steppe
6677;land;130;steppe
6678;land;130;steppe
6679;land;6;mountain
6680;land;6;mountain
6681;land;12;forest
6682;land;12;forest
6683;land;6;mountain
6684;land;12;forest
6685;land;12;forest
6686;land;12;forest
6687;land;12;forest
6688;land;12;forest
6689;land;6;mountain
6690;land;6;mountain
6691;land;6;mountain
6692;land;1;hills
6693;land;1;hills
6694;land;0;grasslands
6695;land;6;mountain
6696;land;0;grasslands
6697;land;0;grasslands
6698;land;0;grasslands
6699;land;0;grasslands
6700;land;12;forest
6701;land;12;forest
6702;land;12;forest
6703;land;12;forest
6704;land;12;forest
6705;land;1;hills
6706;land;130;steppe
6707;land;130;steppe
6708;land;130;steppe
6709;land;130;steppe
6710;land;0;grasslands
6711;land;0;grasslands
6712;land;0;grasslands
6713;land;0;grasslands
6714;land;0;grasslands
6715;land;0;grasslands
6716;land;0;grasslands
6717;land;6;mountain
6718;land;6;mountain
6719;land;130;steppe
6720;land;130;steppe
6721;land;130;steppe
6722;land;1;hills
6723;land;1;hills
6724;land;0;grasslands
6725;land;0;grasslands
6726;land;0;grasslands
6727;land;6;mountain
6728;land;6;mountain
6729;land;130;steppe
6730;land;130;steppe
6731;land;130;steppe
6732;land;130;steppe
6733;land;6;mountain
6734;land;6;mountain
6735;land;6;mountain
6736;land;1;hills
6737;land;6;mountain
6738;land;1;hills
6739;land;255;woods
6740;land;130;steppe
6741;land;6;mountain
6742;land;6;mountain
6743;land;6;mountain
6744;land;6;mountain
6745;land;1;hills
6746;land;1;hills
6747;land;1;hills
6748;land;1;hills
6749;land;0;grasslands
6750;land;12;forest
6751;land;12;forest
6752;land;12;forest
6753;land;12;forest
6754;land;12;forest
6755;land;12;forest
6756;land;6;mountain
6757;land;6;mountain
6758;land;6;mountain
6759;land;1;hills
6760;land;1;hills
6761;land;130;steppe
6762;land;130;steppe
6763;land;130;steppe
6764;land;130;steppe
6765;land;130;steppe
6766;land;130;steppe
6767;land;130;steppe
6768;land;130;steppe
6769;land;6;mountain
6770;land;6;mountain
6771;land;6;mountain
6772;land;6;mountain
6773;land;6;mountain
6774;land;1;hills
6775;land;1;hills
6776;land;1;hills
6777;land;6;mountain
6778;land;6;mountain
6779;land;12;forest
6780;land;6;mountain
6781;land;12;forest
6782;land;12;forest
6783;land;12;forest
6784;land;12;forest
6785;land;12;forest
6786;land;1;hills
6787;land;12;forest
6788;land;130;steppe
6789;land;0;grasslands
6790;land;6;mountain
6791;land;130;steppe
6792;land;6;mountain
6793;land;130;steppe
6794;land;6;mountain
6795;land;6;mountain
6796;land;254;jungle
6797;land;6;mountain
6798;land;6;mountain
6799;land;6;mountain
6800;land;12;forest
6801;land;1;hills
6802;land;130;steppe
6803;land;130;steppe
6804;land;130;steppe
6805;land;130;steppe
6806;land;130;steppe
6807;land;12;forest
6808;land;12;forest
6809;land;12;forest
6810;land;12;forest
6811;land;12;forest
6812;land;12;forest
6813;land;12;forest
6814;land;130;steppe
6815;land;130;steppe
6816;land;130;steppe
6817;land;12;forest
6818;land;12;forest
6819;land;1;hills
6820;land;1;hills
6821;land;1;hills
6822;land;1;hills
6823;land;1;hills
6824;land;6;mountain
6825;land;6;mountain
6826;land;255;woods
6827;land;255;woods
6828;land;255;woods
6829;land;1;hills
6830;land;1;hills
6831;land;1;hills
6832;land;130;steppe
6833;land;130;steppe
6834;land;130;steppe
6835;land;12;forest
6836;land;12;forest
6837;land;12;forest
6838;land;12;forest
6839;land;1;hills
6840;land;1;hills
6841;land;1;hills
6842;land;1;hills
6843;land;1;hills
6844;land;0;grasslands
6845;land;12;forest
6846;land;12;forest
6847;land;12;forest
6848;land;1;hills
6849;land;1;hills
6850;land;12;forest
6851;land;12;forest
6852;land;12;forest
6853;land;12;forest
6854;land;12;forest
6855;land;1;hills
6856;land;1;hills
6857;land;12;forest
6858;land;12;forest
6859;land;12;forest
6860;land;6;mountain
6861;land;130;steppe
6862;land;1;hills
6863;land;1;hills
6864;land;255;woods
6865;land;1;hills
6866;land;130;steppe
6867;land;130;steppe
6868;land;1;hills
6869;land;130;steppe
6870;land;130;steppe
6871;land;130;steppe
6872;land;130;steppe
6873;land;130;steppe
6874;land;12;forest
6875;land;12;forest
6876;land;6;mountain
6877;land;6;mountain
6878;land;130;steppe
6879;land;130;steppe
6880;land;130;steppe
6881;land;1;hills
6882;land;130;steppe
6883;land;6;mountain
6884;land;1;hills
6885;land;1;hills
6886;land;12;forest
6887;land;1;hills
6888;land;1;hills
6889;land;1;hills
6890;land;1;hills
6891;land;130;steppe
6892;land;130;steppe
6893;land;1;hills
6894;land;1;hills
6895;land;6;mountain
6896;land;6;mountain
6897;land;0;grasslands
6898;land;12;forest
6899;land;12;forest
6900;land;12;forest
6901;land;12;forest
6902;land;12;forest
6903;land;12;forest
6904;land;12;forest
6905;land;12;forest
6906;land;12;forest
6907;land;1;hills
6908;land;16;glacier
6909;land;1;hills
6910;land;12;forest
6911;land;12;forest
6912;land;12;forest
6913;land;12;forest
6914;land;12;forest
6915;land;12;forest
6916;land;12;forest
6917;land;12;forest
6918;land;130;steppe
6919;land;130;steppe
6920;land;130;steppe
6921;land;130;steppe
6922;land;130;steppe
6923;land;130;steppe
6924;land;12;forest
6925;land;12;forest
6926;land;130;steppe
6927;land;130;steppe
6928;land;130;steppe
6929;land;12;forest
6930;land;6;mountain
6931;land;6;mountain
6932;land;130;steppe
6933;land;130;steppe
6934;land;130;steppe
6935;land;130;steppe
6936;land;130;steppe
6937;land;130;steppe
6938;land;130;steppe
6939;land;130;steppe
6940;land;130;steppe
6941;land;130;steppe
6942;land;130;steppe
6943;land;6;mountain
6944;land;16;glacier
6945;land;16;glacier
6946;land;6;mountain
6947;land;12;forest
6948;land;1;hills
6949;land;16;glacier
6950;land;12;forest
6951;land;12;forest
6952;land;12;forest
6953;land;12;forest
6954;land;12;forest
6955;land;12;forest
6956;land;12;forest
6957;land;12;forest
6958;land;255;woods
6959;land;12;forest
6960;land;12;forest
6961;land;12;forest
6962;land;12;forest
6963;land;12;forest
6964;land;12;forest
6965;land;12;forest
6966;land;12;forest
6967;land;12;forest
6968;land;16;glacier
6969;land;12;forest
6970;land;12;forest
6971;land;130;steppe
6972;land;130;steppe
6973;land;130;steppe
6974;land;16;glacier
6975;land;16;glacier
6976;land;16;glacier
6977;land;16;glacier
6978;land;16;glacier
6979;land;16;glacier
6980;land;16;glacier
6981;land;12;forest
6982;land;12;forest
6983;land;12;forest
6984;land;12;forest
6985;land;12;forest
6986;land;12;forest
6987;land;12;forest
6988;land;12;forest
6989;land;12;forest
6990;land;16;glacier
6991;land;16;glacier
6992;land;16;glacier
6993;land;16;glacier
6994;land;16;glacier
6995;land;16;glacier
6996;land;16;glacier
6997;land;16;glacier
6998;land;16;glacier
6999;land;16;glacier
7000;land;16;glacier
7001;land;16;glacier
7002;land;9;marsh
7003;land;12;forest
7004;land;12;forest
7005;land;12;forest
7006;land;12;forest
7007;land;12;forest
7008;land;12;forest
7009;land;12;forest
7010;land;12;forest
7011;land;12;forest
7012;land;12;forest
7013;land;12;forest
7014;land;12;forest
7015;land;12;forest
7016;land;12;forest
7017;land;12;forest
7018;land;12;forest
7019;land;12;forest
7020;land;12;forest
7021;land;12;forest
7022;land;12;forest
7023;land;12;forest
7024;land;12;forest
7025;land;12;forest
7026;land;12;forest
7027;land;12;forest
7028;land;16;glacier
7029;land;16;glacier
7030;land;16;glacier
7031;land;16;glacier
7032;land;12;forest
7033;land;16;glacier
7034;land;16;glacier
7035;land;16;glacier
7036;land;16;glacier
7037;land;16;glacier
7038;land;16;glacier
7039;land;16;glacier
7040;land;16;glacier
7041;land;16;glacier
7042;land;16;glacier
7043;land;16;glacier
7044;land;16;glacier
7045;land;16;glacier
7046;land;16;glacier
7047;land;16;glacier
7048;land;16;glacier
7049;land;16;glacier
7050;land;16;glacier
7051;land;16;glacier
7052;land;16;glacier
7053;impassable;16;glacier
7054;impassable;16;glacier
7055;impassable;16;glacier
7056;impassable;16;glacier
7057;impassable;16;glacier
7058;impassable;16;glacier
7059;impassable;16;glacier
7060;impassable;16;glacier
7061;impassable;16;glacier
7062;impassable;16;glacier
7063;impassable;16;glacier
7064;impassable;16;glacier
7065;impassable;16;glacier
7066;impassable;16;glacier
7067;impassable;16;glacier
7068;impassable;16;glacier
7069;impassable;16;glacier
7070;impassable;16;glacier
7071;impassable;16;glacier
7072;impassable;16;glacier
7073;impassable;16;glacier
7074;impassable;16;glacier
7075;impassable;16;glacier
7076;impassable;16;glacier
7077;impassable;16;glacier
7078;impassable;16;glacier
7079;impassable;16;glacier
7080;impassable;16;glacier
7081;impassable;16;glacier
7082;impassable;16;glacier
7083;impassable;16;glacier
7084;impassable;16;glacier
7085;impassable;16;glacier
7086;impassable;16;glacier
7087;impassable;16;glacier
7088;impassable;16;glacier
7089;impassable;16;glacier
7090;impassable;16;glacier
7091;impassable;16;glacier
7092;impassable;16;glacier
7093;impassable;16;glacier
7094;impassable;16;glacier
7095;impassable;16;glacier
7096;impassable;16;glacier
7097;impassable;254;jungle
7098;impassable;3;desert
7099;impassable;16;glacier
7100;impassable;16;glacier
7101;impassable;3;desert
7102;impassable;16;glacier
7103;impassable;16;glacier
7104;impassable;254;jungle
7105;impassable;3;desert
7106;impassable;16;glacier
7107;impassable;3;desert
7108;impassable;3;desert
7109;impassable;16;glacier
7110;impassable;3;desert
7111;impassable;16;glacier
7112;impassable;254;jungle
7113;impassable;16;glacier
7114;impassable;254;jungle
7115;impassable;16;glacier
7116;impassable;16;glacier
7117;impassable;254;jungle
7118;impassable;254;jungle
7119;impassable;16;glacier
7120;impassable;16;glacier
7121;impassable;3;desert
7122;impassable;3;desert
7123;impassable;254;jungle
7124;impassable;254;jungle
7125;impassable;16;glacier
7126;impassable;16;glacier
7127;impassable;254;jungle
7128;impassable;16;glacier
7129;impassable;254;jungle
7130;impassable;254;jungle
7131;impassable;16;glacier
7132;impassable;3;desert
7133;impassable;254;jungle
7134;impassable;254;jungle
7135;impassable;16;glacier
7136;impassable;254;jungle
7137;impassable;16;glacier
7138;impassable;3;desert
7139;impassable;16;glacier
7140;impassable;16;glacier
7141;impassable;254;jungle
7142;impassable;254;jungle
7143;impassable;16;glacier
7144;impassable;3;desert
7145;impassable;254;jungle
7146;impassable;16;glacier
7147;impassable;16;glacier
7148;impassable;3;desert
7149;impassable;16;glacier
7150;impassable;16;glacier
7151;impassable;16;glacier
7152;impassable;16;glacier
7153;impassable;16;glacier
7154;impassable;16;glacier
7155;impassable;16;glacier
7156;impassable;16;glacier
7157;impassable;16;glacier
7158;impassable;16;glacier
7159;impassable;16;glacier
7160;impassable;16;glacier
7161;impassable;16;glacier
7162;impassable;16;glacier
7163;impassable;16;glacier
7164;impassable;16;glacier
7165;impassable;16;glacier
7166;impassable;16;glacier
7167;impassable;16;glacier
7168;impassable;16;glacier
7169;impassable;16;glacier
7170;impassable;16;glacier
7171;impassable;16;glacier
7172;impassable;16;glacier
7173;impassable;16;glacier
7174;impassable;16;glacier
7175;impassable;16;glacier
7176;impassable;16;glacier
7177;impassable;16;glacier
7178;impassable;16;glacier
7179;impassable;16;glacier
7180;impassable;16;glacier
7181;impassable;16;glacier
7182;impassable;16;glacier
7183;impassable;16;glacier
7184;impassable;6;mountain
7185;impassable;6;mountain
7186;impassable;6;mountain
7187;impassable;16;glacier
7188;impassable;16;glacier
7189;impassable;16;glacier
7190;impassable;16;glacier
7191;impassable;16;glacier
7192;impassable;16;glacier
7193;impassable;16;glacier
7194;impassable;16;glacier
7195;impassable;16;glacier
7196;sea;15;ocean
7197;sea;15;ocean
7198;sea;15;ocean
7199;sea;15;ocean
7200;sea;15;ocean
7201;sea;15;ocean
7202;sea;15;ocean
7203;sea;15;ocean
7204;sea;15;ocean
7205;sea;15;ocean
7206;sea;15;ocean
7207;sea;15;ocean
7208;sea;15;ocean
7209;sea;15;ocean
7210;sea;15;ocean
7211;sea;15;ocean
7212;sea;15;ocean
7213;sea;15;ocean
7214;sea;15;ocean
7215;sea;15;ocean
7216;sea;15;ocean
7217;sea;15;ocean
7218;sea;15;ocean
7219;sea;15;ocean
7220;sea;15;ocean
7221;sea;15;ocean
7222;sea;15;ocean
7223;sea;15;ocean
7224;sea;15;ocean
7225;sea;15;ocean
7226;sea;15;ocean
7227;sea;15;ocean
7228;sea;15;ocean
7229;sea;15;ocean
7230;sea;15;ocean
7231;sea;15;ocean
7232;sea;15;ocean
7233;sea;15;ocean
7234;sea;15;ocean
7235;sea;15;ocean
7236;sea;15;ocean
7237;sea;15;ocean
7238;sea;15;ocean
7239;sea;15;ocean
7240;sea;15;ocean
7241;sea;15;ocean
7242;sea;15;ocean
7243;sea;15;ocean
7244;sea;15;ocean
7245;sea;15;ocean
7246;sea;15;ocean
7247;sea;15;ocean
7248;sea;15;ocean
7249;sea;15;ocean
7250;sea;15;ocean
7251;sea;15;ocean
7252;sea;15;ocean
7253;sea;15;ocean
7254;sea;15;ocean
7255;sea;15;ocean
7256;sea;15;ocean
7257;sea;15;ocean
7258;sea;15;ocean
7259;sea;15;ocean
7260;sea;15;ocean
7261;sea;15;ocean
7262;sea;15;ocean
7263;sea;15;ocean
7264;sea;15;ocean
7265;sea;15;ocean
7266;sea;15;ocean
7267;sea;15;ocean
7268;sea;15;ocean
7269;sea;15;ocean
7270;sea;15;ocean
7271;sea;15;ocean
7272;sea;15;ocean
7273;sea;15;ocean
7274;sea;15;ocean
7275;sea;15;ocean
7276;sea;15;ocean
7277;sea;15;ocean
7278;sea;15;ocean
7279;sea;15;ocean
7280;sea;15;ocean
7281;sea;15;ocean
7282;sea;15;ocean
7283;sea;15;ocean
7284;sea;15;ocean
7285;sea;15;ocean
7286;sea;15;ocean
7287;sea;15;ocean
7288;sea;15;ocean
7289;sea;15;ocean
7290;sea;15;ocean
7291;sea;15;ocean
7292;sea;15;ocean
7293;sea;15;ocean
7294;sea;15;ocean
7295;sea;15;ocean
7296;sea;15;ocean
7297;sea;15;ocean
7298;sea;15;ocean
7299;sea;15;ocean
7300;sea;15;ocean
7301;sea;15;ocean
7302;sea;15;ocean
7303;sea;15;ocean
7304;sea;15;ocean
7305;sea;15;ocean
7306;sea;15;ocean
7307;sea;15;ocean
7308;sea;15;ocean
7309;sea;15;ocean
7310;sea;15;ocean
7311;sea;15;ocean
7312;sea;15;ocean
7313;sea;15;ocean
7314;sea;15;ocean
7315;sea;15;ocean
7316;sea;15;ocean
7317;sea;15;ocean
7318;sea;15;ocean
7319;sea;15;ocean
7320;sea;15;ocean
7321;sea;17;ocean
7322;sea;15;ocean
7323;sea;15;ocean
7324;sea;15;ocean
7325;sea;15;ocean
7326;sea;17;ocean
7327;sea;17;ocean
7328;sea;15;ocean
7329;sea;15;ocean
7330;sea;15;ocean
7331;sea;15;ocean
7332;sea;15;ocean
7333;sea;15;ocean
7334;sea;15;ocean
7335;sea;15;ocean
7336;sea;15;ocean
7337;sea;15;ocean
7338;sea;15;ocean
7339;sea;15;ocean
7340;sea;15;ocean
7341;sea;15;ocean
7342;sea;15;ocean
7343;sea;15;ocean
7344;sea;15;ocean
7345;sea;15;ocean
7346;sea;15;ocean
7347;sea;15;ocean
7348;sea;15;ocean
7349;sea;15;ocean
7350;sea;15;ocean
7351;sea;15;ocean
7352;sea;15;ocean
7353;sea;15;ocean
7354;sea;15;ocean
7355;sea;15;ocean
7356;sea;15;ocean
7357;sea;15;ocean
7358;sea;15;ocean
7359;sea;15;ocean
7360;sea;15;ocean
7361;sea;15;ocean
7362;sea;15;ocean
7363;sea;15;ocean
7364;sea;15;ocean
7365;sea;15;ocean
7366;sea;15;ocean
7367;sea;15;ocean
7368;sea;15;ocean
7369;sea;15;ocean
7370;sea;15;ocean
7371;sea;15;ocean
7372;sea;15;ocean
7373;sea;15;ocean
7374;sea;15;ocean
7375;sea;15;ocean
7376;sea;15;ocean
7377;sea;15;ocean
7378;sea;15;ocean
7379;sea;15;ocean
7380;sea;15;ocean
7381;sea;15;ocean
7382;sea;15;ocean
7383;sea;15;ocean
7384;sea;15;ocean
7385;sea;15;ocean
7386;sea;15;ocean
7387;sea;15;ocean
7388;sea;15;ocean
7389;sea;15;ocean
7390;sea;15;ocean
7391;sea;15;ocean
7392;sea;15;ocean
7393;sea;15;ocean
7394;sea;15;ocean
7395;sea;15;ocean
7396;sea;15;ocean
7397;sea;15;ocean
7398;sea;15;ocean
7399;sea;15;ocean
7400;sea;15;ocean
7401;sea;15;ocean
7402;sea;15;ocean
7403;sea;15;ocean
7404;sea;15;ocean
7405;sea;15;ocean
7406;sea;15;ocean
7407;sea;15;ocean
7408;sea;15;ocean
7409;sea;15;ocean
7410;sea;15;ocean
7411;sea;15;ocean
7412;sea;15;ocean
7413;sea;15;ocean
7414;sea;15;ocean
7415;sea;15;ocean
7416;sea;15;ocean
7417;sea;15;ocean
7418;sea;15;ocean
7419;sea;15;ocean
7420;sea;15;ocean
7421;sea;15;ocean
7422;sea;15;ocean
7423;sea;15;ocean
7424;sea;15;ocean
7425;sea;15;ocean
7426;sea;15;ocean
7427;sea;15;ocean
7428;sea;15;ocean
7429;sea;15;ocean
7430;sea;15;ocean
7431;sea;15;ocean
7432;sea;15;ocean
7433;sea;15;ocean
7434;sea;15;ocean
7435;sea;15;ocean
7436;sea;15;ocean
7437;sea;15;ocean
7438;sea;17;ocean
7439;sea;17;ocean
7440;sea;17;ocean
7441;sea;15;ocean
7442;sea;15;ocean
7443;sea;15;ocean
7444;sea;15;ocean
7445;sea;15;ocean
7446;sea;15;ocean
7447;sea;15;ocean
7448;sea;15;ocean
7449;sea;15;ocean
7450;sea;17;ocean
7451;sea;17;ocean
7452;sea;17;ocean
7453;sea;17;ocean
7454;sea;15;ocean
7455;sea;17;ocean
7456;sea;17;ocean
7457;sea;17;ocean
7458;sea;17;ocean
7459;sea;17;ocean
7460;sea;15;ocean
7461;sea;15;ocean
7462;sea;17;ocean
7463;sea;17;ocean
7464;sea;15;ocean
7465;sea;15;ocean
7466;sea;15;ocean
7467;sea;15;ocean
7468;sea;15;ocean
7469;sea;15;ocean
7470;sea;15;ocean
7471;sea;15;ocean
7472;sea;15;ocean
7473;sea;15;ocean
7474;sea;15;ocean
7475;sea;15;ocean
7476;sea;15;ocean
7477;sea;15;ocean
7478;sea;15;ocean
7479;sea;15;ocean
7480;sea;15;ocean
7481;sea;15;ocean
7482;sea;15;ocean
7483;sea;15;ocean
7484;sea;15;ocean
7485;sea;15;ocean
7486;sea;15;ocean
7487;sea;15;ocean
7488;sea;15;ocean
7489;sea;15;ocean
7490;sea;15;ocean
7491;sea;15;ocean
7492;sea;15;ocean
7493;sea;15;ocean
7494;sea;15;ocean
7495;sea;15;ocean
7496;sea;15;ocean
7497;sea;15;ocean
7498;sea;15;ocean
7499;sea;15;ocean
7500;sea;15;ocean
7501;sea;15;ocean
7502;sea;15;ocean
7503;sea;15;ocean
7504;sea;15;ocean
7505;sea;15;ocean
7506;sea;15;ocean
7507;sea;15;ocean
7508;sea;15;ocean
7509;sea;15;ocean
7510;sea;15;ocean
7511;sea;15;ocean
7512;sea;15;ocean
7513;sea;15;ocean
7514;sea;15;ocean
7515;sea;15;ocean
7516;sea;15;ocean
7517;sea;15;ocean
7518;sea;15;ocean
7519;sea;15;ocean
7520;sea;15;ocean
7521;sea;15;ocean
7522;sea;15;ocean
7523;sea;15;ocean
7524;sea;15;ocean
7525;sea;15;ocean
7526;sea;15;ocean
7527;sea;15;ocean
7528;sea;15;ocean
7529;sea;17;ocean
7530;sea;15;ocean
7531;sea;15;ocean
7532;sea;17;ocean
7533;sea;15;ocean
7534;sea;15;ocean
7535;sea;15;ocean
7536;sea;15;ocean
7537;sea;15;ocean
7538;sea;15;ocean
7539;sea;15;ocean
7540;sea;15;ocean
7541;sea;15;ocean
7542;sea;15;ocean
7543;sea;15;ocean
7544;sea;15;ocean
7545;sea;15;ocean
7546;sea;15;ocean
7547;sea;15;ocean
7548;sea;15;ocean
7549;sea;15;ocean
7550;sea;15;ocean
7551;sea;15;ocean
7552;sea;15;ocean
7553;sea;15;ocean
7554;sea;15;ocean
7555;sea;15;ocean
7556;sea;15;ocean
7557;sea;15;ocean
7558;sea;15;ocean
7559;sea;15;ocean
7560;sea;15;ocean
7561;sea;15;ocean
7562;sea;15;ocean
7563;sea;15;ocean
7564;sea;15;ocean
7565;sea;15;ocean
7566;sea;15;ocean
7567;sea;15;ocean
7568;sea;15;ocean
7569;sea;15;ocean
7570;sea;15;ocean
7571;sea;15;ocean
7572;sea;15;ocean
7573;sea;15;ocean
7574;sea;15;ocean
7575;sea;15;ocean
7576;sea;15;ocean
7577;sea;15;ocean
7578;sea;15;ocean
7579;sea;15;ocean
7580;sea;15;ocean
7581;sea;15;ocean
7582;sea;15;ocean
7583;sea;15;ocean
7584;sea;15;ocean
7585;sea;15;ocean
7586;sea;15;ocean
7587;sea;15;ocean
7588;sea;15;ocean
7589;sea;15;ocean
7590;sea;15;ocean
7591;sea;15;ocean
7592;sea;15;ocean
7593;sea;15;ocean
7594;sea;15;ocean
7595;sea;15;ocean
7596;sea;15;ocean
7597;sea;15;ocean
7598;sea;15;ocean
7599;sea;15;ocean
7600;sea;15;ocean
7601;sea;15;ocean
7602;sea;15;ocean
7603;sea;15;ocean
7604;sea;15;ocean
7605;sea;15;ocean
7606;sea;15;ocean
7607;sea;15;ocean
7608;sea;15;ocean
7609;sea;15;ocean
7610;sea;15;ocean
7611;sea;15;ocean
7612;sea;15;ocean
7613;sea;15;ocean
7614;sea;15;ocean
7615;sea;15;ocean
7616;sea;17;ocean
7617;sea;15;ocean
7618;sea;17;ocean
7619;sea;15;ocean
7620;sea;15;ocean
7621;sea;15;ocean
7622;sea;15;ocean
7623;sea;17;ocean
7624;sea;17;ocean
7625;sea;17;ocean
7626;sea;17;ocean
7627;sea;17;ocean
7628;sea;17;ocean
7629;sea;17;ocean
7630;sea;17;ocean
7631;sea;17;ocean
7632;sea;17;ocean
7633;sea;17;ocean
7634;sea;17;ocean
7635;sea;15;ocean
7636;sea;15;ocean
7637;sea;17;ocean
7638;sea;17;ocean
7639;sea;17;ocean
7640;sea;17;ocean
7641;sea;17;ocean
7642;sea;17;ocean
7643;sea;17;ocean
7644;sea;17;ocean
7645;sea;15;ocean
7646;sea;15;ocean
7647;sea;15;ocean
7648;sea;15;ocean
7649;sea;15;ocean
7650;sea;15;ocean
7651;sea;15;ocean
7652;sea;17;ocean
7653;sea;15;ocean
7654;sea;15;ocean
7655;sea;15;ocean
7656;sea;15;ocean
7657;sea;15;ocean
7658;sea;15;ocean
7659;sea;15;ocean
7660;sea;15;ocean
7661;sea;15;ocean
7662;sea;15;ocean
7663;sea;15;ocean
7664;sea;15;ocean
7665;sea;15;ocean
7666;sea;15;ocean
7667;sea;15;ocean
7668;sea;15;ocean
7669;sea;17;ocean
7670;sea;15;ocean
7671;sea;15;ocean
7672;sea;15;ocean
7673;sea;15;ocean
7674;sea;15;ocean
7675;sea;15;ocean
7676;sea;15;ocean
7677;sea;15;ocean
7678;sea;15;ocean
7679;sea;15;ocean
7680;sea;15;ocean
7681;sea;15;ocean
7682;sea;17;ocean
7683;sea;15;ocean
7684;sea;17;ocean
7685;sea;15;ocean
7686;sea;15;ocean
7687;sea;15;ocean
7688;sea;15;ocean
7689;sea;15;ocean
7690;sea;15;ocean
7691;sea;15;ocean
7692;sea;15;ocean
7693;sea;15;ocean
7694;sea;15;ocean
7695;sea;15;ocean
7696;sea;15;ocean
7697;sea;15;ocean
7698;sea;15;ocean
7699;sea;15;ocean
7700;sea;15;ocean
7701;sea;15;ocean
7702;sea;15;ocean
7703;sea;15;ocean
7704;sea;15;ocean
7705;sea;15;ocean
7706;sea;15;ocean
7707;sea;15;ocean
7708;sea;15;ocean
7709;sea;15;ocean
7710;sea;15;ocean
7711;sea;15;ocean
7712;sea;15;ocean
7713;sea;15;ocean
7714;sea;15;ocean
7715;sea;15;ocean
7716;sea;15;ocean
7717;sea;15;ocean
7718;sea;15;ocean
7719;sea;15;ocean
7720;sea;15;ocean
7721;sea;15;ocean
7722;sea;15;ocean
7723;sea;15;ocean
7724;sea;15;ocean
7725;sea;15;ocean
7726;sea;15;ocean
7727;sea;15;ocean
7728;sea;15;ocean
7729;sea;15;ocean
7730;sea;15;ocean
7731;sea;15;ocean
7732;sea;15;ocean
7733;sea;15;ocean
7734;sea;15;ocean
7735;sea;15;ocean
7736;sea;15;ocean
7737;sea;15;ocean
7738;sea;15;ocean
7739;sea;15;ocean
7740;sea;17;ocean
7741;sea;17;ocean
7742;sea;17;ocean
7743;sea;17;ocean
7744;sea;17;ocean
7745;sea;17;ocean
7746;lake;17;inland_ocean
7747;lake;17;inland_ocean
7748;lake;17;inland_ocean
7749;lake;17;inland_ocean
7750;lake;17;inland_ocean
7751;lake;17;inland_ocean
7752;lake;17;inland_ocean
7753;lake;17;inland_ocean
7754;lake;17;inland_ocean
7755;lake;17;inland_ocean
7756;lake;17;inland_ocean
7757;lake;17;inland_ocean
7758;lake;17;inland_ocean
7759;lake;17;inland_ocean
7760;lake;17;inland_ocean
7761;lake;17;inland_ocean
7762;lake;17;inland_ocean
7763;lake;17;inland_ocean
7764;lake;17;inland_ocean
7765;lake;17;inland_ocean
7766;lake;17;inland_ocean
7767;lake;17;inland_ocean
7768;lake;17;inland_ocean
7769;lake;17;inland_ocean
7770;lake;17;inland_ocean
7771;lake;17;inland_ocean
7772;lake;17;inland_ocean
7773;lake;17;inland_ocean
7774;lake;17;inland_ocean
7775;lake;17;inland_ocean
7776;lake;17;inland_ocean
7777;lake;17;inland_ocean
7778;lake;17;inland_ocean
7779;lake;17;inland_ocean
7780;lake;17;inland_ocean
7781;lake;17;inland_ocean
7782;lake;17;inland_ocean
7783;lake;17;inland_ocean
7784;lake;17;inland_ocean
7785;lake;17;inland_ocean
7786;lake;17;inland_ocean
7787;lake;17;inland_ocean
7788;lake;17;inland_ocean
7789;lake;17;inland_ocean
7790;lake;17;inland_ocean
7791;lake;17;inland_ocean
7792;lake;17;inland_ocean
7793;lake;17;inland_ocean
7794;lake;17;inland_ocean
7795;lake;17;inland_ocean
7796;lake;17;inland_ocean
7797;lake;17;inland_ocean
7798;lake;17;inland_ocean
7799;lake;17;inland_ocean
7800;lake;17;inland_ocean
7801;lake;17;inland_ocean
7802;lake;17;inland_ocean
7803;lake;17;inland_ocean
7804;lake;17;inland_ocean
7805;lake;17;inland_ocean
7806;lake;17;inland_ocean
7807;lake;17;inland_ocean
7808;lake;17;inland_ocean
7809;lake;17;inland_ocean
7810;lake;17;inland_ocean
7811;lake;17;inland_ocean
7812;lake;17;inland_ocean
7813;lake;17;inland_ocean
7814;lake;17;inland_ocean
7815;lake;17;inland_ocean
7816;lake;17;inland_ocean
7817;lake;17;inland_ocean
7818;lake;17;inland_ocean
7819;lake;17;inland_ocean
7820;lake;17;inland_ocean
7821;lake;17;inland_ocean
7822;lake;17;inland_ocean
7823;lake;17;inland_ocean
7824;lake;17;inland_ocean
7825;lake;17;inland_ocean
7826;lake;17;inland_ocean
7827;lake;17;inland_ocean
7828;lake;17;inland_ocean
7829;lake;17;inland_ocean
7830;lake;17;inland_ocean
7831;lake;17;inland_ocean
7832;lake;17;inland_ocean
7833;lake;17;inland_ocean
7834;lake;17;inland_ocean
7835;lake;17;inland_ocean
7836;lake;17;inland_ocean
7837;lake;17;inland_ocean
7838;lake;17;inland_ocean
7839;lake;17;inland_ocean
7840;lake;17;inland_ocean
7841;lake;17;inland_ocean
7842;lake;17;inland_ocean
7843;lake;17;inland_ocean
7844;lake;17;inland_ocean
7845;lake;17;inland_ocean
7846;lake;17;inland_ocean
7847;lake;17;inland_ocean
7848;lake;17;inland_ocean
7849;lake;17;inland_ocean
7850;lake;17;inland_ocean
7851;lake;17;inland_ocean
7852;lake;17;inland_ocean
7853;lake;17;inland_ocean
7854;lake;17;inland_ocean
7855;lake;17;inland_ocean
7856;lake;17;inland_ocean
7857;lake;17;inland_ocean
7858;lake;17;inland_ocean
7859;lake;17;inland_ocean
7860;lake;17;inland_ocean
7861;lake;17;inland_ocean
7862;lake;17;inland_ocean
7863;lake;17;inland_ocean
7864;lake;17;inland_ocean
7865;lake;17;inland_ocean
7866;lake;17;inland_ocean
7867;lake;17;inland_ocean
7868;lake;17;inland_ocean
7869;lake;17;inland_ocean
7870;lake;17;inland_ocean
7871;lake;17;inland_ocean
7872;lake;17;inland_ocean
7873;lake;17;inland_ocean
7874;lake;17;inland_ocean
7875;lake;17;inland_ocean
7876;impassable;16;glacier
